[0.000000] (-) TimerEvent: {}
[0.001592] (camera_perception_pkg) JobQueued: {'identifier': 'camera_perception_pkg', 'dependencies': OrderedDict()}
[0.002019] (debug_pkg) JobQueued: {'identifier': 'debug_pkg', 'dependencies': OrderedDict()}
[0.002218] (interfaces_pkg) JobQueued: {'identifier': 'interfaces_pkg', 'dependencies': OrderedDict()}
[0.002276] (localizer_server) JobQueued: {'identifier': 'localizer_server', 'dependencies': OrderedDict()}
[0.002319] (theimc_bringup) JobQueued: {'identifier': 'theimc_bringup', 'dependencies': OrderedDict()}
[0.002408] (theimc_description) JobQueued: {'identifier': 'theimc_description', 'dependencies': OrderedDict()}
[0.002554] (theimc_navigation2) JobQueued: {'identifier': 'theimc_navigation2', 'dependencies': OrderedDict()}
[0.002694] (theimc_teleop) JobQueued: {'identifier': 'theimc_teleop', 'dependencies': OrderedDict()}
[0.002826] (decision_making_pkg) JobQueued: {'identifier': 'decision_making_pkg', 'dependencies': OrderedDict([('interfaces_pkg', '/home/jeff/theimc_robot/install/interfaces_pkg')])}
[0.002970] (theimc_bt_nodes) JobQueued: {'identifier': 'theimc_bt_nodes', 'dependencies': OrderedDict([('interfaces_pkg', '/home/jeff/theimc_robot/install/interfaces_pkg'), ('theimc_navigation2', '/home/jeff/theimc_robot/install/theimc_navigation2')])}
[0.003112] (interfaces_pkg) JobStarted: {'identifier': 'interfaces_pkg'}
[0.017534] (theimc_navigation2) JobStarted: {'identifier': 'theimc_navigation2'}
[0.026517] (camera_perception_pkg) JobStarted: {'identifier': 'camera_perception_pkg'}
[0.039937] (debug_pkg) JobStarted: {'identifier': 'debug_pkg'}
[0.052229] (localizer_server) JobStarted: {'identifier': 'localizer_server'}
[0.063872] (theimc_bringup) JobStarted: {'identifier': 'theimc_bringup'}
[0.079572] (interfaces_pkg) JobProgress: {'identifier': 'interfaces_pkg', 'progress': 'cmake'}
[0.080804] (interfaces_pkg) JobProgress: {'identifier': 'interfaces_pkg', 'progress': 'build'}
[0.082049] (interfaces_pkg) Command: {'cmd': ['/usr/bin/cmake', '--build', '/home/jeff/theimc_robot/build/interfaces_pkg', '--', '-j6', '-l6'], 'cwd': '/home/jeff/theimc_robot/build/interfaces_pkg', 'env': OrderedDict([('LESSOPEN', '| /usr/bin/lesspipe %s'), ('USER', 'jeff'), ('SSH_CLIENT', '192.168.0.8 39154 22'), ('LC_TIME', 'ko_KR.UTF-8'), ('XDG_SESSION_TYPE', 'tty'), ('GIT_ASKPASS', '/home/jeff/.vscode-server/cli/servers/Stable-0958016b2af9f09bb4257e0df4a95e2f90590f9f/server/extensions/git/dist/askpass.sh'), ('SHLVL', '2'), ('LD_LIBRARY_PATH', '/home/jeff/theimc_robot/install/theimc_bt_nodes/lib:/home/jeff/theimc_robot/install/theimc_navigation2/lib:/home/jeff/theimc_robot/install/interfaces_pkg/lib:/opt/ros/humble/opt/rviz_ogre_vendor/lib:/opt/ros/humble/lib/aarch64-linux-gnu:/opt/ros/humble/lib'), ('BROWSER', '/home/jeff/.vscode-server/cli/servers/Stable-0958016b2af9f09bb4257e0df4a95e2f90590f9f/server/bin/helpers/browser.sh'), ('MOTD_SHOWN', 'pam'), ('HOME', '/home/jeff'), ('TERM_PROGRAM_VERSION', '1.120.0'), ('VSCODE_IPC_HOOK_CLI', '/run/user/1002/vscode-ipc-2cae8003-01de-433d-a510-70591381ea1a.sock'), ('ROS_PYTHON_VERSION', '3'), ('VSCODE_GIT_ASKPASS_MAIN', '/home/jeff/.vscode-server/cli/servers/Stable-0958016b2af9f09bb4257e0df4a95e2f90590f9f/server/extensions/git/dist/askpass-main.js'), ('LC_MONETARY', 'ko_KR.UTF-8'), ('VSCODE_GIT_ASKPASS_NODE', '/home/jeff/.vscode-server/cli/servers/Stable-0958016b2af9f09bb4257e0df4a95e2f90590f9f/server/node'), ('VSCODE_PYTHON_AUTOACTIVATE_GUARD', '1'), ('DBUS_SESSION_BUS_ADDRESS', 'unix:path=/run/user/1002/bus'), ('COLORTERM', 'truecolor'), ('COLCON_PREFIX_PATH', '/home/jeff/theimc_robot/install'), ('ROS_DISTRO', 'humble'), ('LOGNAME', 'jeff'), ('_', '/usr/bin/colcon'), ('ROS_VERSION', '2'), ('XDG_SESSION_CLASS', 'user'), ('TERM', 'xterm-256color'), ('XDG_SESSION_ID', '5'), ('ROS_LOCALHOST_ONLY', '0'), ('PATH', '/home/jeff/.vscode-server/data/User/globalStorage/github.copilot-chat/debugCommand:/home/jeff/.vscode-server/data/User/globalStorage/github.copilot-chat/copilotCli:/home/jeff/.vscode-server/cli/servers/Stable-0958016b2af9f09bb4257e0df4a95e2f90590f9f/server/bin/remote-cli:/opt/ros/humble/bin:/usr/local/sbin:/usr/local/bin:/usr/sbin:/usr/bin:/sbin:/bin:/usr/games:/usr/local/games:/snap/bin'), ('LC_ADDRESS', 'ko_KR.UTF-8'), ('XDG_RUNTIME_DIR', '/run/user/1002'), ('LANG', 'en_US.UTF-8'), ('LC_TELEPHONE', 'ko_KR.UTF-8'), ('LS_COLORS', 'rs=0:di=01;34:ln=01;36:mh=00:pi=40;33:so=01;35:do=01;35:bd=40;33;01:cd=40;33;01:or=40;31;01:mi=00:su=37;41:sg=30;43:ca=30;41:tw=30;42:ow=34;42:st=37;44:ex=01;32:*.tar=01;31:*.tgz=01;31:*.arc=01;31:*.arj=01;31:*.taz=01;31:*.lha=01;31:*.lz4=01;31:*.lzh=01;31:*.lzma=01;31:*.tlz=01;31:*.txz=01;31:*.tzo=01;31:*.t7z=01;31:*.zip=01;31:*.z=01;31:*.dz=01;31:*.gz=01;31:*.lrz=01;31:*.lz=01;31:*.lzo=01;31:*.xz=01;31:*.zst=01;31:*.tzst=01;31:*.bz2=01;31:*.bz=01;31:*.tbz=01;31:*.tbz2=01;31:*.tz=01;31:*.deb=01;31:*.rpm=01;31:*.jar=01;31:*.war=01;31:*.ear=01;31:*.sar=01;31:*.rar=01;31:*.alz=01;31:*.ace=01;31:*.zoo=01;31:*.cpio=01;31:*.7z=01;31:*.rz=01;31:*.cab=01;31:*.wim=01;31:*.swm=01;31:*.dwm=01;31:*.esd=01;31:*.jpg=01;35:*.jpeg=01;35:*.mjpg=01;35:*.mjpeg=01;35:*.gif=01;35:*.bmp=01;35:*.pbm=01;35:*.pgm=01;35:*.ppm=01;35:*.tga=01;35:*.xbm=01;35:*.xpm=01;35:*.tif=01;35:*.tiff=01;35:*.png=01;35:*.svg=01;35:*.svgz=01;35:*.mng=01;35:*.pcx=01;35:*.mov=01;35:*.mpg=01;35:*.mpeg=01;35:*.m2v=01;35:*.mkv=01;35:*.webm=01;35:*.webp=01;35:*.ogm=01;35:*.mp4=01;35:*.m4v=01;35:*.mp4v=01;35:*.vob=01;35:*.qt=01;35:*.nuv=01;35:*.wmv=01;35:*.asf=01;35:*.rm=01;35:*.rmvb=01;35:*.flc=01;35:*.avi=01;35:*.fli=01;35:*.flv=01;35:*.gl=01;35:*.dl=01;35:*.xcf=01;35:*.xwd=01;35:*.yuv=01;35:*.cgm=01;35:*.emf=01;35:*.ogv=01;35:*.ogx=01;35:*.aac=00;36:*.au=00;36:*.flac=00;36:*.m4a=00;36:*.mid=00;36:*.midi=00;36:*.mka=00;36:*.mp3=00;36:*.mpc=00;36:*.ogg=00;36:*.ra=00;36:*.wav=00;36:*.oga=00;36:*.opus=00;36:*.spx=00;36:*.xspf=00;36:'), ('VSCODE_GIT_IPC_HANDLE', '/run/user/1002/vscode-git-e19acbb9aa.sock'), ('TERM_PROGRAM', 'vscode'), ('ROS_DOMAIN_ID', '25'), ('AMENT_PREFIX_PATH', '/home/jeff/theimc_robot/install/theimc_teleop:/home/jeff/theimc_robot/install/theimc_bt_nodes:/home/jeff/theimc_robot/install/theimc_navigation2:/home/jeff/theimc_robot/install/theimc_description:/home/jeff/theimc_robot/install/theimc_bringup:/home/jeff/theimc_robot/install/sllidar_ros2:/home/jeff/theimc_robot/install/localizer_server:/home/jeff/theimc_robot/install/decision_making_pkg:/home/jeff/theimc_robot/install/interfaces_pkg:/home/jeff/theimc_robot/install/debug_pkg:/home/jeff/theimc_robot/install/camera_perception_pkg:/opt/ros/humble'), ('SHELL', '/bin/bash'), ('LC_NAME', 'ko_KR.UTF-8'), ('LESSCLOSE', '/usr/bin/lesspipe %s %s'), ('LC_MEASUREMENT', 'ko_KR.UTF-8'), ('LC_IDENTIFICATION', 'ko_KR.UTF-8'), ('VSCODE_GIT_ASKPASS_EXTRA_ARGS', ''), ('PWD', '/home/jeff/theimc_robot/build/interfaces_pkg'), ('LC_ALL', 'en_US.UTF-8'), ('SSH_CONNECTION', '192.168.0.8 39154 192.168.0.81 22'), ('XDG_DATA_DIRS', '/usr/share/gnome:/usr/local/share:/usr/share:/var/lib/snapd/desktop'), ('PYTHONPATH', '/home/jeff/theimc_robot/build/theimc_teleop:/home/jeff/theimc_robot/install/theimc_teleop/lib/python3.10/site-packages:/home/jeff/theimc_robot/build/theimc_bringup:/home/jeff/theimc_robot/install/theimc_bringup/lib/python3.10/site-packages:/home/jeff/theimc_robot/build/localizer_server:/home/jeff/theimc_robot/install/localizer_server/lib/python3.10/site-packages:/home/jeff/theimc_robot/build/decision_making_pkg:/home/jeff/theimc_robot/install/decision_making_pkg/lib/python3.10/site-packages:/home/jeff/theimc_robot/install/interfaces_pkg/local/lib/python3.10/dist-packages:/home/jeff/theimc_robot/build/debug_pkg:/home/jeff/theimc_robot/install/debug_pkg/lib/python3.10/site-packages:/home/jeff/theimc_robot/build/camera_perception_pkg:/home/jeff/theimc_robot/install/camera_perception_pkg/lib/python3.10/site-packages:/opt/ros/humble/lib/python3.10/site-packages:/opt/ros/humble/local/lib/python3.10/dist-packages'), ('LC_NUMERIC', 'ko_KR.UTF-8'), ('LC_PAPER', 'ko_KR.UTF-8'), ('COLCON', '1'), ('CMAKE_PREFIX_PATH', '/home/jeff/theimc_robot/install/theimc_bt_nodes:/home/jeff/theimc_robot/install/theimc_navigation2:/home/jeff/theimc_robot/install/theimc_description:/home/jeff/theimc_robot/install/sllidar_ros2:/home/jeff/theimc_robot/install/interfaces_pkg:/home/jeff/theimc_robot/install/theimc_teleop:/home/jeff/theimc_robot/install/theimc_bringup:/home/jeff/theimc_robot/install/localizer_server:/home/jeff/theimc_robot/install/decision_making_pkg:/home/jeff/theimc_robot/install/debug_pkg:/home/jeff/theimc_robot/install/camera_perception_pkg:/opt/ros/humble')]), 'shell': False}
[0.087668] (theimc_navigation2) JobProgress: {'identifier': 'theimc_navigation2', 'progress': 'cmake'}
[0.089279] (theimc_navigation2) JobProgress: {'identifier': 'theimc_navigation2', 'progress': 'build'}
[0.089966] (theimc_navigation2) Command: {'cmd': ['/usr/bin/cmake', '--build', '/home/jeff/theimc_robot/build/theimc_navigation2', '--', '-j6', '-l6'], 'cwd': '/home/jeff/theimc_robot/build/theimc_navigation2', 'env': OrderedDict([('LESSOPEN', '| /usr/bin/lesspipe %s'), ('USER', 'jeff'), ('SSH_CLIENT', '192.168.0.8 39154 22'), ('LC_TIME', 'ko_KR.UTF-8'), ('XDG_SESSION_TYPE', 'tty'), ('GIT_ASKPASS', '/home/jeff/.vscode-server/cli/servers/Stable-0958016b2af9f09bb4257e0df4a95e2f90590f9f/server/extensions/git/dist/askpass.sh'), ('SHLVL', '2'), ('LD_LIBRARY_PATH', '/home/jeff/theimc_robot/install/theimc_bt_nodes/lib:/home/jeff/theimc_robot/install/theimc_navigation2/lib:/home/jeff/theimc_robot/install/interfaces_pkg/lib:/opt/ros/humble/opt/rviz_ogre_vendor/lib:/opt/ros/humble/lib/aarch64-linux-gnu:/opt/ros/humble/lib'), ('BROWSER', '/home/jeff/.vscode-server/cli/servers/Stable-0958016b2af9f09bb4257e0df4a95e2f90590f9f/server/bin/helpers/browser.sh'), ('MOTD_SHOWN', 'pam'), ('HOME', '/home/jeff'), ('TERM_PROGRAM_VERSION', '1.120.0'), ('VSCODE_IPC_HOOK_CLI', '/run/user/1002/vscode-ipc-2cae8003-01de-433d-a510-70591381ea1a.sock'), ('ROS_PYTHON_VERSION', '3'), ('VSCODE_GIT_ASKPASS_MAIN', '/home/jeff/.vscode-server/cli/servers/Stable-0958016b2af9f09bb4257e0df4a95e2f90590f9f/server/extensions/git/dist/askpass-main.js'), ('LC_MONETARY', 'ko_KR.UTF-8'), ('VSCODE_GIT_ASKPASS_NODE', '/home/jeff/.vscode-server/cli/servers/Stable-0958016b2af9f09bb4257e0df4a95e2f90590f9f/server/node'), ('VSCODE_PYTHON_AUTOACTIVATE_GUARD', '1'), ('DBUS_SESSION_BUS_ADDRESS', 'unix:path=/run/user/1002/bus'), ('COLORTERM', 'truecolor'), ('COLCON_PREFIX_PATH', '/home/jeff/theimc_robot/install'), ('ROS_DISTRO', 'humble'), ('LOGNAME', 'jeff'), ('_', '/usr/bin/colcon'), ('ROS_VERSION', '2'), ('XDG_SESSION_CLASS', 'user'), ('TERM', 'xterm-256color'), ('XDG_SESSION_ID', '5'), ('ROS_LOCALHOST_ONLY', '0'), ('PATH', '/home/jeff/.vscode-server/data/User/globalStorage/github.copilot-chat/debugCommand:/home/jeff/.vscode-server/data/User/globalStorage/github.copilot-chat/copilotCli:/home/jeff/.vscode-server/cli/servers/Stable-0958016b2af9f09bb4257e0df4a95e2f90590f9f/server/bin/remote-cli:/opt/ros/humble/bin:/usr/local/sbin:/usr/local/bin:/usr/sbin:/usr/bin:/sbin:/bin:/usr/games:/usr/local/games:/snap/bin'), ('LC_ADDRESS', 'ko_KR.UTF-8'), ('XDG_RUNTIME_DIR', '/run/user/1002'), ('LANG', 'en_US.UTF-8'), ('LC_TELEPHONE', 'ko_KR.UTF-8'), ('LS_COLORS', 'rs=0:di=01;34:ln=01;36:mh=00:pi=40;33:so=01;35:do=01;35:bd=40;33;01:cd=40;33;01:or=40;31;01:mi=00:su=37;41:sg=30;43:ca=30;41:tw=30;42:ow=34;42:st=37;44:ex=01;32:*.tar=01;31:*.tgz=01;31:*.arc=01;31:*.arj=01;31:*.taz=01;31:*.lha=01;31:*.lz4=01;31:*.lzh=01;31:*.lzma=01;31:*.tlz=01;31:*.txz=01;31:*.tzo=01;31:*.t7z=01;31:*.zip=01;31:*.z=01;31:*.dz=01;31:*.gz=01;31:*.lrz=01;31:*.lz=01;31:*.lzo=01;31:*.xz=01;31:*.zst=01;31:*.tzst=01;31:*.bz2=01;31:*.bz=01;31:*.tbz=01;31:*.tbz2=01;31:*.tz=01;31:*.deb=01;31:*.rpm=01;31:*.jar=01;31:*.war=01;31:*.ear=01;31:*.sar=01;31:*.rar=01;31:*.alz=01;31:*.ace=01;31:*.zoo=01;31:*.cpio=01;31:*.7z=01;31:*.rz=01;31:*.cab=01;31:*.wim=01;31:*.swm=01;31:*.dwm=01;31:*.esd=01;31:*.jpg=01;35:*.jpeg=01;35:*.mjpg=01;35:*.mjpeg=01;35:*.gif=01;35:*.bmp=01;35:*.pbm=01;35:*.pgm=01;35:*.ppm=01;35:*.tga=01;35:*.xbm=01;35:*.xpm=01;35:*.tif=01;35:*.tiff=01;35:*.png=01;35:*.svg=01;35:*.svgz=01;35:*.mng=01;35:*.pcx=01;35:*.mov=01;35:*.mpg=01;35:*.mpeg=01;35:*.m2v=01;35:*.mkv=01;35:*.webm=01;35:*.webp=01;35:*.ogm=01;35:*.mp4=01;35:*.m4v=01;35:*.mp4v=01;35:*.vob=01;35:*.qt=01;35:*.nuv=01;35:*.wmv=01;35:*.asf=01;35:*.rm=01;35:*.rmvb=01;35:*.flc=01;35:*.avi=01;35:*.fli=01;35:*.flv=01;35:*.gl=01;35:*.dl=01;35:*.xcf=01;35:*.xwd=01;35:*.yuv=01;35:*.cgm=01;35:*.emf=01;35:*.ogv=01;35:*.ogx=01;35:*.aac=00;36:*.au=00;36:*.flac=00;36:*.m4a=00;36:*.mid=00;36:*.midi=00;36:*.mka=00;36:*.mp3=00;36:*.mpc=00;36:*.ogg=00;36:*.ra=00;36:*.wav=00;36:*.oga=00;36:*.opus=00;36:*.spx=00;36:*.xspf=00;36:'), ('VSCODE_GIT_IPC_HANDLE', '/run/user/1002/vscode-git-e19acbb9aa.sock'), ('TERM_PROGRAM', 'vscode'), ('ROS_DOMAIN_ID', '25'), ('AMENT_PREFIX_PATH', '/home/jeff/theimc_robot/install/theimc_teleop:/home/jeff/theimc_robot/install/theimc_bt_nodes:/home/jeff/theimc_robot/install/theimc_navigation2:/home/jeff/theimc_robot/install/theimc_description:/home/jeff/theimc_robot/install/theimc_bringup:/home/jeff/theimc_robot/install/sllidar_ros2:/home/jeff/theimc_robot/install/localizer_server:/home/jeff/theimc_robot/install/decision_making_pkg:/home/jeff/theimc_robot/install/interfaces_pkg:/home/jeff/theimc_robot/install/debug_pkg:/home/jeff/theimc_robot/install/camera_perception_pkg:/opt/ros/humble'), ('SHELL', '/bin/bash'), ('LC_NAME', 'ko_KR.UTF-8'), ('LESSCLOSE', '/usr/bin/lesspipe %s %s'), ('LC_MEASUREMENT', 'ko_KR.UTF-8'), ('LC_IDENTIFICATION', 'ko_KR.UTF-8'), ('VSCODE_GIT_ASKPASS_EXTRA_ARGS', ''), ('PWD', '/home/jeff/theimc_robot/build/theimc_navigation2'), ('LC_ALL', 'en_US.UTF-8'), ('SSH_CONNECTION', '192.168.0.8 39154 192.168.0.81 22'), ('XDG_DATA_DIRS', '/usr/share/gnome:/usr/local/share:/usr/share:/var/lib/snapd/desktop'), ('PYTHONPATH', '/home/jeff/theimc_robot/build/theimc_teleop:/home/jeff/theimc_robot/install/theimc_teleop/lib/python3.10/site-packages:/home/jeff/theimc_robot/build/theimc_bringup:/home/jeff/theimc_robot/install/theimc_bringup/lib/python3.10/site-packages:/home/jeff/theimc_robot/build/localizer_server:/home/jeff/theimc_robot/install/localizer_server/lib/python3.10/site-packages:/home/jeff/theimc_robot/build/decision_making_pkg:/home/jeff/theimc_robot/install/decision_making_pkg/lib/python3.10/site-packages:/home/jeff/theimc_robot/install/interfaces_pkg/local/lib/python3.10/dist-packages:/home/jeff/theimc_robot/build/debug_pkg:/home/jeff/theimc_robot/install/debug_pkg/lib/python3.10/site-packages:/home/jeff/theimc_robot/build/camera_perception_pkg:/home/jeff/theimc_robot/install/camera_perception_pkg/lib/python3.10/site-packages:/opt/ros/humble/lib/python3.10/site-packages:/opt/ros/humble/local/lib/python3.10/dist-packages'), ('LC_NUMERIC', 'ko_KR.UTF-8'), ('LC_PAPER', 'ko_KR.UTF-8'), ('COLCON', '1'), ('CMAKE_PREFIX_PATH', '/home/jeff/theimc_robot/install/theimc_bt_nodes:/home/jeff/theimc_robot/install/theimc_navigation2:/home/jeff/theimc_robot/install/theimc_description:/home/jeff/theimc_robot/install/sllidar_ros2:/home/jeff/theimc_robot/install/interfaces_pkg:/home/jeff/theimc_robot/install/theimc_teleop:/home/jeff/theimc_robot/install/theimc_bringup:/home/jeff/theimc_robot/install/localizer_server:/home/jeff/theimc_robot/install/decision_making_pkg:/home/jeff/theimc_robot/install/debug_pkg:/home/jeff/theimc_robot/install/camera_perception_pkg:/opt/ros/humble')]), 'shell': False}
[0.099302] (-) TimerEvent: {}
[0.199926] (-) TimerEvent: {}
[0.300645] (-) TimerEvent: {}
[0.401380] (-) TimerEvent: {}
[0.502076] (-) TimerEvent: {}
[0.602922] (-) TimerEvent: {}
[0.703585] (-) TimerEvent: {}
[0.804267] (-) TimerEvent: {}
[0.904949] (-) TimerEvent: {}
[1.005620] (-) TimerEvent: {}
[1.106266] (-) TimerEvent: {}
[1.206920] (-) TimerEvent: {}
[1.309917] (-) TimerEvent: {}
[1.410766] (-) TimerEvent: {}
[1.511423] (-) TimerEvent: {}
[1.612109] (-) TimerEvent: {}
[1.712770] (-) TimerEvent: {}
[1.813427] (-) TimerEvent: {}
[1.887496] (interfaces_pkg) StdoutLine: {'line': b'-- Found ament_cmake: 1.3.14 (/opt/ros/humble/share/ament_cmake/cmake)\n'}
[1.889082] (interfaces_pkg) StdoutLine: {'line': b'-- Override CMake install command with custom implementation using symlinks instead of copying resources\n'}
[1.889904] (interfaces_pkg) StdoutLine: {'line': b'-- Found rosidl_default_generators: 1.2.1 (/opt/ros/humble/share/rosidl_default_generators/cmake)\n'}
[1.890200] (interfaces_pkg) StdoutLine: {'line': b'-- Using all available rosidl_typesupport_c: rosidl_typesupport_fastrtps_c;rosidl_typesupport_introspection_c\n'}
[1.891050] (interfaces_pkg) StdoutLine: {'line': b'-- Found rosidl_adapter: 3.1.9 (/opt/ros/humble/share/rosidl_adapter/cmake)\n'}
[1.891399] (interfaces_pkg) StdoutLine: {'line': b'-- Using all available rosidl_typesupport_cpp: rosidl_typesupport_fastrtps_cpp;rosidl_typesupport_introspection_cpp\n'}
[1.891833] (interfaces_pkg) StdoutLine: {'line': b'-- Found std_msgs: 4.9.1 (/opt/ros/humble/share/std_msgs/cmake)\n'}
[1.892904] (interfaces_pkg) StdoutLine: {'line': b'-- Found geometry_msgs: 4.9.1 (/opt/ros/humble/share/geometry_msgs/cmake)\n'}
[1.893222] (interfaces_pkg) StdoutLine: {'line': b'-- Found ament_cmake_ros: 0.10.0 (/opt/ros/humble/share/ament_cmake_ros/cmake)\n'}
[1.893393] (theimc_navigation2) StdoutLine: {'line': b'-- Found ament_cmake: 1.3.14 (/opt/ros/humble/share/ament_cmake/cmake)\n'}
[1.893616] (theimc_navigation2) StdoutLine: {'line': b'-- Override CMake install command with custom implementation using symlinks instead of copying resources\n'}
[1.893777] (theimc_navigation2) StdoutLine: {'line': b'-- Found nav2_bringup: 1.1.20 (/opt/ros/humble/share/nav2_bringup/cmake)\n'}
[1.893917] (theimc_navigation2) StdoutLine: {'line': b'-- Found rclcpp: 16.0.19 (/opt/ros/humble/share/rclcpp/cmake)\n'}
[1.894053] (theimc_navigation2) StdoutLine: {'line': b'-- Found rosidl_generator_c: 3.1.9 (/opt/ros/humble/share/rosidl_generator_c/cmake)\n'}
[1.894187] (theimc_navigation2) StdoutLine: {'line': b'-- Found rosidl_adapter: 3.1.9 (/opt/ros/humble/share/rosidl_adapter/cmake)\n'}
[1.894318] (theimc_navigation2) StdoutLine: {'line': b'-- Found rosidl_generator_cpp: 3.1.9 (/opt/ros/humble/share/rosidl_generator_cpp/cmake)\n'}
[1.894475] (theimc_navigation2) StdoutLine: {'line': b'-- Using all available rosidl_typesupport_c: rosidl_typesupport_fastrtps_c;rosidl_typesupport_introspection_c\n'}
[1.894606] (theimc_navigation2) StdoutLine: {'line': b'-- Using all available rosidl_typesupport_cpp: rosidl_typesupport_fastrtps_cpp;rosidl_typesupport_introspection_cpp\n'}
[1.894735] (theimc_navigation2) StdoutLine: {'line': b'-- Found rmw_implementation_cmake: 6.1.2 (/opt/ros/humble/share/rmw_implementation_cmake/cmake)\n'}
[1.894863] (theimc_navigation2) StdoutLine: {'line': b'-- Found rmw_fastrtps_cpp: 6.2.10 (/opt/ros/humble/share/rmw_fastrtps_cpp/cmake)\n'}
[1.894990] (theimc_navigation2) StdoutLine: {'line': b"-- Using RMW implementation 'rmw_fastrtps_cpp' as default\n"}
[1.895120] (theimc_navigation2) StdoutLine: {'line': b'-- Found nav2_msgs: 1.1.20 (/opt/ros/humble/share/nav2_msgs/cmake)\n'}
[1.895246] (theimc_navigation2) StdoutLine: {'line': b'-- Found nav2_behavior_tree: 1.1.20 (/opt/ros/humble/share/nav2_behavior_tree/cmake)\n'}
[1.895373] (theimc_navigation2) StdoutLine: {'line': b'-- Found eigen3_cmake_module: 0.1.1 (/opt/ros/humble/share/eigen3_cmake_module/cmake)\n'}
[1.895500] (theimc_navigation2) StdoutLine: {'line': b'-- Ensuring Eigen3 include directory is part of orocos-kdl CMake target\n'}
[1.895628] (theimc_navigation2) StdoutLine: {'line': b'-- Found pluginlib: 5.1.4 (/opt/ros/humble/share/pluginlib/cmake)\n'}
[1.895765] (theimc_navigation2) StdoutLine: {'line': b'-- Found rviz_common: 11.2.27 (/opt/ros/humble/share/rviz_common/cmake)\n'}
[1.895892] (theimc_navigation2) StdoutLine: {'line': b"-- Setting assimp_DIR to: '/opt/ros/humble/share/rviz_assimp_vendor/cmake/../../../opt/rviz_assimp_vendor/lib/cmake/assimp-4.1'\n"}
[1.896025] (theimc_navigation2) StdoutLine: {'line': b"-- Setting OGRE_DIR to: '/opt/ros/humble/share/rviz_ogre_vendor/cmake/../../../opt/rviz_ogre_vendor/lib/OGRE/cmake'\n"}
[1.896165] (theimc_navigation2) StdoutLine: {'line': b'-- Found OGRE\n'}
[1.896321] (theimc_navigation2) StdoutLine: {'line': b'--   static     : OFF\n'}
[1.896467] (theimc_navigation2) StdoutLine: {'line': b'--   components : HLMS;MeshLodGenerator;Overlay;Paging;Property;RTShaderSystem;Terrain;Volume\n'}
[1.896636] (theimc_navigation2) StdoutLine: {'line': b'--   plugins    : Plugin_BSPSceneManager;Plugin_OctreeSceneManager;Plugin_PCZSceneManager;Plugin_ParticleFX;RenderSystem_GL;RenderSystem_GL3Plus;Codec_STBI\n'}
[1.896786] (theimc_navigation2) StdoutLine: {'line': b'--   media      : /opt/ros/humble/opt/rviz_ogre_vendor/share/OGRE/Media\n'}
[1.896938] (theimc_navigation2) StdoutLine: {'line': b'-- OGRE_LIBRARIES: OgreHLMS;OgreMeshLodGenerator;OgreOverlay;OgrePaging;OgreProperty;OgreRTShaderSystem;OgreTerrain;OgreVolume;OgreMain\n'}
[1.897081] (theimc_navigation2) StdoutLine: {'line': b'-- OGRE_LIBRARY_DIRS: /opt/ros/humble/opt/rviz_ogre_vendor/lib\n'}
[1.897222] (theimc_navigation2) StdoutLine: {'line': b'-- OGRE_PLUGINS: Plugin_BSPSceneManager;Plugin_OctreeSceneManager;Plugin_PCZSceneManager;Plugin_ParticleFX;RenderSystem_GL;RenderSystem_GL3Plus;Codec_STBI\n'}
[1.897364] (theimc_navigation2) StdoutLine: {'line': b'-- OGRE_PLUGIN_DIR: /opt/ros/humble/opt/rviz_ogre_vendor/lib/OGRE\n'}
[1.897506] (theimc_navigation2) StdoutLine: {'line': b'-- rviz_ogre_vendor::OgreOverlay for IMPORTED_LOCATION_RELEASE: /opt/ros/humble/opt/rviz_ogre_vendor/lib/libOgreOverlay.so\n'}
[1.897644] (theimc_navigation2) StdoutLine: {'line': b'-- rviz_ogre_vendor::OgreOverlay for IMPORTED_LOCATION_DEBUG: /opt/ros/humble/opt/rviz_ogre_vendor/lib/libOgreOverlay.so\n'}
[1.897784] (theimc_navigation2) StdoutLine: {'line': b'-- rviz_ogre_vendor::OgreMain for IMPORTED_LOCATION_RELEASE: /opt/ros/humble/opt/rviz_ogre_vendor/lib/libOgreMain.so\n'}
[1.897925] (theimc_navigation2) StdoutLine: {'line': b'-- rviz_ogre_vendor::OgreMain for IMPORTED_LOCATION_DEBUG: /opt/ros/humble/opt/rviz_ogre_vendor/lib/libOgreMain.so\n'}
[1.898071] (theimc_navigation2) StdoutLine: {'line': b'-- Could not find freeimage library\n'}
[1.898211] (theimc_navigation2) StdoutLine: {'line': b'-- library: /usr/lib/aarch64-linux-gnu/libcurl.so\n'}
[1.898374] (theimc_navigation2) StdoutLine: {'line': b'-- Found ament_lint_auto: 0.12.15 (/opt/ros/humble/share/ament_lint_auto/cmake)\n'}
[1.898537] (theimc_navigation2) StdoutLine: {'line': b"-- Added test 'cppcheck' to perform static code analysis on C / C++ code\n"}
[1.898688] (theimc_navigation2) StdoutLine: {'line': b'-- Configured cppcheck include dirs: $<BUILD_INTERFACE:/home/jeff/theimc_robot/src/theimc_navigation2/include>\n'}
[1.898862] (theimc_navigation2) StdoutLine: {'line': b'-- Configured cppcheck exclude dirs and/or files: \n'}
[1.899037] (theimc_navigation2) StdoutLine: {'line': b"-- Added test 'flake8' to check Python code syntax and style conventions\n"}
[1.899190] (theimc_navigation2) StdoutLine: {'line': b"-- Added test 'lint_cmake' to check CMake code style\n"}
[1.899341] (theimc_navigation2) StdoutLine: {'line': b"-- Added test 'pep257' to check Python code against some of the docstring style conventions in PEP 257\n"}
[1.899492] (theimc_navigation2) StdoutLine: {'line': b"-- Added test 'uncrustify' to check C / C++ code style\n"}
[1.899639] (theimc_navigation2) StdoutLine: {'line': b'-- Configured uncrustify additional arguments: \n'}
[1.899789] (theimc_navigation2) StdoutLine: {'line': b"-- Added test 'xmllint' to check XML markup files\n"}
[1.899938] (theimc_navigation2) StdoutLine: {'line': b'-- Configuring done\n'}
[1.913573] (-) TimerEvent: {}
[1.938003] (theimc_navigation2) StdoutLine: {'line': b'-- Generating done\n'}
[1.955225] (theimc_navigation2) StdoutLine: {'line': b'-- Build files have been written to: /home/jeff/theimc_robot/build/theimc_navigation2\n'}
[2.013734] (-) TimerEvent: {}
[2.028022] (theimc_navigation2) StdoutLine: {'line': b'\x1b[35m\x1b[1mConsolidate compiler generated dependencies of target check_button_condition_plugin\x1b[0m\n'}
[2.028711] (theimc_navigation2) StdoutLine: {'line': b'\x1b[35m\x1b[1mConsolidate compiler generated dependencies of target theimc_speed_limit_panel\x1b[0m\n'}
[2.067182] (theimc_navigation2) StdoutLine: {'line': b'[ 50%] \x1b[32mBuilding CXX object CMakeFiles/theimc_speed_limit_panel.dir/src/speed_limit_panel.cpp.o\x1b[0m\n'}
[2.067736] (theimc_navigation2) StdoutLine: {'line': b'[ 50%] \x1b[32mBuilding CXX object CMakeFiles/check_button_condition_plugin.dir/src/check_button_condition.cpp.o\x1b[0m\n'}
[2.113902] (-) TimerEvent: {}
[2.133110] (interfaces_pkg) StdoutLine: {'line': b'-- Using all available rosidl_typesupport_c: rosidl_typesupport_fastrtps_c;rosidl_typesupport_introspection_c\n'}
[2.214070] (-) TimerEvent: {}
[2.314774] (-) TimerEvent: {}
[2.415440] (-) TimerEvent: {}
[2.516127] (-) TimerEvent: {}
[2.616867] (-) TimerEvent: {}
[2.717597] (-) TimerEvent: {}
[2.818620] (-) TimerEvent: {}
[2.919313] (-) TimerEvent: {}
[3.020037] (-) TimerEvent: {}
[3.120747] (-) TimerEvent: {}
[3.221475] (-) TimerEvent: {}
[3.292683] (interfaces_pkg) StdoutLine: {'line': b'-- Using all available rosidl_typesupport_cpp: rosidl_typesupport_fastrtps_cpp;rosidl_typesupport_introspection_cpp\n'}
[3.321663] (-) TimerEvent: {}
[3.420723] (interfaces_pkg) StdoutLine: {'line': b'-- Found python_cmake_module: 0.10.0 (/opt/ros/humble/share/python_cmake_module/cmake)\n'}
[3.421816] (-) TimerEvent: {}
[3.478641] (interfaces_pkg) StdoutLine: {'line': b'-- Using PYTHON_EXECUTABLE: /usr/bin/python3\n'}
[3.479139] (interfaces_pkg) StdoutLine: {'line': b'-- Using PYTHON_INCLUDE_DIRS: /usr/include/python3.10\n'}
[3.479321] (interfaces_pkg) StdoutLine: {'line': b'-- Using PYTHON_LIBRARIES: /usr/lib/aarch64-linux-gnu/libpython3.10.so\n'}
[3.527076] (-) TimerEvent: {}
[3.627725] (-) TimerEvent: {}
[3.728435] (-) TimerEvent: {}
[3.829621] (-) TimerEvent: {}
[3.844996] (interfaces_pkg) StdoutLine: {'line': b'-- Configuring done\n'}
[3.929780] (-) TimerEvent: {}
[4.001067] (interfaces_pkg) StdoutLine: {'line': b'-- Generating done\n'}
[4.029956] (-) TimerEvent: {}
[4.037465] (interfaces_pkg) StdoutLine: {'line': b'-- Build files have been written to: /home/jeff/theimc_robot/build/interfaces_pkg\n'}
[4.130321] (-) TimerEvent: {}
[4.229898] (interfaces_pkg) StdoutLine: {'line': b'[  1%] Built target interfaces_pkg__rs\n'}
[4.230412] (-) TimerEvent: {}
[4.276092] (theimc_bringup) Command: {'cmd': ['/usr/bin/python3', '-W', 'ignore:setup.py install is deprecated', '-W', 'ignore:easy_install command is deprecated', 'setup.py', 'develop', '--editable', '--build-directory', '/home/jeff/theimc_robot/build/theimc_bringup/build', '--no-deps', 'symlink_data'], 'cwd': '/home/jeff/theimc_robot/build/theimc_bringup', 'env': {'LESSOPEN': '| /usr/bin/lesspipe %s', 'USER': 'jeff', 'SSH_CLIENT': '192.168.0.8 39154 22', 'LC_TIME': 'ko_KR.UTF-8', 'XDG_SESSION_TYPE': 'tty', 'GIT_ASKPASS': '/home/jeff/.vscode-server/cli/servers/Stable-0958016b2af9f09bb4257e0df4a95e2f90590f9f/server/extensions/git/dist/askpass.sh', 'SHLVL': '2', 'LD_LIBRARY_PATH': '/home/jeff/theimc_robot/install/theimc_bt_nodes/lib:/home/jeff/theimc_robot/install/theimc_navigation2/lib:/home/jeff/theimc_robot/install/interfaces_pkg/lib:/opt/ros/humble/opt/rviz_ogre_vendor/lib:/opt/ros/humble/lib/aarch64-linux-gnu:/opt/ros/humble/lib', 'BROWSER': '/home/jeff/.vscode-server/cli/servers/Stable-0958016b2af9f09bb4257e0df4a95e2f90590f9f/server/bin/helpers/browser.sh', 'MOTD_SHOWN': 'pam', 'HOME': '/home/jeff', 'TERM_PROGRAM_VERSION': '1.120.0', 'VSCODE_IPC_HOOK_CLI': '/run/user/1002/vscode-ipc-2cae8003-01de-433d-a510-70591381ea1a.sock', 'ROS_PYTHON_VERSION': '3', 'VSCODE_GIT_ASKPASS_MAIN': '/home/jeff/.vscode-server/cli/servers/Stable-0958016b2af9f09bb4257e0df4a95e2f90590f9f/server/extensions/git/dist/askpass-main.js', 'LC_MONETARY': 'ko_KR.UTF-8', 'VSCODE_GIT_ASKPASS_NODE': '/home/jeff/.vscode-server/cli/servers/Stable-0958016b2af9f09bb4257e0df4a95e2f90590f9f/server/node', 'VSCODE_PYTHON_AUTOACTIVATE_GUARD': '1', 'DBUS_SESSION_BUS_ADDRESS': 'unix:path=/run/user/1002/bus', 'COLORTERM': 'truecolor', 'COLCON_PREFIX_PATH': '/home/jeff/theimc_robot/install', 'ROS_DISTRO': 'humble', 'LOGNAME': 'jeff', '_': '/usr/bin/colcon', 'ROS_VERSION': '2', 'XDG_SESSION_CLASS': 'user', 'TERM': 'xterm-256color', 'XDG_SESSION_ID': '5', 'ROS_LOCALHOST_ONLY': '0', 'PATH': '/home/jeff/.vscode-server/data/User/globalStorage/github.copilot-chat/debugCommand:/home/jeff/.vscode-server/data/User/globalStorage/github.copilot-chat/copilotCli:/home/jeff/.vscode-server/cli/servers/Stable-0958016b2af9f09bb4257e0df4a95e2f90590f9f/server/bin/remote-cli:/opt/ros/humble/bin:/usr/local/sbin:/usr/local/bin:/usr/sbin:/usr/bin:/sbin:/bin:/usr/games:/usr/local/games:/snap/bin', 'LC_ADDRESS': 'ko_KR.UTF-8', 'XDG_RUNTIME_DIR': '/run/user/1002', 'LANG': 'en_US.UTF-8', 'LC_TELEPHONE': 'ko_KR.UTF-8', 'LS_COLORS': 'rs=0:di=01;34:ln=01;36:mh=00:pi=40;33:so=01;35:do=01;35:bd=40;33;01:cd=40;33;01:or=40;31;01:mi=00:su=37;41:sg=30;43:ca=30;41:tw=30;42:ow=34;42:st=37;44:ex=01;32:*.tar=01;31:*.tgz=01;31:*.arc=01;31:*.arj=01;31:*.taz=01;31:*.lha=01;31:*.lz4=01;31:*.lzh=01;31:*.lzma=01;31:*.tlz=01;31:*.txz=01;31:*.tzo=01;31:*.t7z=01;31:*.zip=01;31:*.z=01;31:*.dz=01;31:*.gz=01;31:*.lrz=01;31:*.lz=01;31:*.lzo=01;31:*.xz=01;31:*.zst=01;31:*.tzst=01;31:*.bz2=01;31:*.bz=01;31:*.tbz=01;31:*.tbz2=01;31:*.tz=01;31:*.deb=01;31:*.rpm=01;31:*.jar=01;31:*.war=01;31:*.ear=01;31:*.sar=01;31:*.rar=01;31:*.alz=01;31:*.ace=01;31:*.zoo=01;31:*.cpio=01;31:*.7z=01;31:*.rz=01;31:*.cab=01;31:*.wim=01;31:*.swm=01;31:*.dwm=01;31:*.esd=01;31:*.jpg=01;35:*.jpeg=01;35:*.mjpg=01;35:*.mjpeg=01;35:*.gif=01;35:*.bmp=01;35:*.pbm=01;35:*.pgm=01;35:*.ppm=01;35:*.tga=01;35:*.xbm=01;35:*.xpm=01;35:*.tif=01;35:*.tiff=01;35:*.png=01;35:*.svg=01;35:*.svgz=01;35:*.mng=01;35:*.pcx=01;35:*.mov=01;35:*.mpg=01;35:*.mpeg=01;35:*.m2v=01;35:*.mkv=01;35:*.webm=01;35:*.webp=01;35:*.ogm=01;35:*.mp4=01;35:*.m4v=01;35:*.mp4v=01;35:*.vob=01;35:*.qt=01;35:*.nuv=01;35:*.wmv=01;35:*.asf=01;35:*.rm=01;35:*.rmvb=01;35:*.flc=01;35:*.avi=01;35:*.fli=01;35:*.flv=01;35:*.gl=01;35:*.dl=01;35:*.xcf=01;35:*.xwd=01;35:*.yuv=01;35:*.cgm=01;35:*.emf=01;35:*.ogv=01;35:*.ogx=01;35:*.aac=00;36:*.au=00;36:*.flac=00;36:*.m4a=00;36:*.mid=00;36:*.midi=00;36:*.mka=00;36:*.mp3=00;36:*.mpc=00;36:*.ogg=00;36:*.ra=00;36:*.wav=00;36:*.oga=00;36:*.opus=00;36:*.spx=00;36:*.xspf=00;36:', 'VSCODE_GIT_IPC_HANDLE': '/run/user/1002/vscode-git-e19acbb9aa.sock', 'TERM_PROGRAM': 'vscode', 'ROS_DOMAIN_ID': '25', 'AMENT_PREFIX_PATH': '/home/jeff/theimc_robot/install/theimc_teleop:/home/jeff/theimc_robot/install/theimc_bt_nodes:/home/jeff/theimc_robot/install/theimc_navigation2:/home/jeff/theimc_robot/install/theimc_description:/home/jeff/theimc_robot/install/theimc_bringup:/home/jeff/theimc_robot/install/sllidar_ros2:/home/jeff/theimc_robot/install/localizer_server:/home/jeff/theimc_robot/install/decision_making_pkg:/home/jeff/theimc_robot/install/interfaces_pkg:/home/jeff/theimc_robot/install/debug_pkg:/home/jeff/theimc_robot/install/camera_perception_pkg:/opt/ros/humble', 'SHELL': '/bin/bash', 'LC_NAME': 'ko_KR.UTF-8', 'LESSCLOSE': '/usr/bin/lesspipe %s %s', 'LC_MEASUREMENT': 'ko_KR.UTF-8', 'LC_IDENTIFICATION': 'ko_KR.UTF-8', 'VSCODE_GIT_ASKPASS_EXTRA_ARGS': '', 'PWD': '/home/jeff/theimc_robot/build/theimc_bringup', 'LC_ALL': 'en_US.UTF-8', 'SSH_CONNECTION': '192.168.0.8 39154 192.168.0.81 22', 'XDG_DATA_DIRS': '/usr/share/gnome:/usr/local/share:/usr/share:/var/lib/snapd/desktop', 'PYTHONPATH': '/home/jeff/theimc_robot/build/theimc_bringup/prefix_override:/usr/lib/python3/dist-packages/colcon_core/task/python/colcon_distutils_commands:/home/jeff/theimc_robot/install/theimc_bringup/lib/python3.10/site-packages:/home/jeff/theimc_robot/build/theimc_teleop:/home/jeff/theimc_robot/install/theimc_teleop/lib/python3.10/site-packages:/home/jeff/theimc_robot/build/theimc_bringup:/home/jeff/theimc_robot/install/theimc_bringup/lib/python3.10/site-packages:/home/jeff/theimc_robot/build/localizer_server:/home/jeff/theimc_robot/install/localizer_server/lib/python3.10/site-packages:/home/jeff/theimc_robot/build/decision_making_pkg:/home/jeff/theimc_robot/install/decision_making_pkg/lib/python3.10/site-packages:/home/jeff/theimc_robot/install/interfaces_pkg/local/lib/python3.10/dist-packages:/home/jeff/theimc_robot/build/debug_pkg:/home/jeff/theimc_robot/install/debug_pkg/lib/python3.10/site-packages:/home/jeff/theimc_robot/build/camera_perception_pkg:/home/jeff/theimc_robot/install/camera_perception_pkg/lib/python3.10/site-packages:/opt/ros/humble/lib/python3.10/site-packages:/opt/ros/humble/local/lib/python3.10/dist-packages', 'LC_NUMERIC': 'ko_KR.UTF-8', 'LC_PAPER': 'ko_KR.UTF-8', 'COLCON': '1', 'CMAKE_PREFIX_PATH': '/home/jeff/theimc_robot/install/theimc_bt_nodes:/home/jeff/theimc_robot/install/theimc_navigation2:/home/jeff/theimc_robot/install/theimc_description:/home/jeff/theimc_robot/install/sllidar_ros2:/home/jeff/theimc_robot/install/interfaces_pkg'}, 'shell': False}
[4.296280] (interfaces_pkg) StdoutLine: {'line': b'[  1%] Built target ament_cmake_python_symlink_interfaces_pkg\n'}
[4.330607] (-) TimerEvent: {}
[4.378563] (camera_perception_pkg) Command: {'cmd': ['/usr/bin/python3', '-W', 'ignore:setup.py install is deprecated', '-W', 'ignore:easy_install command is deprecated', 'setup.py', 'develop', '--editable', '--build-directory', '/home/jeff/theimc_robot/build/camera_perception_pkg/build', '--no-deps', 'symlink_data'], 'cwd': '/home/jeff/theimc_robot/build/camera_perception_pkg', 'env': {'LESSOPEN': '| /usr/bin/lesspipe %s', 'USER': 'jeff', 'SSH_CLIENT': '192.168.0.8 39154 22', 'LC_TIME': 'ko_KR.UTF-8', 'XDG_SESSION_TYPE': 'tty', 'GIT_ASKPASS': '/home/jeff/.vscode-server/cli/servers/Stable-0958016b2af9f09bb4257e0df4a95e2f90590f9f/server/extensions/git/dist/askpass.sh', 'SHLVL': '2', 'LD_LIBRARY_PATH': '/home/jeff/theimc_robot/install/theimc_bt_nodes/lib:/home/jeff/theimc_robot/install/theimc_navigation2/lib:/home/jeff/theimc_robot/install/interfaces_pkg/lib:/opt/ros/humble/opt/rviz_ogre_vendor/lib:/opt/ros/humble/lib/aarch64-linux-gnu:/opt/ros/humble/lib', 'BROWSER': '/home/jeff/.vscode-server/cli/servers/Stable-0958016b2af9f09bb4257e0df4a95e2f90590f9f/server/bin/helpers/browser.sh', 'MOTD_SHOWN': 'pam', 'HOME': '/home/jeff', 'TERM_PROGRAM_VERSION': '1.120.0', 'VSCODE_IPC_HOOK_CLI': '/run/user/1002/vscode-ipc-2cae8003-01de-433d-a510-70591381ea1a.sock', 'ROS_PYTHON_VERSION': '3', 'VSCODE_GIT_ASKPASS_MAIN': '/home/jeff/.vscode-server/cli/servers/Stable-0958016b2af9f09bb4257e0df4a95e2f90590f9f/server/extensions/git/dist/askpass-main.js', 'LC_MONETARY': 'ko_KR.UTF-8', 'VSCODE_GIT_ASKPASS_NODE': '/home/jeff/.vscode-server/cli/servers/Stable-0958016b2af9f09bb4257e0df4a95e2f90590f9f/server/node', 'VSCODE_PYTHON_AUTOACTIVATE_GUARD': '1', 'DBUS_SESSION_BUS_ADDRESS': 'unix:path=/run/user/1002/bus', 'COLORTERM': 'truecolor', 'COLCON_PREFIX_PATH': '/home/jeff/theimc_robot/install', 'ROS_DISTRO': 'humble', 'LOGNAME': 'jeff', '_': '/usr/bin/colcon', 'ROS_VERSION': '2', 'XDG_SESSION_CLASS': 'user', 'TERM': 'xterm-256color', 'XDG_SESSION_ID': '5', 'ROS_LOCALHOST_ONLY': '0', 'PATH': '/home/jeff/.vscode-server/data/User/globalStorage/github.copilot-chat/debugCommand:/home/jeff/.vscode-server/data/User/globalStorage/github.copilot-chat/copilotCli:/home/jeff/.vscode-server/cli/servers/Stable-0958016b2af9f09bb4257e0df4a95e2f90590f9f/server/bin/remote-cli:/opt/ros/humble/bin:/usr/local/sbin:/usr/local/bin:/usr/sbin:/usr/bin:/sbin:/bin:/usr/games:/usr/local/games:/snap/bin', 'LC_ADDRESS': 'ko_KR.UTF-8', 'XDG_RUNTIME_DIR': '/run/user/1002', 'LANG': 'en_US.UTF-8', 'LC_TELEPHONE': 'ko_KR.UTF-8', 'LS_COLORS': 'rs=0:di=01;34:ln=01;36:mh=00:pi=40;33:so=01;35:do=01;35:bd=40;33;01:cd=40;33;01:or=40;31;01:mi=00:su=37;41:sg=30;43:ca=30;41:tw=30;42:ow=34;42:st=37;44:ex=01;32:*.tar=01;31:*.tgz=01;31:*.arc=01;31:*.arj=01;31:*.taz=01;31:*.lha=01;31:*.lz4=01;31:*.lzh=01;31:*.lzma=01;31:*.tlz=01;31:*.txz=01;31:*.tzo=01;31:*.t7z=01;31:*.zip=01;31:*.z=01;31:*.dz=01;31:*.gz=01;31:*.lrz=01;31:*.lz=01;31:*.lzo=01;31:*.xz=01;31:*.zst=01;31:*.tzst=01;31:*.bz2=01;31:*.bz=01;31:*.tbz=01;31:*.tbz2=01;31:*.tz=01;31:*.deb=01;31:*.rpm=01;31:*.jar=01;31:*.war=01;31:*.ear=01;31:*.sar=01;31:*.rar=01;31:*.alz=01;31:*.ace=01;31:*.zoo=01;31:*.cpio=01;31:*.7z=01;31:*.rz=01;31:*.cab=01;31:*.wim=01;31:*.swm=01;31:*.dwm=01;31:*.esd=01;31:*.jpg=01;35:*.jpeg=01;35:*.mjpg=01;35:*.mjpeg=01;35:*.gif=01;35:*.bmp=01;35:*.pbm=01;35:*.pgm=01;35:*.ppm=01;35:*.tga=01;35:*.xbm=01;35:*.xpm=01;35:*.tif=01;35:*.tiff=01;35:*.png=01;35:*.svg=01;35:*.svgz=01;35:*.mng=01;35:*.pcx=01;35:*.mov=01;35:*.mpg=01;35:*.mpeg=01;35:*.m2v=01;35:*.mkv=01;35:*.webm=01;35:*.webp=01;35:*.ogm=01;35:*.mp4=01;35:*.m4v=01;35:*.mp4v=01;35:*.vob=01;35:*.qt=01;35:*.nuv=01;35:*.wmv=01;35:*.asf=01;35:*.rm=01;35:*.rmvb=01;35:*.flc=01;35:*.avi=01;35:*.fli=01;35:*.flv=01;35:*.gl=01;35:*.dl=01;35:*.xcf=01;35:*.xwd=01;35:*.yuv=01;35:*.cgm=01;35:*.emf=01;35:*.ogv=01;35:*.ogx=01;35:*.aac=00;36:*.au=00;36:*.flac=00;36:*.m4a=00;36:*.mid=00;36:*.midi=00;36:*.mka=00;36:*.mp3=00;36:*.mpc=00;36:*.ogg=00;36:*.ra=00;36:*.wav=00;36:*.oga=00;36:*.opus=00;36:*.spx=00;36:*.xspf=00;36:', 'VSCODE_GIT_IPC_HANDLE': '/run/user/1002/vscode-git-e19acbb9aa.sock', 'TERM_PROGRAM': 'vscode', 'ROS_DOMAIN_ID': '25', 'AMENT_PREFIX_PATH': '/home/jeff/theimc_robot/install/theimc_teleop:/home/jeff/theimc_robot/install/theimc_bt_nodes:/home/jeff/theimc_robot/install/theimc_navigation2:/home/jeff/theimc_robot/install/theimc_description:/home/jeff/theimc_robot/install/theimc_bringup:/home/jeff/theimc_robot/install/sllidar_ros2:/home/jeff/theimc_robot/install/localizer_server:/home/jeff/theimc_robot/install/decision_making_pkg:/home/jeff/theimc_robot/install/interfaces_pkg:/home/jeff/theimc_robot/install/debug_pkg:/home/jeff/theimc_robot/install/camera_perception_pkg:/opt/ros/humble', 'SHELL': '/bin/bash', 'LC_NAME': 'ko_KR.UTF-8', 'LESSCLOSE': '/usr/bin/lesspipe %s %s', 'LC_MEASUREMENT': 'ko_KR.UTF-8', 'LC_IDENTIFICATION': 'ko_KR.UTF-8', 'VSCODE_GIT_ASKPASS_EXTRA_ARGS': '', 'PWD': '/home/jeff/theimc_robot/build/camera_perception_pkg', 'LC_ALL': 'en_US.UTF-8', 'SSH_CONNECTION': '192.168.0.8 39154 192.168.0.81 22', 'XDG_DATA_DIRS': '/usr/share/gnome:/usr/local/share:/usr/share:/var/lib/snapd/desktop', 'PYTHONPATH': '/home/jeff/theimc_robot/build/camera_perception_pkg/prefix_override:/usr/lib/python3/dist-packages/colcon_core/task/python/colcon_distutils_commands:/home/jeff/theimc_robot/install/camera_perception_pkg/lib/python3.10/site-packages:/home/jeff/theimc_robot/build/theimc_teleop:/home/jeff/theimc_robot/install/theimc_teleop/lib/python3.10/site-packages:/home/jeff/theimc_robot/build/theimc_bringup:/home/jeff/theimc_robot/install/theimc_bringup/lib/python3.10/site-packages:/home/jeff/theimc_robot/build/localizer_server:/home/jeff/theimc_robot/install/localizer_server/lib/python3.10/site-packages:/home/jeff/theimc_robot/build/decision_making_pkg:/home/jeff/theimc_robot/install/decision_making_pkg/lib/python3.10/site-packages:/home/jeff/theimc_robot/install/interfaces_pkg/local/lib/python3.10/dist-packages:/home/jeff/theimc_robot/build/debug_pkg:/home/jeff/theimc_robot/install/debug_pkg/lib/python3.10/site-packages:/home/jeff/theimc_robot/build/camera_perception_pkg:/home/jeff/theimc_robot/install/camera_perception_pkg/lib/python3.10/site-packages:/opt/ros/humble/lib/python3.10/site-packages:/opt/ros/humble/local/lib/python3.10/dist-packages', 'LC_NUMERIC': 'ko_KR.UTF-8', 'LC_PAPER': 'ko_KR.UTF-8', 'COLCON': '1', 'CMAKE_PREFIX_PATH': '/home/jeff/theimc_robot/install/theimc_bt_nodes:/home/jeff/theimc_robot/install/theimc_navigation2:/home/jeff/theimc_robot/install/theimc_description:/home/jeff/theimc_robot/install/sllidar_ros2:/home/jeff/theimc_robot/install/interfaces_pkg'}, 'shell': False}
[4.430794] (-) TimerEvent: {}
[4.531524] (-) TimerEvent: {}
[4.600859] (localizer_server) Command: {'cmd': ['/usr/bin/python3', '-W', 'ignore:setup.py install is deprecated', '-W', 'ignore:easy_install command is deprecated', 'setup.py', 'develop', '--editable', '--build-directory', '/home/jeff/theimc_robot/build/localizer_server/build', '--no-deps', 'symlink_data'], 'cwd': '/home/jeff/theimc_robot/build/localizer_server', 'env': {'LESSOPEN': '| /usr/bin/lesspipe %s', 'USER': 'jeff', 'SSH_CLIENT': '192.168.0.8 39154 22', 'LC_TIME': 'ko_KR.UTF-8', 'XDG_SESSION_TYPE': 'tty', 'GIT_ASKPASS': '/home/jeff/.vscode-server/cli/servers/Stable-0958016b2af9f09bb4257e0df4a95e2f90590f9f/server/extensions/git/dist/askpass.sh', 'SHLVL': '2', 'LD_LIBRARY_PATH': '/home/jeff/theimc_robot/install/theimc_bt_nodes/lib:/home/jeff/theimc_robot/install/theimc_navigation2/lib:/home/jeff/theimc_robot/install/interfaces_pkg/lib:/opt/ros/humble/opt/rviz_ogre_vendor/lib:/opt/ros/humble/lib/aarch64-linux-gnu:/opt/ros/humble/lib', 'BROWSER': '/home/jeff/.vscode-server/cli/servers/Stable-0958016b2af9f09bb4257e0df4a95e2f90590f9f/server/bin/helpers/browser.sh', 'MOTD_SHOWN': 'pam', 'HOME': '/home/jeff', 'TERM_PROGRAM_VERSION': '1.120.0', 'VSCODE_IPC_HOOK_CLI': '/run/user/1002/vscode-ipc-2cae8003-01de-433d-a510-70591381ea1a.sock', 'ROS_PYTHON_VERSION': '3', 'VSCODE_GIT_ASKPASS_MAIN': '/home/jeff/.vscode-server/cli/servers/Stable-0958016b2af9f09bb4257e0df4a95e2f90590f9f/server/extensions/git/dist/askpass-main.js', 'LC_MONETARY': 'ko_KR.UTF-8', 'VSCODE_GIT_ASKPASS_NODE': '/home/jeff/.vscode-server/cli/servers/Stable-0958016b2af9f09bb4257e0df4a95e2f90590f9f/server/node', 'VSCODE_PYTHON_AUTOACTIVATE_GUARD': '1', 'DBUS_SESSION_BUS_ADDRESS': 'unix:path=/run/user/1002/bus', 'COLORTERM': 'truecolor', 'COLCON_PREFIX_PATH': '/home/jeff/theimc_robot/install', 'ROS_DISTRO': 'humble', 'LOGNAME': 'jeff', '_': '/usr/bin/colcon', 'ROS_VERSION': '2', 'XDG_SESSION_CLASS': 'user', 'TERM': 'xterm-256color', 'XDG_SESSION_ID': '5', 'ROS_LOCALHOST_ONLY': '0', 'PATH': '/home/jeff/.vscode-server/data/User/globalStorage/github.copilot-chat/debugCommand:/home/jeff/.vscode-server/data/User/globalStorage/github.copilot-chat/copilotCli:/home/jeff/.vscode-server/cli/servers/Stable-0958016b2af9f09bb4257e0df4a95e2f90590f9f/server/bin/remote-cli:/opt/ros/humble/bin:/usr/local/sbin:/usr/local/bin:/usr/sbin:/usr/bin:/sbin:/bin:/usr/games:/usr/local/games:/snap/bin', 'LC_ADDRESS': 'ko_KR.UTF-8', 'XDG_RUNTIME_DIR': '/run/user/1002', 'LANG': 'en_US.UTF-8', 'LC_TELEPHONE': 'ko_KR.UTF-8', 'LS_COLORS': 'rs=0:di=01;34:ln=01;36:mh=00:pi=40;33:so=01;35:do=01;35:bd=40;33;01:cd=40;33;01:or=40;31;01:mi=00:su=37;41:sg=30;43:ca=30;41:tw=30;42:ow=34;42:st=37;44:ex=01;32:*.tar=01;31:*.tgz=01;31:*.arc=01;31:*.arj=01;31:*.taz=01;31:*.lha=01;31:*.lz4=01;31:*.lzh=01;31:*.lzma=01;31:*.tlz=01;31:*.txz=01;31:*.tzo=01;31:*.t7z=01;31:*.zip=01;31:*.z=01;31:*.dz=01;31:*.gz=01;31:*.lrz=01;31:*.lz=01;31:*.lzo=01;31:*.xz=01;31:*.zst=01;31:*.tzst=01;31:*.bz2=01;31:*.bz=01;31:*.tbz=01;31:*.tbz2=01;31:*.tz=01;31:*.deb=01;31:*.rpm=01;31:*.jar=01;31:*.war=01;31:*.ear=01;31:*.sar=01;31:*.rar=01;31:*.alz=01;31:*.ace=01;31:*.zoo=01;31:*.cpio=01;31:*.7z=01;31:*.rz=01;31:*.cab=01;31:*.wim=01;31:*.swm=01;31:*.dwm=01;31:*.esd=01;31:*.jpg=01;35:*.jpeg=01;35:*.mjpg=01;35:*.mjpeg=01;35:*.gif=01;35:*.bmp=01;35:*.pbm=01;35:*.pgm=01;35:*.ppm=01;35:*.tga=01;35:*.xbm=01;35:*.xpm=01;35:*.tif=01;35:*.tiff=01;35:*.png=01;35:*.svg=01;35:*.svgz=01;35:*.mng=01;35:*.pcx=01;35:*.mov=01;35:*.mpg=01;35:*.mpeg=01;35:*.m2v=01;35:*.mkv=01;35:*.webm=01;35:*.webp=01;35:*.ogm=01;35:*.mp4=01;35:*.m4v=01;35:*.mp4v=01;35:*.vob=01;35:*.qt=01;35:*.nuv=01;35:*.wmv=01;35:*.asf=01;35:*.rm=01;35:*.rmvb=01;35:*.flc=01;35:*.avi=01;35:*.fli=01;35:*.flv=01;35:*.gl=01;35:*.dl=01;35:*.xcf=01;35:*.xwd=01;35:*.yuv=01;35:*.cgm=01;35:*.emf=01;35:*.ogv=01;35:*.ogx=01;35:*.aac=00;36:*.au=00;36:*.flac=00;36:*.m4a=00;36:*.mid=00;36:*.midi=00;36:*.mka=00;36:*.mp3=00;36:*.mpc=00;36:*.ogg=00;36:*.ra=00;36:*.wav=00;36:*.oga=00;36:*.opus=00;36:*.spx=00;36:*.xspf=00;36:', 'VSCODE_GIT_IPC_HANDLE': '/run/user/1002/vscode-git-e19acbb9aa.sock', 'TERM_PROGRAM': 'vscode', 'ROS_DOMAIN_ID': '25', 'AMENT_PREFIX_PATH': '/home/jeff/theimc_robot/install/theimc_teleop:/home/jeff/theimc_robot/install/theimc_bt_nodes:/home/jeff/theimc_robot/install/theimc_navigation2:/home/jeff/theimc_robot/install/theimc_description:/home/jeff/theimc_robot/install/theimc_bringup:/home/jeff/theimc_robot/install/sllidar_ros2:/home/jeff/theimc_robot/install/localizer_server:/home/jeff/theimc_robot/install/decision_making_pkg:/home/jeff/theimc_robot/install/interfaces_pkg:/home/jeff/theimc_robot/install/debug_pkg:/home/jeff/theimc_robot/install/camera_perception_pkg:/opt/ros/humble', 'SHELL': '/bin/bash', 'LC_NAME': 'ko_KR.UTF-8', 'LESSCLOSE': '/usr/bin/lesspipe %s %s', 'LC_MEASUREMENT': 'ko_KR.UTF-8', 'LC_IDENTIFICATION': 'ko_KR.UTF-8', 'VSCODE_GIT_ASKPASS_EXTRA_ARGS': '', 'PWD': '/home/jeff/theimc_robot/build/localizer_server', 'LC_ALL': 'en_US.UTF-8', 'SSH_CONNECTION': '192.168.0.8 39154 192.168.0.81 22', 'XDG_DATA_DIRS': '/usr/share/gnome:/usr/local/share:/usr/share:/var/lib/snapd/desktop', 'PYTHONPATH': '/home/jeff/theimc_robot/build/localizer_server/prefix_override:/usr/lib/python3/dist-packages/colcon_core/task/python/colcon_distutils_commands:/home/jeff/theimc_robot/install/localizer_server/lib/python3.10/site-packages:/home/jeff/theimc_robot/build/theimc_teleop:/home/jeff/theimc_robot/install/theimc_teleop/lib/python3.10/site-packages:/home/jeff/theimc_robot/build/theimc_bringup:/home/jeff/theimc_robot/install/theimc_bringup/lib/python3.10/site-packages:/home/jeff/theimc_robot/build/localizer_server:/home/jeff/theimc_robot/install/localizer_server/lib/python3.10/site-packages:/home/jeff/theimc_robot/build/decision_making_pkg:/home/jeff/theimc_robot/install/decision_making_pkg/lib/python3.10/site-packages:/home/jeff/theimc_robot/install/interfaces_pkg/local/lib/python3.10/dist-packages:/home/jeff/theimc_robot/build/debug_pkg:/home/jeff/theimc_robot/install/debug_pkg/lib/python3.10/site-packages:/home/jeff/theimc_robot/build/camera_perception_pkg:/home/jeff/theimc_robot/install/camera_perception_pkg/lib/python3.10/site-packages:/opt/ros/humble/lib/python3.10/site-packages:/opt/ros/humble/local/lib/python3.10/dist-packages', 'LC_NUMERIC': 'ko_KR.UTF-8', 'LC_PAPER': 'ko_KR.UTF-8', 'COLCON': '1', 'CMAKE_PREFIX_PATH': '/home/jeff/theimc_robot/install/theimc_bt_nodes:/home/jeff/theimc_robot/install/theimc_navigation2:/home/jeff/theimc_robot/install/theimc_description:/home/jeff/theimc_robot/install/sllidar_ros2:/home/jeff/theimc_robot/install/interfaces_pkg'}, 'shell': False}
[4.631685] (-) TimerEvent: {}
[4.728221] (interfaces_pkg) StdoutLine: {'line': b'\x1b[35m\x1b[1mConsolidate compiler generated dependencies of target interfaces_pkg__rosidl_generator_c\x1b[0m\n'}
[4.731883] (-) TimerEvent: {}
[4.805300] (debug_pkg) Command: {'cmd': ['/usr/bin/python3', '-W', 'ignore:setup.py install is deprecated', '-W', 'ignore:easy_install command is deprecated', 'setup.py', 'develop', '--editable', '--build-directory', '/home/jeff/theimc_robot/build/debug_pkg/build', '--no-deps', 'symlink_data'], 'cwd': '/home/jeff/theimc_robot/build/debug_pkg', 'env': {'LESSOPEN': '| /usr/bin/lesspipe %s', 'USER': 'jeff', 'SSH_CLIENT': '192.168.0.8 39154 22', 'LC_TIME': 'ko_KR.UTF-8', 'XDG_SESSION_TYPE': 'tty', 'GIT_ASKPASS': '/home/jeff/.vscode-server/cli/servers/Stable-0958016b2af9f09bb4257e0df4a95e2f90590f9f/server/extensions/git/dist/askpass.sh', 'SHLVL': '2', 'LD_LIBRARY_PATH': '/home/jeff/theimc_robot/install/theimc_bt_nodes/lib:/home/jeff/theimc_robot/install/theimc_navigation2/lib:/home/jeff/theimc_robot/install/interfaces_pkg/lib:/opt/ros/humble/opt/rviz_ogre_vendor/lib:/opt/ros/humble/lib/aarch64-linux-gnu:/opt/ros/humble/lib', 'BROWSER': '/home/jeff/.vscode-server/cli/servers/Stable-0958016b2af9f09bb4257e0df4a95e2f90590f9f/server/bin/helpers/browser.sh', 'MOTD_SHOWN': 'pam', 'HOME': '/home/jeff', 'TERM_PROGRAM_VERSION': '1.120.0', 'VSCODE_IPC_HOOK_CLI': '/run/user/1002/vscode-ipc-2cae8003-01de-433d-a510-70591381ea1a.sock', 'ROS_PYTHON_VERSION': '3', 'VSCODE_GIT_ASKPASS_MAIN': '/home/jeff/.vscode-server/cli/servers/Stable-0958016b2af9f09bb4257e0df4a95e2f90590f9f/server/extensions/git/dist/askpass-main.js', 'LC_MONETARY': 'ko_KR.UTF-8', 'VSCODE_GIT_ASKPASS_NODE': '/home/jeff/.vscode-server/cli/servers/Stable-0958016b2af9f09bb4257e0df4a95e2f90590f9f/server/node', 'VSCODE_PYTHON_AUTOACTIVATE_GUARD': '1', 'DBUS_SESSION_BUS_ADDRESS': 'unix:path=/run/user/1002/bus', 'COLORTERM': 'truecolor', 'COLCON_PREFIX_PATH': '/home/jeff/theimc_robot/install', 'ROS_DISTRO': 'humble', 'LOGNAME': 'jeff', '_': '/usr/bin/colcon', 'ROS_VERSION': '2', 'XDG_SESSION_CLASS': 'user', 'TERM': 'xterm-256color', 'XDG_SESSION_ID': '5', 'ROS_LOCALHOST_ONLY': '0', 'PATH': '/home/jeff/.vscode-server/data/User/globalStorage/github.copilot-chat/debugCommand:/home/jeff/.vscode-server/data/User/globalStorage/github.copilot-chat/copilotCli:/home/jeff/.vscode-server/cli/servers/Stable-0958016b2af9f09bb4257e0df4a95e2f90590f9f/server/bin/remote-cli:/opt/ros/humble/bin:/usr/local/sbin:/usr/local/bin:/usr/sbin:/usr/bin:/sbin:/bin:/usr/games:/usr/local/games:/snap/bin', 'LC_ADDRESS': 'ko_KR.UTF-8', 'XDG_RUNTIME_DIR': '/run/user/1002', 'LANG': 'en_US.UTF-8', 'LC_TELEPHONE': 'ko_KR.UTF-8', 'LS_COLORS': 'rs=0:di=01;34:ln=01;36:mh=00:pi=40;33:so=01;35:do=01;35:bd=40;33;01:cd=40;33;01:or=40;31;01:mi=00:su=37;41:sg=30;43:ca=30;41:tw=30;42:ow=34;42:st=37;44:ex=01;32:*.tar=01;31:*.tgz=01;31:*.arc=01;31:*.arj=01;31:*.taz=01;31:*.lha=01;31:*.lz4=01;31:*.lzh=01;31:*.lzma=01;31:*.tlz=01;31:*.txz=01;31:*.tzo=01;31:*.t7z=01;31:*.zip=01;31:*.z=01;31:*.dz=01;31:*.gz=01;31:*.lrz=01;31:*.lz=01;31:*.lzo=01;31:*.xz=01;31:*.zst=01;31:*.tzst=01;31:*.bz2=01;31:*.bz=01;31:*.tbz=01;31:*.tbz2=01;31:*.tz=01;31:*.deb=01;31:*.rpm=01;31:*.jar=01;31:*.war=01;31:*.ear=01;31:*.sar=01;31:*.rar=01;31:*.alz=01;31:*.ace=01;31:*.zoo=01;31:*.cpio=01;31:*.7z=01;31:*.rz=01;31:*.cab=01;31:*.wim=01;31:*.swm=01;31:*.dwm=01;31:*.esd=01;31:*.jpg=01;35:*.jpeg=01;35:*.mjpg=01;35:*.mjpeg=01;35:*.gif=01;35:*.bmp=01;35:*.pbm=01;35:*.pgm=01;35:*.ppm=01;35:*.tga=01;35:*.xbm=01;35:*.xpm=01;35:*.tif=01;35:*.tiff=01;35:*.png=01;35:*.svg=01;35:*.svgz=01;35:*.mng=01;35:*.pcx=01;35:*.mov=01;35:*.mpg=01;35:*.mpeg=01;35:*.m2v=01;35:*.mkv=01;35:*.webm=01;35:*.webp=01;35:*.ogm=01;35:*.mp4=01;35:*.m4v=01;35:*.mp4v=01;35:*.vob=01;35:*.qt=01;35:*.nuv=01;35:*.wmv=01;35:*.asf=01;35:*.rm=01;35:*.rmvb=01;35:*.flc=01;35:*.avi=01;35:*.fli=01;35:*.flv=01;35:*.gl=01;35:*.dl=01;35:*.xcf=01;35:*.xwd=01;35:*.yuv=01;35:*.cgm=01;35:*.emf=01;35:*.ogv=01;35:*.ogx=01;35:*.aac=00;36:*.au=00;36:*.flac=00;36:*.m4a=00;36:*.mid=00;36:*.midi=00;36:*.mka=00;36:*.mp3=00;36:*.mpc=00;36:*.ogg=00;36:*.ra=00;36:*.wav=00;36:*.oga=00;36:*.opus=00;36:*.spx=00;36:*.xspf=00;36:', 'VSCODE_GIT_IPC_HANDLE': '/run/user/1002/vscode-git-e19acbb9aa.sock', 'TERM_PROGRAM': 'vscode', 'ROS_DOMAIN_ID': '25', 'AMENT_PREFIX_PATH': '/home/jeff/theimc_robot/install/theimc_teleop:/home/jeff/theimc_robot/install/theimc_bt_nodes:/home/jeff/theimc_robot/install/theimc_navigation2:/home/jeff/theimc_robot/install/theimc_description:/home/jeff/theimc_robot/install/theimc_bringup:/home/jeff/theimc_robot/install/sllidar_ros2:/home/jeff/theimc_robot/install/localizer_server:/home/jeff/theimc_robot/install/decision_making_pkg:/home/jeff/theimc_robot/install/interfaces_pkg:/home/jeff/theimc_robot/install/debug_pkg:/home/jeff/theimc_robot/install/camera_perception_pkg:/opt/ros/humble', 'SHELL': '/bin/bash', 'LC_NAME': 'ko_KR.UTF-8', 'LESSCLOSE': '/usr/bin/lesspipe %s %s', 'LC_MEASUREMENT': 'ko_KR.UTF-8', 'LC_IDENTIFICATION': 'ko_KR.UTF-8', 'VSCODE_GIT_ASKPASS_EXTRA_ARGS': '', 'PWD': '/home/jeff/theimc_robot/build/debug_pkg', 'LC_ALL': 'en_US.UTF-8', 'SSH_CONNECTION': '192.168.0.8 39154 192.168.0.81 22', 'XDG_DATA_DIRS': '/usr/share/gnome:/usr/local/share:/usr/share:/var/lib/snapd/desktop', 'PYTHONPATH': '/home/jeff/theimc_robot/build/debug_pkg/prefix_override:/usr/lib/python3/dist-packages/colcon_core/task/python/colcon_distutils_commands:/home/jeff/theimc_robot/install/debug_pkg/lib/python3.10/site-packages:/home/jeff/theimc_robot/build/theimc_teleop:/home/jeff/theimc_robot/install/theimc_teleop/lib/python3.10/site-packages:/home/jeff/theimc_robot/build/theimc_bringup:/home/jeff/theimc_robot/install/theimc_bringup/lib/python3.10/site-packages:/home/jeff/theimc_robot/build/localizer_server:/home/jeff/theimc_robot/install/localizer_server/lib/python3.10/site-packages:/home/jeff/theimc_robot/build/decision_making_pkg:/home/jeff/theimc_robot/install/decision_making_pkg/lib/python3.10/site-packages:/home/jeff/theimc_robot/install/interfaces_pkg/local/lib/python3.10/dist-packages:/home/jeff/theimc_robot/build/debug_pkg:/home/jeff/theimc_robot/install/debug_pkg/lib/python3.10/site-packages:/home/jeff/theimc_robot/build/camera_perception_pkg:/home/jeff/theimc_robot/install/camera_perception_pkg/lib/python3.10/site-packages:/opt/ros/humble/lib/python3.10/site-packages:/opt/ros/humble/local/lib/python3.10/dist-packages', 'LC_NUMERIC': 'ko_KR.UTF-8', 'LC_PAPER': 'ko_KR.UTF-8', 'COLCON': '1', 'CMAKE_PREFIX_PATH': '/home/jeff/theimc_robot/install/theimc_bt_nodes:/home/jeff/theimc_robot/install/theimc_navigation2:/home/jeff/theimc_robot/install/theimc_description:/home/jeff/theimc_robot/install/sllidar_ros2:/home/jeff/theimc_robot/install/interfaces_pkg'}, 'shell': False}
[4.832048] (-) TimerEvent: {}
[4.851749] (interfaces_pkg) StdoutLine: {'line': b'[  2%] \x1b[32mBuilding C object CMakeFiles/interfaces_pkg__rosidl_generator_c.dir/rosidl_generator_c/interfaces_pkg/msg/detail/point2_d__functions.c.o\x1b[0m\n'}
[4.876363] (interfaces_pkg) StdoutLine: {'line': b'[  2%] \x1b[32mBuilding C object CMakeFiles/interfaces_pkg__rosidl_generator_c.dir/rosidl_generator_c/interfaces_pkg/msg/detail/vector2__functions.c.o\x1b[0m\n'}
[4.932220] (-) TimerEvent: {}
[4.936533] (interfaces_pkg) StdoutLine: {'line': b'[  3%] \x1b[32mBuilding C object CMakeFiles/interfaces_pkg__rosidl_generator_c.dir/rosidl_generator_c/interfaces_pkg/msg/detail/pose2_d__functions.c.o\x1b[0m\n'}
[5.032406] (-) TimerEvent: {}
[5.116618] (interfaces_pkg) StdoutLine: {'line': b'[  4%] \x1b[32mBuilding C object CMakeFiles/interfaces_pkg__rosidl_generator_c.dir/rosidl_generator_c/interfaces_pkg/msg/detail/bounding_box2_d__functions.c.o\x1b[0m\n'}
[5.132599] (-) TimerEvent: {}
[5.148334] (interfaces_pkg) StdoutLine: {'line': b'[  4%] \x1b[32mBuilding C object CMakeFiles/interfaces_pkg__rosidl_generator_c.dir/rosidl_generator_c/interfaces_pkg/msg/detail/bounding_box3_d__functions.c.o\x1b[0m\n'}
[5.177068] (interfaces_pkg) StdoutLine: {'line': b'[  5%] \x1b[32mBuilding C object CMakeFiles/interfaces_pkg__rosidl_generator_c.dir/rosidl_generator_c/interfaces_pkg/msg/detail/mask__functions.c.o\x1b[0m\n'}
[5.232762] (-) TimerEvent: {}
[5.333481] (-) TimerEvent: {}
[5.400749] (interfaces_pkg) StdoutLine: {'line': b'[  5%] \x1b[32mBuilding C object CMakeFiles/interfaces_pkg__rosidl_generator_c.dir/rosidl_generator_c/interfaces_pkg/msg/detail/key_point2_d__functions.c.o\x1b[0m\n'}
[5.419882] (theimc_bringup) StdoutLine: {'line': b'running develop\n'}
[5.433680] (-) TimerEvent: {}
[5.448513] (interfaces_pkg) StdoutLine: {'line': b'[  6%] \x1b[32mBuilding C object CMakeFiles/interfaces_pkg__rosidl_generator_c.dir/rosidl_generator_c/interfaces_pkg/msg/detail/key_point2_d_array__functions.c.o\x1b[0m\n'}
[5.483075] (interfaces_pkg) StdoutLine: {'line': b'[  7%] \x1b[32mBuilding C object CMakeFiles/interfaces_pkg__rosidl_generator_c.dir/rosidl_generator_c/interfaces_pkg/msg/detail/key_point3_d__functions.c.o\x1b[0m\n'}
[5.533870] (-) TimerEvent: {}
[5.541276] (camera_perception_pkg) StdoutLine: {'line': b'running develop\n'}
[5.552802] (interfaces_pkg) StdoutLine: {'line': b'[  7%] \x1b[32mBuilding C object CMakeFiles/interfaces_pkg__rosidl_generator_c.dir/rosidl_generator_c/interfaces_pkg/msg/detail/key_point3_d_array__functions.c.o\x1b[0m\n'}
[5.565292] (interfaces_pkg) StdoutLine: {'line': b'[  7%] Built target interfaces_pkg__cpp\n'}
[5.634070] (-) TimerEvent: {}
[5.655401] (interfaces_pkg) StdoutLine: {'line': b'\x1b[35m\x1b[1mConsolidate compiler generated dependencies of target interfaces_pkg__rosidl_typesupport_fastrtps_cpp\x1b[0m\n'}
[5.656273] (interfaces_pkg) StdoutLine: {'line': b'running egg_info\n'}
[5.670290] (interfaces_pkg) StdoutLine: {'line': b'writing interfaces_pkg.egg-info/PKG-INFO\n'}
[5.670818] (interfaces_pkg) StdoutLine: {'line': b'writing dependency_links to interfaces_pkg.egg-info/dependency_links.txt\n'}
[5.671734] (interfaces_pkg) StdoutLine: {'line': b'writing top-level names to interfaces_pkg.egg-info/top_level.txt\n'}
[5.676802] (interfaces_pkg) StdoutLine: {'line': b"reading manifest file 'interfaces_pkg.egg-info/SOURCES.txt'\n"}
[5.681317] (interfaces_pkg) StdoutLine: {'line': b"writing manifest file 'interfaces_pkg.egg-info/SOURCES.txt'\n"}
[5.691819] (interfaces_pkg) StdoutLine: {'line': b'[  8%] \x1b[32mBuilding C object CMakeFiles/interfaces_pkg__rosidl_generator_c.dir/rosidl_generator_c/interfaces_pkg/msg/detail/detection__functions.c.o\x1b[0m\n'}
[5.692321] (interfaces_pkg) StdoutLine: {'line': b'[  7%] \x1b[32mBuilding C object CMakeFiles/interfaces_pkg__rosidl_generator_c.dir/rosidl_generator_c/interfaces_pkg/msg/detail/detection_array__functions.c.o\x1b[0m\n'}
[5.734298] (-) TimerEvent: {}
[5.786172] (interfaces_pkg) StdoutLine: {'line': b'[  9%] \x1b[32mBuilding C object CMakeFiles/interfaces_pkg__rosidl_generator_c.dir/rosidl_generator_c/interfaces_pkg/msg/detail/lane_info__functions.c.o\x1b[0m\n'}
[5.812535] (interfaces_pkg) StdoutLine: {'line': b'[  9%] \x1b[32mBuilding CXX object CMakeFiles/interfaces_pkg__rosidl_typesupport_fastrtps_cpp.dir/rosidl_typesupport_fastrtps_cpp/interfaces_pkg/msg/detail/dds_fastrtps/point2_d__type_support.cpp.o\x1b[0m\n'}
[5.830012] (interfaces_pkg) StdoutLine: {'line': b'[ 10%] \x1b[32mBuilding C object CMakeFiles/interfaces_pkg__rosidl_generator_c.dir/rosidl_generator_c/interfaces_pkg/msg/detail/rail_info__functions.c.o\x1b[0m\n'}
[5.834481] (-) TimerEvent: {}
[5.855818] (interfaces_pkg) StdoutLine: {'line': b'[ 10%] Built target ament_cmake_python_build_interfaces_pkg_egg\n'}
[5.934642] (-) TimerEvent: {}
[5.960764] (interfaces_pkg) StdoutLine: {'line': b'[ 10%] \x1b[32mBuilding C object CMakeFiles/interfaces_pkg__rosidl_generator_c.dir/rosidl_generator_c/interfaces_pkg/msg/detail/motion_command__functions.c.o\x1b[0m\n'}
[6.034813] (-) TimerEvent: {}
[6.063575] (interfaces_pkg) StdoutLine: {'line': b'[ 11%] \x1b[32mBuilding C object CMakeFiles/interfaces_pkg__rosidl_generator_c.dir/rosidl_generator_c/interfaces_pkg/msg/detail/target_point__functions.c.o\x1b[0m\n'}
[6.072598] (interfaces_pkg) StdoutLine: {'line': b'[ 11%] \x1b[32mBuilding C object CMakeFiles/interfaces_pkg__rosidl_generator_c.dir/rosidl_generator_c/interfaces_pkg/msg/detail/path_planning_result__functions.c.o\x1b[0m\n'}
[6.121574] (interfaces_pkg) StdoutLine: {'line': b'\x1b[35m\x1b[1mConsolidate compiler generated dependencies of target interfaces_pkg__rosidl_typesupport_introspection_cpp\x1b[0m\n'}
[6.134977] (-) TimerEvent: {}
[6.166024] (localizer_server) StdoutLine: {'line': b'running develop\n'}
[6.170624] (interfaces_pkg) StdoutLine: {'line': b'[ 12%] \x1b[32mBuilding C object CMakeFiles/interfaces_pkg__rosidl_generator_c.dir/rosidl_generator_c/interfaces_pkg/action/detail/rail_approach__functions.c.o\x1b[0m\n'}
[6.171058] (interfaces_pkg) StdoutLine: {'line': b'[ 13%] \x1b[32mBuilding CXX object CMakeFiles/interfaces_pkg__rosidl_typesupport_fastrtps_cpp.dir/rosidl_typesupport_fastrtps_cpp/interfaces_pkg/msg/detail/dds_fastrtps/vector2__type_support.cpp.o\x1b[0m\n'}
[6.230563] (theimc_bringup) StdoutLine: {'line': b'running egg_info\n'}
[6.238495] (-) TimerEvent: {}
[6.246466] (theimc_bringup) StdoutLine: {'line': b'writing theimc_bringup.egg-info/PKG-INFO\n'}
[6.247000] (theimc_bringup) StdoutLine: {'line': b'writing dependency_links to theimc_bringup.egg-info/dependency_links.txt\n'}
[6.247211] (theimc_bringup) StdoutLine: {'line': b'writing entry points to theimc_bringup.egg-info/entry_points.txt\n'}
[6.247381] (theimc_bringup) StdoutLine: {'line': b'writing requirements to theimc_bringup.egg-info/requires.txt\n'}
[6.247542] (theimc_bringup) StdoutLine: {'line': b'writing top-level names to theimc_bringup.egg-info/top_level.txt\n'}
[6.259334] (theimc_bringup) StdoutLine: {'line': b"reading manifest file 'theimc_bringup.egg-info/SOURCES.txt'\n"}
[6.263863] (theimc_bringup) StdoutLine: {'line': b"writing manifest file 'theimc_bringup.egg-info/SOURCES.txt'\n"}
[6.268675] (interfaces_pkg) StdoutLine: {'line': b'[ 13%] \x1b[32mBuilding CXX object CMakeFiles/interfaces_pkg__rosidl_typesupport_fastrtps_cpp.dir/rosidl_typesupport_fastrtps_cpp/interfaces_pkg/msg/detail/dds_fastrtps/pose2_d__type_support.cpp.o\x1b[0m\n'}
[6.272973] (theimc_bringup) StdoutLine: {'line': b'running build_ext\n'}
[6.275294] (theimc_bringup) StdoutLine: {'line': b'Creating /home/jeff/theimc_robot/install/theimc_bringup/lib/python3.10/site-packages/theimc-bringup.egg-link (link to .)\n'}
[6.281092] (theimc_bringup) StdoutLine: {'line': b'Installing bringup_node script to /home/jeff/theimc_robot/install/theimc_bringup/lib/theimc_bringup\n'}
[6.281862] (theimc_bringup) StdoutLine: {'line': b'Installing isaac_vslam_odom_adapter_node script to /home/jeff/theimc_robot/install/theimc_bringup/lib/theimc_bringup\n'}
[6.291613] (theimc_bringup) StdoutLine: {'line': b'Installing last_pose_manager_node script to /home/jeff/theimc_robot/install/theimc_bringup/lib/theimc_bringup\n'}
[6.292517] (theimc_bringup) StdoutLine: {'line': b'Installing robot_agent_node script to /home/jeff/theimc_robot/install/theimc_bringup/lib/theimc_bringup\n'}
[6.292818] (theimc_bringup) StdoutLine: {'line': b'Installing rtabmap_pose_validator_node script to /home/jeff/theimc_robot/install/theimc_bringup/lib/theimc_bringup\n'}
[6.293274] (theimc_bringup) StdoutLine: {'line': b'\n'}
[6.293501] (theimc_bringup) StdoutLine: {'line': b'Installed /home/jeff/theimc_robot/build/theimc_bringup\n'}
[6.293670] (theimc_bringup) StdoutLine: {'line': b'running symlink_data\n'}
[6.295452] (theimc_bringup) StdoutLine: {'line': b'creating /home/jeff/theimc_robot/install/theimc_bringup/share/theimc_bringup/config\n'}
[6.301262] (interfaces_pkg) StdoutLine: {'line': b'[ 13%] \x1b[32mBuilding CXX object CMakeFiles/interfaces_pkg__rosidl_typesupport_introspection_cpp.dir/rosidl_typesupport_introspection_cpp/interfaces_pkg/msg/detail/point2_d__type_support.cpp.o\x1b[0m\n'}
[6.338648] (-) TimerEvent: {}
[6.384782] (interfaces_pkg) StdoutLine: {'line': b'[ 14%] \x1b[32mBuilding CXX object CMakeFiles/interfaces_pkg__rosidl_typesupport_introspection_cpp.dir/rosidl_typesupport_introspection_cpp/interfaces_pkg/msg/detail/vector2__type_support.cpp.o\x1b[0m\n'}
[6.438814] (-) TimerEvent: {}
[6.446728] (camera_perception_pkg) StdoutLine: {'line': b'running egg_info\n'}
[6.459209] (camera_perception_pkg) StdoutLine: {'line': b'writing camera_perception_pkg.egg-info/PKG-INFO\n'}
[6.460417] (camera_perception_pkg) StdoutLine: {'line': b'writing dependency_links to camera_perception_pkg.egg-info/dependency_links.txt\n'}
[6.461461] (camera_perception_pkg) StdoutLine: {'line': b'writing entry points to camera_perception_pkg.egg-info/entry_points.txt\n'}
[6.462282] (camera_perception_pkg) StdoutLine: {'line': b'writing requirements to camera_perception_pkg.egg-info/requires.txt\n'}
[6.462976] (camera_perception_pkg) StdoutLine: {'line': b'writing top-level names to camera_perception_pkg.egg-info/top_level.txt\n'}
[6.468343] (camera_perception_pkg) StdoutLine: {'line': b"reading manifest file 'camera_perception_pkg.egg-info/SOURCES.txt'\n"}
[6.486453] (camera_perception_pkg) StdoutLine: {'line': b"writing manifest file 'camera_perception_pkg.egg-info/SOURCES.txt'\n"}
[6.486960] (camera_perception_pkg) StdoutLine: {'line': b'running build_ext\n'}
[6.487191] (camera_perception_pkg) StdoutLine: {'line': b'Creating /home/jeff/theimc_robot/install/camera_perception_pkg/lib/python3.10/site-packages/camera-perception-pkg.egg-link (link to .)\n'}
[6.489321] (camera_perception_pkg) StdoutLine: {'line': b'Installing aruco_detector_node script to /home/jeff/theimc_robot/install/camera_perception_pkg/lib/camera_perception_pkg\n'}
[6.495602] (camera_perception_pkg) StdoutLine: {'line': b'Installing image_publisher_node script to /home/jeff/theimc_robot/install/camera_perception_pkg/lib/camera_perception_pkg\n'}
[6.497089] (camera_perception_pkg) StdoutLine: {'line': b'Installing rail_info_extractor_node script to /home/jeff/theimc_robot/install/camera_perception_pkg/lib/camera_perception_pkg\n'}
[6.498463] (camera_perception_pkg) StdoutLine: {'line': b'Installing yolov8_node script to /home/jeff/theimc_robot/install/camera_perception_pkg/lib/camera_perception_pkg\n'}
[6.500402] (camera_perception_pkg) StdoutLine: {'line': b'\n'}
[6.501020] (camera_perception_pkg) StdoutLine: {'line': b'Installed /home/jeff/theimc_robot/build/camera_perception_pkg\n'}
[6.501884] (camera_perception_pkg) StdoutLine: {'line': b'running symlink_data\n'}
[6.538981] (-) TimerEvent: {}
[6.570812] (debug_pkg) StdoutLine: {'line': b'running develop\n'}
[6.576353] (theimc_bringup) CommandEnded: {'returncode': 0}
[6.658974] (-) TimerEvent: {}
[6.684333] (theimc_bringup) JobEnded: {'identifier': 'theimc_bringup', 'rc': 0}
[6.692301] (theimc_description) JobStarted: {'identifier': 'theimc_description'}
[6.745152] (camera_perception_pkg) CommandEnded: {'returncode': 0}
[6.762525] (-) TimerEvent: {}
[6.780701] (camera_perception_pkg) JobEnded: {'identifier': 'camera_perception_pkg', 'rc': 0}
[6.799745] (theimc_teleop) JobStarted: {'identifier': 'theimc_teleop'}
[6.852889] (theimc_description) JobProgress: {'identifier': 'theimc_description', 'progress': 'cmake'}
[6.854895] (theimc_description) JobProgress: {'identifier': 'theimc_description', 'progress': 'build'}
[6.855656] (theimc_description) Command: {'cmd': ['/usr/bin/cmake', '--build', '/home/jeff/theimc_robot/build/theimc_description', '--', '-j6', '-l6'], 'cwd': '/home/jeff/theimc_robot/build/theimc_description', 'env': OrderedDict([('LESSOPEN', '| /usr/bin/lesspipe %s'), ('USER', 'jeff'), ('SSH_CLIENT', '192.168.0.8 39154 22'), ('LC_TIME', 'ko_KR.UTF-8'), ('XDG_SESSION_TYPE', 'tty'), ('GIT_ASKPASS', '/home/jeff/.vscode-server/cli/servers/Stable-0958016b2af9f09bb4257e0df4a95e2f90590f9f/server/extensions/git/dist/askpass.sh'), ('SHLVL', '2'), ('LD_LIBRARY_PATH', '/home/jeff/theimc_robot/install/theimc_bt_nodes/lib:/home/jeff/theimc_robot/install/theimc_navigation2/lib:/home/jeff/theimc_robot/install/interfaces_pkg/lib:/opt/ros/humble/opt/rviz_ogre_vendor/lib:/opt/ros/humble/lib/aarch64-linux-gnu:/opt/ros/humble/lib'), ('BROWSER', '/home/jeff/.vscode-server/cli/servers/Stable-0958016b2af9f09bb4257e0df4a95e2f90590f9f/server/bin/helpers/browser.sh'), ('MOTD_SHOWN', 'pam'), ('HOME', '/home/jeff'), ('TERM_PROGRAM_VERSION', '1.120.0'), ('VSCODE_IPC_HOOK_CLI', '/run/user/1002/vscode-ipc-2cae8003-01de-433d-a510-70591381ea1a.sock'), ('ROS_PYTHON_VERSION', '3'), ('VSCODE_GIT_ASKPASS_MAIN', '/home/jeff/.vscode-server/cli/servers/Stable-0958016b2af9f09bb4257e0df4a95e2f90590f9f/server/extensions/git/dist/askpass-main.js'), ('LC_MONETARY', 'ko_KR.UTF-8'), ('VSCODE_GIT_ASKPASS_NODE', '/home/jeff/.vscode-server/cli/servers/Stable-0958016b2af9f09bb4257e0df4a95e2f90590f9f/server/node'), ('VSCODE_PYTHON_AUTOACTIVATE_GUARD', '1'), ('DBUS_SESSION_BUS_ADDRESS', 'unix:path=/run/user/1002/bus'), ('COLORTERM', 'truecolor'), ('COLCON_PREFIX_PATH', '/home/jeff/theimc_robot/install'), ('ROS_DISTRO', 'humble'), ('LOGNAME', 'jeff'), ('_', '/usr/bin/colcon'), ('ROS_VERSION', '2'), ('XDG_SESSION_CLASS', 'user'), ('TERM', 'xterm-256color'), ('XDG_SESSION_ID', '5'), ('ROS_LOCALHOST_ONLY', '0'), ('PATH', '/home/jeff/.vscode-server/data/User/globalStorage/github.copilot-chat/debugCommand:/home/jeff/.vscode-server/data/User/globalStorage/github.copilot-chat/copilotCli:/home/jeff/.vscode-server/cli/servers/Stable-0958016b2af9f09bb4257e0df4a95e2f90590f9f/server/bin/remote-cli:/opt/ros/humble/bin:/usr/local/sbin:/usr/local/bin:/usr/sbin:/usr/bin:/sbin:/bin:/usr/games:/usr/local/games:/snap/bin'), ('LC_ADDRESS', 'ko_KR.UTF-8'), ('XDG_RUNTIME_DIR', '/run/user/1002'), ('LANG', 'en_US.UTF-8'), ('LC_TELEPHONE', 'ko_KR.UTF-8'), ('LS_COLORS', 'rs=0:di=01;34:ln=01;36:mh=00:pi=40;33:so=01;35:do=01;35:bd=40;33;01:cd=40;33;01:or=40;31;01:mi=00:su=37;41:sg=30;43:ca=30;41:tw=30;42:ow=34;42:st=37;44:ex=01;32:*.tar=01;31:*.tgz=01;31:*.arc=01;31:*.arj=01;31:*.taz=01;31:*.lha=01;31:*.lz4=01;31:*.lzh=01;31:*.lzma=01;31:*.tlz=01;31:*.txz=01;31:*.tzo=01;31:*.t7z=01;31:*.zip=01;31:*.z=01;31:*.dz=01;31:*.gz=01;31:*.lrz=01;31:*.lz=01;31:*.lzo=01;31:*.xz=01;31:*.zst=01;31:*.tzst=01;31:*.bz2=01;31:*.bz=01;31:*.tbz=01;31:*.tbz2=01;31:*.tz=01;31:*.deb=01;31:*.rpm=01;31:*.jar=01;31:*.war=01;31:*.ear=01;31:*.sar=01;31:*.rar=01;31:*.alz=01;31:*.ace=01;31:*.zoo=01;31:*.cpio=01;31:*.7z=01;31:*.rz=01;31:*.cab=01;31:*.wim=01;31:*.swm=01;31:*.dwm=01;31:*.esd=01;31:*.jpg=01;35:*.jpeg=01;35:*.mjpg=01;35:*.mjpeg=01;35:*.gif=01;35:*.bmp=01;35:*.pbm=01;35:*.pgm=01;35:*.ppm=01;35:*.tga=01;35:*.xbm=01;35:*.xpm=01;35:*.tif=01;35:*.tiff=01;35:*.png=01;35:*.svg=01;35:*.svgz=01;35:*.mng=01;35:*.pcx=01;35:*.mov=01;35:*.mpg=01;35:*.mpeg=01;35:*.m2v=01;35:*.mkv=01;35:*.webm=01;35:*.webp=01;35:*.ogm=01;35:*.mp4=01;35:*.m4v=01;35:*.mp4v=01;35:*.vob=01;35:*.qt=01;35:*.nuv=01;35:*.wmv=01;35:*.asf=01;35:*.rm=01;35:*.rmvb=01;35:*.flc=01;35:*.avi=01;35:*.fli=01;35:*.flv=01;35:*.gl=01;35:*.dl=01;35:*.xcf=01;35:*.xwd=01;35:*.yuv=01;35:*.cgm=01;35:*.emf=01;35:*.ogv=01;35:*.ogx=01;35:*.aac=00;36:*.au=00;36:*.flac=00;36:*.m4a=00;36:*.mid=00;36:*.midi=00;36:*.mka=00;36:*.mp3=00;36:*.mpc=00;36:*.ogg=00;36:*.ra=00;36:*.wav=00;36:*.oga=00;36:*.opus=00;36:*.spx=00;36:*.xspf=00;36:'), ('VSCODE_GIT_IPC_HANDLE', '/run/user/1002/vscode-git-e19acbb9aa.sock'), ('TERM_PROGRAM', 'vscode'), ('ROS_DOMAIN_ID', '25'), ('AMENT_PREFIX_PATH', '/home/jeff/theimc_robot/install/theimc_teleop:/home/jeff/theimc_robot/install/theimc_bt_nodes:/home/jeff/theimc_robot/install/theimc_navigation2:/home/jeff/theimc_robot/install/theimc_description:/home/jeff/theimc_robot/install/theimc_bringup:/home/jeff/theimc_robot/install/sllidar_ros2:/home/jeff/theimc_robot/install/localizer_server:/home/jeff/theimc_robot/install/decision_making_pkg:/home/jeff/theimc_robot/install/interfaces_pkg:/home/jeff/theimc_robot/install/debug_pkg:/home/jeff/theimc_robot/install/camera_perception_pkg:/opt/ros/humble'), ('SHELL', '/bin/bash'), ('LC_NAME', 'ko_KR.UTF-8'), ('LESSCLOSE', '/usr/bin/lesspipe %s %s'), ('LC_MEASUREMENT', 'ko_KR.UTF-8'), ('LC_IDENTIFICATION', 'ko_KR.UTF-8'), ('VSCODE_GIT_ASKPASS_EXTRA_ARGS', ''), ('PWD', '/home/jeff/theimc_robot/build/theimc_description'), ('LC_ALL', 'en_US.UTF-8'), ('SSH_CONNECTION', '192.168.0.8 39154 192.168.0.81 22'), ('XDG_DATA_DIRS', '/usr/share/gnome:/usr/local/share:/usr/share:/var/lib/snapd/desktop'), ('PYTHONPATH', '/home/jeff/theimc_robot/build/theimc_teleop:/home/jeff/theimc_robot/install/theimc_teleop/lib/python3.10/site-packages:/home/jeff/theimc_robot/build/theimc_bringup:/home/jeff/theimc_robot/install/theimc_bringup/lib/python3.10/site-packages:/home/jeff/theimc_robot/build/localizer_server:/home/jeff/theimc_robot/install/localizer_server/lib/python3.10/site-packages:/home/jeff/theimc_robot/build/decision_making_pkg:/home/jeff/theimc_robot/install/decision_making_pkg/lib/python3.10/site-packages:/home/jeff/theimc_robot/install/interfaces_pkg/local/lib/python3.10/dist-packages:/home/jeff/theimc_robot/build/debug_pkg:/home/jeff/theimc_robot/install/debug_pkg/lib/python3.10/site-packages:/home/jeff/theimc_robot/build/camera_perception_pkg:/home/jeff/theimc_robot/install/camera_perception_pkg/lib/python3.10/site-packages:/opt/ros/humble/lib/python3.10/site-packages:/opt/ros/humble/local/lib/python3.10/dist-packages'), ('LC_NUMERIC', 'ko_KR.UTF-8'), ('LC_PAPER', 'ko_KR.UTF-8'), ('COLCON', '1'), ('CMAKE_PREFIX_PATH', '/home/jeff/theimc_robot/install/theimc_bt_nodes:/home/jeff/theimc_robot/install/theimc_navigation2:/home/jeff/theimc_robot/install/theimc_description:/home/jeff/theimc_robot/install/sllidar_ros2:/home/jeff/theimc_robot/install/interfaces_pkg:/home/jeff/theimc_robot/install/theimc_teleop:/home/jeff/theimc_robot/install/theimc_bringup:/home/jeff/theimc_robot/install/localizer_server:/home/jeff/theimc_robot/install/decision_making_pkg:/home/jeff/theimc_robot/install/debug_pkg:/home/jeff/theimc_robot/install/camera_perception_pkg:/opt/ros/humble')]), 'shell': False}
[6.873331] (-) TimerEvent: {}
[6.915283] (interfaces_pkg) StdoutLine: {'line': b'[ 15%] \x1b[32m\x1b[1mLinking C shared library libinterfaces_pkg__rosidl_generator_c.so\x1b[0m\n'}
[6.973538] (-) TimerEvent: {}
[6.996342] (theimc_description) StdoutLine: {'line': b'-- Found ament_cmake: 1.3.14 (/opt/ros/humble/share/ament_cmake/cmake)\n'}
[7.040161] (localizer_server) StdoutLine: {'line': b'running egg_info\n'}
[7.047424] (localizer_server) StdoutLine: {'line': b'writing localizer_server.egg-info/PKG-INFO\n'}
[7.048317] (localizer_server) StdoutLine: {'line': b'writing dependency_links to localizer_server.egg-info/dependency_links.txt\n'}
[7.048908] (localizer_server) StdoutLine: {'line': b'writing entry points to localizer_server.egg-info/entry_points.txt\n'}
[7.055495] (localizer_server) StdoutLine: {'line': b'writing requirements to localizer_server.egg-info/requires.txt\n'}
[7.056047] (localizer_server) StdoutLine: {'line': b'writing top-level names to localizer_server.egg-info/top_level.txt\n'}
[7.060740] (localizer_server) StdoutLine: {'line': b"reading manifest file 'localizer_server.egg-info/SOURCES.txt'\n"}
[7.068839] (localizer_server) StdoutLine: {'line': b"writing manifest file 'localizer_server.egg-info/SOURCES.txt'\n"}
[7.073249] (localizer_server) StdoutLine: {'line': b'running build_ext\n'}
[7.073728] (-) TimerEvent: {}
[7.080674] (localizer_server) StdoutLine: {'line': b'Creating /home/jeff/theimc_robot/install/localizer_server/lib/python3.10/site-packages/localizer-server.egg-link (link to .)\n'}
[7.083511] (localizer_server) StdoutLine: {'line': b'Installing global_localization script to /home/jeff/theimc_robot/install/localizer_server/lib/localizer_server\n'}
[7.084374] (localizer_server) StdoutLine: {'line': b'\n'}
[7.086564] (localizer_server) StdoutLine: {'line': b'Installed /home/jeff/theimc_robot/build/localizer_server\n'}
[7.086941] (localizer_server) StdoutLine: {'line': b'running symlink_data\n'}
[7.173920] (-) TimerEvent: {}
[7.190501] (interfaces_pkg) StdoutLine: {'line': b'[ 15%] Built target interfaces_pkg__rosidl_generator_c\n'}
[7.271980] (interfaces_pkg) StdoutLine: {'line': b'\x1b[35m\x1b[1mConsolidate compiler generated dependencies of target interfaces_pkg__rosidl_typesupport_cpp\x1b[0m\n'}
[7.274074] (-) TimerEvent: {}
[7.374797] (-) TimerEvent: {}
[7.440383] (interfaces_pkg) StdoutLine: {'line': b'[ 15%] \x1b[32mBuilding CXX object CMakeFiles/interfaces_pkg__rosidl_typesupport_cpp.dir/rosidl_typesupport_cpp/interfaces_pkg/msg/point2_d__type_support.cpp.o\x1b[0m\n'}
[7.474973] (-) TimerEvent: {}
[7.556116] (debug_pkg) StdoutLine: {'line': b'running egg_info\n'}
[7.556717] (debug_pkg) StdoutLine: {'line': b'writing debug_pkg.egg-info/PKG-INFO\n'}
[7.557217] (debug_pkg) StdoutLine: {'line': b'writing dependency_links to debug_pkg.egg-info/dependency_links.txt\n'}
[7.557680] (debug_pkg) StdoutLine: {'line': b'writing entry points to debug_pkg.egg-info/entry_points.txt\n'}
[7.558011] (debug_pkg) StdoutLine: {'line': b'writing requirements to debug_pkg.egg-info/requires.txt\n'}
[7.558304] (debug_pkg) StdoutLine: {'line': b'writing top-level names to debug_pkg.egg-info/top_level.txt\n'}
[7.571355] (debug_pkg) StdoutLine: {'line': b"reading manifest file 'debug_pkg.egg-info/SOURCES.txt'\n"}
[7.573062] (debug_pkg) StdoutLine: {'line': b"writing manifest file 'debug_pkg.egg-info/SOURCES.txt'\n"}
[7.575067] (-) TimerEvent: {}
[7.576852] (debug_pkg) StdoutLine: {'line': b'running build_ext\n'}
[7.596797] (debug_pkg) StdoutLine: {'line': b'Creating /home/jeff/theimc_robot/install/debug_pkg/lib/python3.10/site-packages/debug-pkg.egg-link (link to .)\n'}
[7.600095] (debug_pkg) StdoutLine: {'line': b'Installing check_odom_straight_node script to /home/jeff/theimc_robot/install/debug_pkg/lib/debug_pkg\n'}
[7.600707] (debug_pkg) StdoutLine: {'line': b'Installing ekf_test_cmd_sequence script to /home/jeff/theimc_robot/install/debug_pkg/lib/debug_pkg\n'}
[7.601154] (debug_pkg) StdoutLine: {'line': b'Installing yolov8_visualizer_node script to /home/jeff/theimc_robot/install/debug_pkg/lib/debug_pkg\n'}
[7.601836] (debug_pkg) StdoutLine: {'line': b'\n'}
[7.602118] (debug_pkg) StdoutLine: {'line': b'Installed /home/jeff/theimc_robot/build/debug_pkg\n'}
[7.602387] (debug_pkg) StdoutLine: {'line': b'running symlink_data\n'}
[7.675290] (-) TimerEvent: {}
[7.685056] (theimc_description) StdoutLine: {'line': b'-- Override CMake install command with custom implementation using symlinks instead of copying resources\n'}
[7.713075] (theimc_description) StdoutLine: {'line': b'-- Found urdf: 2.6.1 (/opt/ros/humble/share/urdf/cmake)\n'}
[7.775479] (-) TimerEvent: {}
[7.842631] (theimc_description) StdoutLine: {'line': b'-- Found xacro: 2.1.1 (/opt/ros/humble/share/xacro/cmake)\n'}
[7.856329] (theimc_description) StdoutLine: {'line': b'-- Found ament_lint_auto: 0.12.15 (/opt/ros/humble/share/ament_lint_auto/cmake)\n'}
[7.875758] (-) TimerEvent: {}
[7.887192] (interfaces_pkg) StdoutLine: {'line': b'[ 16%] \x1b[32mBuilding CXX object CMakeFiles/interfaces_pkg__rosidl_typesupport_fastrtps_cpp.dir/rosidl_typesupport_fastrtps_cpp/interfaces_pkg/msg/detail/dds_fastrtps/bounding_box2_d__type_support.cpp.o\x1b[0m\n'}
[7.975942] (-) TimerEvent: {}
[8.076653] (-) TimerEvent: {}
[8.102195] (interfaces_pkg) StdoutLine: {'line': b'[ 17%] \x1b[32mBuilding CXX object CMakeFiles/interfaces_pkg__rosidl_typesupport_fastrtps_cpp.dir/rosidl_typesupport_fastrtps_cpp/interfaces_pkg/msg/detail/dds_fastrtps/bounding_box3_d__type_support.cpp.o\x1b[0m\n'}
[8.175745] (theimc_description) StdoutLine: {'line': b"-- Added test 'flake8' to check Python code syntax and style conventions\n"}
[8.176748] (-) TimerEvent: {}
[8.177241] (theimc_description) StdoutLine: {'line': b"-- Added test 'lint_cmake' to check CMake code style\n"}
[8.178237] (interfaces_pkg) StdoutLine: {'line': b'[ 17%] \x1b[32mBuilding CXX object CMakeFiles/interfaces_pkg__rosidl_typesupport_introspection_cpp.dir/rosidl_typesupport_introspection_cpp/interfaces_pkg/msg/detail/pose2_d__type_support.cpp.o\x1b[0m\n'}
[8.179138] (theimc_description) StdoutLine: {'line': b"-- Added test 'pep257' to check Python code against some of the docstring style conventions in PEP 257\n"}
[8.181504] (theimc_description) StdoutLine: {'line': b"-- Added test 'xmllint' to check XML markup files\n"}
[8.186572] (theimc_description) StdoutLine: {'line': b'-- Configuring done\n'}
[8.198683] (theimc_description) StdoutLine: {'line': b'-- Generating done\n'}
[8.204037] (theimc_description) StdoutLine: {'line': b'-- Build files have been written to: /home/jeff/theimc_robot/build/theimc_description\n'}
[8.268254] (interfaces_pkg) StdoutLine: {'line': b'[ 18%] \x1b[32mBuilding CXX object CMakeFiles/interfaces_pkg__rosidl_typesupport_introspection_cpp.dir/rosidl_typesupport_introspection_cpp/interfaces_pkg/msg/detail/bounding_box2_d__type_support.cpp.o\x1b[0m\n'}
[8.276993] (-) TimerEvent: {}
[8.308882] (interfaces_pkg) StdoutLine: {'line': b'[ 18%] \x1b[32mBuilding CXX object CMakeFiles/interfaces_pkg__rosidl_typesupport_fastrtps_cpp.dir/rosidl_typesupport_fastrtps_cpp/interfaces_pkg/msg/detail/dds_fastrtps/mask__type_support.cpp.o\x1b[0m\n'}
[8.377205] (-) TimerEvent: {}
[8.400140] (debug_pkg) CommandEnded: {'returncode': 0}
[8.451452] (debug_pkg) JobEnded: {'identifier': 'debug_pkg', 'rc': 0}
[8.452574] (localizer_server) CommandEnded: {'returncode': 0}
[8.478875] (-) TimerEvent: {}
[8.506781] (localizer_server) JobEnded: {'identifier': 'localizer_server', 'rc': 0}
[8.514065] (theimc_description) CommandEnded: {'returncode': 0}
[8.516110] (theimc_description) JobProgress: {'identifier': 'theimc_description', 'progress': 'install'}
[8.565262] (theimc_description) Command: {'cmd': ['/usr/bin/cmake', '--install', '/home/jeff/theimc_robot/build/theimc_description'], 'cwd': '/home/jeff/theimc_robot/build/theimc_description', 'env': OrderedDict([('LESSOPEN', '| /usr/bin/lesspipe %s'), ('USER', 'jeff'), ('SSH_CLIENT', '192.168.0.8 39154 22'), ('LC_TIME', 'ko_KR.UTF-8'), ('XDG_SESSION_TYPE', 'tty'), ('GIT_ASKPASS', '/home/jeff/.vscode-server/cli/servers/Stable-0958016b2af9f09bb4257e0df4a95e2f90590f9f/server/extensions/git/dist/askpass.sh'), ('SHLVL', '2'), ('LD_LIBRARY_PATH', '/home/jeff/theimc_robot/install/theimc_bt_nodes/lib:/home/jeff/theimc_robot/install/theimc_navigation2/lib:/home/jeff/theimc_robot/install/interfaces_pkg/lib:/opt/ros/humble/opt/rviz_ogre_vendor/lib:/opt/ros/humble/lib/aarch64-linux-gnu:/opt/ros/humble/lib'), ('BROWSER', '/home/jeff/.vscode-server/cli/servers/Stable-0958016b2af9f09bb4257e0df4a95e2f90590f9f/server/bin/helpers/browser.sh'), ('MOTD_SHOWN', 'pam'), ('HOME', '/home/jeff'), ('TERM_PROGRAM_VERSION', '1.120.0'), ('VSCODE_IPC_HOOK_CLI', '/run/user/1002/vscode-ipc-2cae8003-01de-433d-a510-70591381ea1a.sock'), ('ROS_PYTHON_VERSION', '3'), ('VSCODE_GIT_ASKPASS_MAIN', '/home/jeff/.vscode-server/cli/servers/Stable-0958016b2af9f09bb4257e0df4a95e2f90590f9f/server/extensions/git/dist/askpass-main.js'), ('LC_MONETARY', 'ko_KR.UTF-8'), ('VSCODE_GIT_ASKPASS_NODE', '/home/jeff/.vscode-server/cli/servers/Stable-0958016b2af9f09bb4257e0df4a95e2f90590f9f/server/node'), ('VSCODE_PYTHON_AUTOACTIVATE_GUARD', '1'), ('DBUS_SESSION_BUS_ADDRESS', 'unix:path=/run/user/1002/bus'), ('COLORTERM', 'truecolor'), ('COLCON_PREFIX_PATH', '/home/jeff/theimc_robot/install'), ('ROS_DISTRO', 'humble'), ('LOGNAME', 'jeff'), ('_', '/usr/bin/colcon'), ('ROS_VERSION', '2'), ('XDG_SESSION_CLASS', 'user'), ('TERM', 'xterm-256color'), ('XDG_SESSION_ID', '5'), ('ROS_LOCALHOST_ONLY', '0'), ('PATH', '/home/jeff/.vscode-server/data/User/globalStorage/github.copilot-chat/debugCommand:/home/jeff/.vscode-server/data/User/globalStorage/github.copilot-chat/copilotCli:/home/jeff/.vscode-server/cli/servers/Stable-0958016b2af9f09bb4257e0df4a95e2f90590f9f/server/bin/remote-cli:/opt/ros/humble/bin:/usr/local/sbin:/usr/local/bin:/usr/sbin:/usr/bin:/sbin:/bin:/usr/games:/usr/local/games:/snap/bin'), ('LC_ADDRESS', 'ko_KR.UTF-8'), ('XDG_RUNTIME_DIR', '/run/user/1002'), ('LANG', 'en_US.UTF-8'), ('LC_TELEPHONE', 'ko_KR.UTF-8'), ('LS_COLORS', 'rs=0:di=01;34:ln=01;36:mh=00:pi=40;33:so=01;35:do=01;35:bd=40;33;01:cd=40;33;01:or=40;31;01:mi=00:su=37;41:sg=30;43:ca=30;41:tw=30;42:ow=34;42:st=37;44:ex=01;32:*.tar=01;31:*.tgz=01;31:*.arc=01;31:*.arj=01;31:*.taz=01;31:*.lha=01;31:*.lz4=01;31:*.lzh=01;31:*.lzma=01;31:*.tlz=01;31:*.txz=01;31:*.tzo=01;31:*.t7z=01;31:*.zip=01;31:*.z=01;31:*.dz=01;31:*.gz=01;31:*.lrz=01;31:*.lz=01;31:*.lzo=01;31:*.xz=01;31:*.zst=01;31:*.tzst=01;31:*.bz2=01;31:*.bz=01;31:*.tbz=01;31:*.tbz2=01;31:*.tz=01;31:*.deb=01;31:*.rpm=01;31:*.jar=01;31:*.war=01;31:*.ear=01;31:*.sar=01;31:*.rar=01;31:*.alz=01;31:*.ace=01;31:*.zoo=01;31:*.cpio=01;31:*.7z=01;31:*.rz=01;31:*.cab=01;31:*.wim=01;31:*.swm=01;31:*.dwm=01;31:*.esd=01;31:*.jpg=01;35:*.jpeg=01;35:*.mjpg=01;35:*.mjpeg=01;35:*.gif=01;35:*.bmp=01;35:*.pbm=01;35:*.pgm=01;35:*.ppm=01;35:*.tga=01;35:*.xbm=01;35:*.xpm=01;35:*.tif=01;35:*.tiff=01;35:*.png=01;35:*.svg=01;35:*.svgz=01;35:*.mng=01;35:*.pcx=01;35:*.mov=01;35:*.mpg=01;35:*.mpeg=01;35:*.m2v=01;35:*.mkv=01;35:*.webm=01;35:*.webp=01;35:*.ogm=01;35:*.mp4=01;35:*.m4v=01;35:*.mp4v=01;35:*.vob=01;35:*.qt=01;35:*.nuv=01;35:*.wmv=01;35:*.asf=01;35:*.rm=01;35:*.rmvb=01;35:*.flc=01;35:*.avi=01;35:*.fli=01;35:*.flv=01;35:*.gl=01;35:*.dl=01;35:*.xcf=01;35:*.xwd=01;35:*.yuv=01;35:*.cgm=01;35:*.emf=01;35:*.ogv=01;35:*.ogx=01;35:*.aac=00;36:*.au=00;36:*.flac=00;36:*.m4a=00;36:*.mid=00;36:*.midi=00;36:*.mka=00;36:*.mp3=00;36:*.mpc=00;36:*.ogg=00;36:*.ra=00;36:*.wav=00;36:*.oga=00;36:*.opus=00;36:*.spx=00;36:*.xspf=00;36:'), ('VSCODE_GIT_IPC_HANDLE', '/run/user/1002/vscode-git-e19acbb9aa.sock'), ('TERM_PROGRAM', 'vscode'), ('ROS_DOMAIN_ID', '25'), ('AMENT_PREFIX_PATH', '/home/jeff/theimc_robot/install/theimc_teleop:/home/jeff/theimc_robot/install/theimc_bt_nodes:/home/jeff/theimc_robot/install/theimc_navigation2:/home/jeff/theimc_robot/install/theimc_description:/home/jeff/theimc_robot/install/theimc_bringup:/home/jeff/theimc_robot/install/sllidar_ros2:/home/jeff/theimc_robot/install/localizer_server:/home/jeff/theimc_robot/install/decision_making_pkg:/home/jeff/theimc_robot/install/interfaces_pkg:/home/jeff/theimc_robot/install/debug_pkg:/home/jeff/theimc_robot/install/camera_perception_pkg:/opt/ros/humble'), ('SHELL', '/bin/bash'), ('LC_NAME', 'ko_KR.UTF-8'), ('LESSCLOSE', '/usr/bin/lesspipe %s %s'), ('LC_MEASUREMENT', 'ko_KR.UTF-8'), ('LC_IDENTIFICATION', 'ko_KR.UTF-8'), ('VSCODE_GIT_ASKPASS_EXTRA_ARGS', ''), ('PWD', '/home/jeff/theimc_robot/build/theimc_description'), ('LC_ALL', 'en_US.UTF-8'), ('SSH_CONNECTION', '192.168.0.8 39154 192.168.0.81 22'), ('XDG_DATA_DIRS', '/usr/share/gnome:/usr/local/share:/usr/share:/var/lib/snapd/desktop'), ('PYTHONPATH', '/home/jeff/theimc_robot/build/theimc_teleop:/home/jeff/theimc_robot/install/theimc_teleop/lib/python3.10/site-packages:/home/jeff/theimc_robot/build/theimc_bringup:/home/jeff/theimc_robot/install/theimc_bringup/lib/python3.10/site-packages:/home/jeff/theimc_robot/build/localizer_server:/home/jeff/theimc_robot/install/localizer_server/lib/python3.10/site-packages:/home/jeff/theimc_robot/build/decision_making_pkg:/home/jeff/theimc_robot/install/decision_making_pkg/lib/python3.10/site-packages:/home/jeff/theimc_robot/install/interfaces_pkg/local/lib/python3.10/dist-packages:/home/jeff/theimc_robot/build/debug_pkg:/home/jeff/theimc_robot/install/debug_pkg/lib/python3.10/site-packages:/home/jeff/theimc_robot/build/camera_perception_pkg:/home/jeff/theimc_robot/install/camera_perception_pkg/lib/python3.10/site-packages:/opt/ros/humble/lib/python3.10/site-packages:/opt/ros/humble/local/lib/python3.10/dist-packages'), ('LC_NUMERIC', 'ko_KR.UTF-8'), ('LC_PAPER', 'ko_KR.UTF-8'), ('COLCON', '1'), ('CMAKE_PREFIX_PATH', '/home/jeff/theimc_robot/install/theimc_bt_nodes:/home/jeff/theimc_robot/install/theimc_navigation2:/home/jeff/theimc_robot/install/theimc_description:/home/jeff/theimc_robot/install/sllidar_ros2:/home/jeff/theimc_robot/install/interfaces_pkg:/home/jeff/theimc_robot/install/theimc_teleop:/home/jeff/theimc_robot/install/theimc_bringup:/home/jeff/theimc_robot/install/localizer_server:/home/jeff/theimc_robot/install/decision_making_pkg:/home/jeff/theimc_robot/install/debug_pkg:/home/jeff/theimc_robot/install/camera_perception_pkg:/opt/ros/humble')]), 'shell': False}
[8.595108] (-) TimerEvent: {}
[8.607335] (theimc_description) StdoutLine: {'line': b'-- Install configuration: ""\n'}
[8.608629] (theimc_description) StdoutLine: {'line': b'-- Execute custom install script\n'}
[8.609966] (theimc_description) StdoutLine: {'line': b'-- Up-to-date symlink: /home/jeff/theimc_robot/install/theimc_description/share/theimc_description/launch/theimc_description.launch.py\n'}
[8.615698] (theimc_description) StdoutLine: {'line': b'-- Up-to-date symlink: /home/jeff/theimc_robot/install/theimc_description/share/theimc_description/rviz/model.rviz\n'}
[8.616429] (theimc_description) StdoutLine: {'line': b'-- Up-to-date symlink: /home/jeff/theimc_robot/install/theimc_description/share/theimc_description/rviz/theimc.rviz\n'}
[8.617446] (theimc_description) StdoutLine: {'line': b'-- Up-to-date symlink: /home/jeff/theimc_robot/install/theimc_description/share/theimc_description/urdf/theimc.urdf\n'}
[8.618320] (theimc_description) StdoutLine: {'line': b'-- Up-to-date symlink: /home/jeff/theimc_robot/install/theimc_description/share/ament_index/resource_index/package_run_dependencies/theimc_description\n'}
[8.619181] (theimc_description) StdoutLine: {'line': b'-- Up-to-date symlink: /home/jeff/theimc_robot/install/theimc_description/share/ament_index/resource_index/parent_prefix_path/theimc_description\n'}
[8.620009] (theimc_description) StdoutLine: {'line': b'-- Up-to-date symlink: /home/jeff/theimc_robot/install/theimc_description/share/theimc_description/environment/ament_prefix_path.sh\n'}
[8.620778] (theimc_description) StdoutLine: {'line': b'-- Up-to-date symlink: /home/jeff/theimc_robot/install/theimc_description/share/theimc_description/environment/ament_prefix_path.dsv\n'}
[8.622768] (theimc_description) StdoutLine: {'line': b'-- Up-to-date symlink: /home/jeff/theimc_robot/install/theimc_description/share/theimc_description/environment/path.sh\n'}
[8.623631] (theimc_description) StdoutLine: {'line': b'-- Up-to-date symlink: /home/jeff/theimc_robot/install/theimc_description/share/theimc_description/environment/path.dsv\n'}
[8.626810] (theimc_description) StdoutLine: {'line': b'-- Up-to-date symlink: /home/jeff/theimc_robot/install/theimc_description/share/theimc_description/local_setup.bash\n'}
[8.627766] (theimc_description) StdoutLine: {'line': b'-- Up-to-date symlink: /home/jeff/theimc_robot/install/theimc_description/share/theimc_description/local_setup.sh\n'}
[8.628612] (theimc_description) StdoutLine: {'line': b'-- Up-to-date symlink: /home/jeff/theimc_robot/install/theimc_description/share/theimc_description/local_setup.zsh\n'}
[8.629382] (theimc_description) StdoutLine: {'line': b'-- Up-to-date symlink: /home/jeff/theimc_robot/install/theimc_description/share/theimc_description/local_setup.dsv\n'}
[8.630056] (theimc_description) StdoutLine: {'line': b'-- Symlinking: /home/jeff/theimc_robot/install/theimc_description/share/theimc_description/package.dsv\n'}
[8.684424] (theimc_description) StdoutLine: {'line': b'-- Up-to-date symlink: /home/jeff/theimc_robot/install/theimc_description/share/ament_index/resource_index/packages/theimc_description\n'}
[8.684944] (theimc_description) StdoutLine: {'line': b'-- Up-to-date symlink: /home/jeff/theimc_robot/install/theimc_description/share/theimc_description/cmake/theimc_descriptionConfig.cmake\n'}
[8.685130] (theimc_description) StdoutLine: {'line': b'-- Up-to-date symlink: /home/jeff/theimc_robot/install/theimc_description/share/theimc_description/cmake/theimc_descriptionConfig-version.cmake\n'}
[8.685288] (theimc_description) StdoutLine: {'line': b'-- Up-to-date symlink: /home/jeff/theimc_robot/install/theimc_description/share/theimc_description/package.xml\n'}
[8.691366] (theimc_description) CommandEnded: {'returncode': 0}
[8.695216] (-) TimerEvent: {}
[8.774850] (theimc_description) JobEnded: {'identifier': 'theimc_description', 'rc': 0}
[8.776469] (interfaces_pkg) StdoutLine: {'line': b'[ 19%] \x1b[32mBuilding CXX object CMakeFiles/interfaces_pkg__rosidl_typesupport_cpp.dir/rosidl_typesupport_cpp/interfaces_pkg/msg/vector2__type_support.cpp.o\x1b[0m\n'}
[8.795434] (-) TimerEvent: {}
[8.896153] (-) TimerEvent: {}
[8.996873] (-) TimerEvent: {}
[9.097622] (-) TimerEvent: {}
[9.198442] (-) TimerEvent: {}
[9.299432] (-) TimerEvent: {}
[9.400171] (-) TimerEvent: {}
[9.501630] (-) TimerEvent: {}
[9.557224] (interfaces_pkg) StdoutLine: {'line': b'[ 20%] \x1b[32mBuilding CXX object CMakeFiles/interfaces_pkg__rosidl_typesupport_fastrtps_cpp.dir/rosidl_typesupport_fastrtps_cpp/interfaces_pkg/msg/detail/dds_fastrtps/key_point2_d__type_support.cpp.o\x1b[0m\n'}
[9.601860] (-) TimerEvent: {}
[9.702632] (-) TimerEvent: {}
[9.785194] (interfaces_pkg) StdoutLine: {'line': b'[ 20%] \x1b[32mBuilding CXX object CMakeFiles/interfaces_pkg__rosidl_typesupport_fastrtps_cpp.dir/rosidl_typesupport_fastrtps_cpp/interfaces_pkg/msg/detail/dds_fastrtps/key_point2_d_array__type_support.cpp.o\x1b[0m\n'}
[9.802832] (-) TimerEvent: {}
[9.841960] (interfaces_pkg) StdoutLine: {'line': b'[ 21%] \x1b[32mBuilding CXX object CMakeFiles/interfaces_pkg__rosidl_typesupport_introspection_cpp.dir/rosidl_typesupport_introspection_cpp/interfaces_pkg/msg/detail/bounding_box3_d__type_support.cpp.o\x1b[0m\n'}
[9.903004] (-) TimerEvent: {}
[9.919151] (interfaces_pkg) StdoutLine: {'line': b'[ 22%] \x1b[32mBuilding CXX object CMakeFiles/interfaces_pkg__rosidl_typesupport_fastrtps_cpp.dir/rosidl_typesupport_fastrtps_cpp/interfaces_pkg/msg/detail/dds_fastrtps/key_point3_d__type_support.cpp.o\x1b[0m\n'}
[10.003180] (-) TimerEvent: {}
[10.034355] (interfaces_pkg) StdoutLine: {'line': b'[ 22%] \x1b[32mBuilding CXX object CMakeFiles/interfaces_pkg__rosidl_typesupport_cpp.dir/rosidl_typesupport_cpp/interfaces_pkg/msg/pose2_d__type_support.cpp.o\x1b[0m\n'}
[10.085329] (interfaces_pkg) StdoutLine: {'line': b'[ 22%] \x1b[32mBuilding CXX object CMakeFiles/interfaces_pkg__rosidl_typesupport_introspection_cpp.dir/rosidl_typesupport_introspection_cpp/interfaces_pkg/msg/detail/mask__type_support.cpp.o\x1b[0m\n'}
[10.103383] (-) TimerEvent: {}
[10.204084] (-) TimerEvent: {}
[10.304753] (-) TimerEvent: {}
[10.405434] (-) TimerEvent: {}
[10.506184] (-) TimerEvent: {}
[10.606923] (-) TimerEvent: {}
[10.707577] (-) TimerEvent: {}
[10.808258] (-) TimerEvent: {}
[10.908988] (-) TimerEvent: {}
[11.009785] (-) TimerEvent: {}
[11.087602] (interfaces_pkg) StdoutLine: {'line': b'[ 23%] \x1b[32mBuilding CXX object CMakeFiles/interfaces_pkg__rosidl_typesupport_fastrtps_cpp.dir/rosidl_typesupport_fastrtps_cpp/interfaces_pkg/msg/detail/dds_fastrtps/key_point3_d_array__type_support.cpp.o\x1b[0m\n'}
[11.110009] (-) TimerEvent: {}
[11.210795] (-) TimerEvent: {}
[11.226128] (interfaces_pkg) StdoutLine: {'line': b'[ 24%] \x1b[32mBuilding CXX object CMakeFiles/interfaces_pkg__rosidl_typesupport_cpp.dir/rosidl_typesupport_cpp/interfaces_pkg/msg/bounding_box2_d__type_support.cpp.o\x1b[0m\n'}
[11.311540] (theimc_teleop) Command: {'cmd': ['/usr/bin/python3', '-W', 'ignore:setup.py install is deprecated', '-W', 'ignore:easy_install command is deprecated', 'setup.py', 'develop', '--editable', '--build-directory', '/home/jeff/theimc_robot/build/theimc_teleop/build', '--no-deps', 'symlink_data'], 'cwd': '/home/jeff/theimc_robot/build/theimc_teleop', 'env': {'LESSOPEN': '| /usr/bin/lesspipe %s', 'USER': 'jeff', 'SSH_CLIENT': '192.168.0.8 39154 22', 'LC_TIME': 'ko_KR.UTF-8', 'XDG_SESSION_TYPE': 'tty', 'GIT_ASKPASS': '/home/jeff/.vscode-server/cli/servers/Stable-0958016b2af9f09bb4257e0df4a95e2f90590f9f/server/extensions/git/dist/askpass.sh', 'SHLVL': '2', 'LD_LIBRARY_PATH': '/home/jeff/theimc_robot/install/theimc_bt_nodes/lib:/home/jeff/theimc_robot/install/theimc_navigation2/lib:/home/jeff/theimc_robot/install/interfaces_pkg/lib:/opt/ros/humble/opt/rviz_ogre_vendor/lib:/opt/ros/humble/lib/aarch64-linux-gnu:/opt/ros/humble/lib', 'BROWSER': '/home/jeff/.vscode-server/cli/servers/Stable-0958016b2af9f09bb4257e0df4a95e2f90590f9f/server/bin/helpers/browser.sh', 'MOTD_SHOWN': 'pam', 'HOME': '/home/jeff', 'TERM_PROGRAM_VERSION': '1.120.0', 'VSCODE_IPC_HOOK_CLI': '/run/user/1002/vscode-ipc-2cae8003-01de-433d-a510-70591381ea1a.sock', 'ROS_PYTHON_VERSION': '3', 'VSCODE_GIT_ASKPASS_MAIN': '/home/jeff/.vscode-server/cli/servers/Stable-0958016b2af9f09bb4257e0df4a95e2f90590f9f/server/extensions/git/dist/askpass-main.js', 'LC_MONETARY': 'ko_KR.UTF-8', 'VSCODE_GIT_ASKPASS_NODE': '/home/jeff/.vscode-server/cli/servers/Stable-0958016b2af9f09bb4257e0df4a95e2f90590f9f/server/node', 'VSCODE_PYTHON_AUTOACTIVATE_GUARD': '1', 'DBUS_SESSION_BUS_ADDRESS': 'unix:path=/run/user/1002/bus', 'COLORTERM': 'truecolor', 'COLCON_PREFIX_PATH': '/home/jeff/theimc_robot/install', 'ROS_DISTRO': 'humble', 'LOGNAME': 'jeff', '_': '/usr/bin/colcon', 'ROS_VERSION': '2', 'XDG_SESSION_CLASS': 'user', 'TERM': 'xterm-256color', 'XDG_SESSION_ID': '5', 'ROS_LOCALHOST_ONLY': '0', 'PATH': '/home/jeff/.vscode-server/data/User/globalStorage/github.copilot-chat/debugCommand:/home/jeff/.vscode-server/data/User/globalStorage/github.copilot-chat/copilotCli:/home/jeff/.vscode-server/cli/servers/Stable-0958016b2af9f09bb4257e0df4a95e2f90590f9f/server/bin/remote-cli:/opt/ros/humble/bin:/usr/local/sbin:/usr/local/bin:/usr/sbin:/usr/bin:/sbin:/bin:/usr/games:/usr/local/games:/snap/bin', 'LC_ADDRESS': 'ko_KR.UTF-8', 'XDG_RUNTIME_DIR': '/run/user/1002', 'LANG': 'en_US.UTF-8', 'LC_TELEPHONE': 'ko_KR.UTF-8', 'LS_COLORS': 'rs=0:di=01;34:ln=01;36:mh=00:pi=40;33:so=01;35:do=01;35:bd=40;33;01:cd=40;33;01:or=40;31;01:mi=00:su=37;41:sg=30;43:ca=30;41:tw=30;42:ow=34;42:st=37;44:ex=01;32:*.tar=01;31:*.tgz=01;31:*.arc=01;31:*.arj=01;31:*.taz=01;31:*.lha=01;31:*.lz4=01;31:*.lzh=01;31:*.lzma=01;31:*.tlz=01;31:*.txz=01;31:*.tzo=01;31:*.t7z=01;31:*.zip=01;31:*.z=01;31:*.dz=01;31:*.gz=01;31:*.lrz=01;31:*.lz=01;31:*.lzo=01;31:*.xz=01;31:*.zst=01;31:*.tzst=01;31:*.bz2=01;31:*.bz=01;31:*.tbz=01;31:*.tbz2=01;31:*.tz=01;31:*.deb=01;31:*.rpm=01;31:*.jar=01;31:*.war=01;31:*.ear=01;31:*.sar=01;31:*.rar=01;31:*.alz=01;31:*.ace=01;31:*.zoo=01;31:*.cpio=01;31:*.7z=01;31:*.rz=01;31:*.cab=01;31:*.wim=01;31:*.swm=01;31:*.dwm=01;31:*.esd=01;31:*.jpg=01;35:*.jpeg=01;35:*.mjpg=01;35:*.mjpeg=01;35:*.gif=01;35:*.bmp=01;35:*.pbm=01;35:*.pgm=01;35:*.ppm=01;35:*.tga=01;35:*.xbm=01;35:*.xpm=01;35:*.tif=01;35:*.tiff=01;35:*.png=01;35:*.svg=01;35:*.svgz=01;35:*.mng=01;35:*.pcx=01;35:*.mov=01;35:*.mpg=01;35:*.mpeg=01;35:*.m2v=01;35:*.mkv=01;35:*.webm=01;35:*.webp=01;35:*.ogm=01;35:*.mp4=01;35:*.m4v=01;35:*.mp4v=01;35:*.vob=01;35:*.qt=01;35:*.nuv=01;35:*.wmv=01;35:*.asf=01;35:*.rm=01;35:*.rmvb=01;35:*.flc=01;35:*.avi=01;35:*.fli=01;35:*.flv=01;35:*.gl=01;35:*.dl=01;35:*.xcf=01;35:*.xwd=01;35:*.yuv=01;35:*.cgm=01;35:*.emf=01;35:*.ogv=01;35:*.ogx=01;35:*.aac=00;36:*.au=00;36:*.flac=00;36:*.m4a=00;36:*.mid=00;36:*.midi=00;36:*.mka=00;36:*.mp3=00;36:*.mpc=00;36:*.ogg=00;36:*.ra=00;36:*.wav=00;36:*.oga=00;36:*.opus=00;36:*.spx=00;36:*.xspf=00;36:', 'VSCODE_GIT_IPC_HANDLE': '/run/user/1002/vscode-git-e19acbb9aa.sock', 'TERM_PROGRAM': 'vscode', 'ROS_DOMAIN_ID': '25', 'AMENT_PREFIX_PATH': '/home/jeff/theimc_robot/install/theimc_teleop:/home/jeff/theimc_robot/install/theimc_bt_nodes:/home/jeff/theimc_robot/install/theimc_navigation2:/home/jeff/theimc_robot/install/theimc_description:/home/jeff/theimc_robot/install/theimc_bringup:/home/jeff/theimc_robot/install/sllidar_ros2:/home/jeff/theimc_robot/install/localizer_server:/home/jeff/theimc_robot/install/decision_making_pkg:/home/jeff/theimc_robot/install/interfaces_pkg:/home/jeff/theimc_robot/install/debug_pkg:/home/jeff/theimc_robot/install/camera_perception_pkg:/opt/ros/humble', 'SHELL': '/bin/bash', 'LC_NAME': 'ko_KR.UTF-8', 'LESSCLOSE': '/usr/bin/lesspipe %s %s', 'LC_MEASUREMENT': 'ko_KR.UTF-8', 'LC_IDENTIFICATION': 'ko_KR.UTF-8', 'VSCODE_GIT_ASKPASS_EXTRA_ARGS': '', 'PWD': '/home/jeff/theimc_robot/build/theimc_teleop', 'LC_ALL': 'en_US.UTF-8', 'SSH_CONNECTION': '192.168.0.8 39154 192.168.0.81 22', 'XDG_DATA_DIRS': '/usr/share/gnome:/usr/local/share:/usr/share:/var/lib/snapd/desktop', 'PYTHONPATH': '/home/jeff/theimc_robot/build/theimc_teleop/prefix_override:/usr/lib/python3/dist-packages/colcon_core/task/python/colcon_distutils_commands:/home/jeff/theimc_robot/install/theimc_teleop/lib/python3.10/site-packages:/home/jeff/theimc_robot/build/theimc_teleop:/home/jeff/theimc_robot/install/theimc_teleop/lib/python3.10/site-packages:/home/jeff/theimc_robot/build/theimc_bringup:/home/jeff/theimc_robot/install/theimc_bringup/lib/python3.10/site-packages:/home/jeff/theimc_robot/build/localizer_server:/home/jeff/theimc_robot/install/localizer_server/lib/python3.10/site-packages:/home/jeff/theimc_robot/build/decision_making_pkg:/home/jeff/theimc_robot/install/decision_making_pkg/lib/python3.10/site-packages:/home/jeff/theimc_robot/install/interfaces_pkg/local/lib/python3.10/dist-packages:/home/jeff/theimc_robot/build/debug_pkg:/home/jeff/theimc_robot/install/debug_pkg/lib/python3.10/site-packages:/home/jeff/theimc_robot/build/camera_perception_pkg:/home/jeff/theimc_robot/install/camera_perception_pkg/lib/python3.10/site-packages:/opt/ros/humble/lib/python3.10/site-packages:/opt/ros/humble/local/lib/python3.10/dist-packages', 'LC_NUMERIC': 'ko_KR.UTF-8', 'LC_PAPER': 'ko_KR.UTF-8', 'COLCON': '1', 'CMAKE_PREFIX_PATH': '/home/jeff/theimc_robot/install/theimc_bt_nodes:/home/jeff/theimc_robot/install/theimc_navigation2:/home/jeff/theimc_robot/install/theimc_description:/home/jeff/theimc_robot/install/sllidar_ros2:/home/jeff/theimc_robot/install/interfaces_pkg'}, 'shell': False}
[11.313053] (-) TimerEvent: {}
[11.413535] (-) TimerEvent: {}
[11.482234] (interfaces_pkg) StdoutLine: {'line': b'[ 25%] \x1b[32mBuilding CXX object CMakeFiles/interfaces_pkg__rosidl_typesupport_introspection_cpp.dir/rosidl_typesupport_introspection_cpp/interfaces_pkg/msg/detail/key_point2_d__type_support.cpp.o\x1b[0m\n'}
[11.514611] (-) TimerEvent: {}
[11.580671] (interfaces_pkg) StdoutLine: {'line': b'[ 25%] \x1b[32mBuilding CXX object CMakeFiles/interfaces_pkg__rosidl_typesupport_fastrtps_cpp.dir/rosidl_typesupport_fastrtps_cpp/interfaces_pkg/msg/detail/dds_fastrtps/detection__type_support.cpp.o\x1b[0m\n'}
[11.614780] (-) TimerEvent: {}
[11.715519] (-) TimerEvent: {}
[11.757666] (interfaces_pkg) StdoutLine: {'line': b'[ 25%] \x1b[32mBuilding CXX object CMakeFiles/interfaces_pkg__rosidl_typesupport_introspection_cpp.dir/rosidl_typesupport_introspection_cpp/interfaces_pkg/msg/detail/key_point2_d_array__type_support.cpp.o\x1b[0m\n'}
[11.783319] (interfaces_pkg) StdoutLine: {'line': b'[ 26%] \x1b[32mBuilding CXX object CMakeFiles/interfaces_pkg__rosidl_typesupport_fastrtps_cpp.dir/rosidl_typesupport_fastrtps_cpp/interfaces_pkg/msg/detail/dds_fastrtps/detection_array__type_support.cpp.o\x1b[0m\n'}
[11.815699] (-) TimerEvent: {}
[11.916408] (-) TimerEvent: {}
[12.017187] (-) TimerEvent: {}
[12.117947] (-) TimerEvent: {}
[12.218688] (-) TimerEvent: {}
[12.319405] (-) TimerEvent: {}
[12.389800] (theimc_teleop) StdoutLine: {'line': b'running develop\n'}
[12.419633] (-) TimerEvent: {}
[12.522438] (-) TimerEvent: {}
[12.523775] (interfaces_pkg) StdoutLine: {'line': b'[ 27%] \x1b[32mBuilding CXX object CMakeFiles/interfaces_pkg__rosidl_typesupport_cpp.dir/rosidl_typesupport_cpp/interfaces_pkg/msg/bounding_box3_d__type_support.cpp.o\x1b[0m\n'}
[12.622605] (-) TimerEvent: {}
[12.723322] (-) TimerEvent: {}
[12.781249] (interfaces_pkg) StdoutLine: {'line': b'[ 27%] \x1b[32mBuilding CXX object CMakeFiles/interfaces_pkg__rosidl_typesupport_fastrtps_cpp.dir/rosidl_typesupport_fastrtps_cpp/interfaces_pkg/msg/detail/dds_fastrtps/lane_info__type_support.cpp.o\x1b[0m\n'}
[12.800857] (interfaces_pkg) StdoutLine: {'line': b'[ 28%] \x1b[32mBuilding CXX object CMakeFiles/interfaces_pkg__rosidl_typesupport_introspection_cpp.dir/rosidl_typesupport_introspection_cpp/interfaces_pkg/msg/detail/key_point3_d__type_support.cpp.o\x1b[0m\n'}
[12.823512] (-) TimerEvent: {}
[12.924216] (-) TimerEvent: {}
[13.024976] (-) TimerEvent: {}
[13.125776] (-) TimerEvent: {}
[13.177307] (theimc_teleop) StdoutLine: {'line': b'running egg_info\n'}
[13.178635] (theimc_teleop) StdoutLine: {'line': b'writing theimc_teleop.egg-info/PKG-INFO\n'}
[13.187359] (theimc_teleop) StdoutLine: {'line': b'writing dependency_links to theimc_teleop.egg-info/dependency_links.txt\n'}
[13.188284] (theimc_teleop) StdoutLine: {'line': b'writing entry points to theimc_teleop.egg-info/entry_points.txt\n'}
[13.188879] (theimc_teleop) StdoutLine: {'line': b'writing requirements to theimc_teleop.egg-info/requires.txt\n'}
[13.189361] (theimc_teleop) StdoutLine: {'line': b'writing top-level names to theimc_teleop.egg-info/top_level.txt\n'}
[13.194785] (theimc_teleop) StdoutLine: {'line': b"reading manifest file 'theimc_teleop.egg-info/SOURCES.txt'\n"}
[13.204234] (theimc_teleop) StdoutLine: {'line': b"writing manifest file 'theimc_teleop.egg-info/SOURCES.txt'\n"}
[13.214585] (theimc_teleop) StdoutLine: {'line': b'running build_ext\n'}
[13.215548] (theimc_teleop) StdoutLine: {'line': b'Creating /home/jeff/theimc_robot/install/theimc_teleop/lib/python3.10/site-packages/theimc-teleop.egg-link (link to .)\n'}
[13.217231] (theimc_teleop) StdoutLine: {'line': b'Installing teleop_keyboard script to /home/jeff/theimc_robot/install/theimc_teleop/lib/theimc_teleop\n'}
[13.217951] (theimc_teleop) StdoutLine: {'line': b'\n'}
[13.218204] (theimc_teleop) StdoutLine: {'line': b'Installed /home/jeff/theimc_robot/build/theimc_teleop\n'}
[13.218415] (theimc_teleop) StdoutLine: {'line': b'running symlink_data\n'}
[13.225962] (-) TimerEvent: {}
[13.326787] (-) TimerEvent: {}
[13.427523] (-) TimerEvent: {}
[13.498456] (theimc_teleop) CommandEnded: {'returncode': 0}
[13.528708] (-) TimerEvent: {}
[13.529216] (interfaces_pkg) StdoutLine: {'line': b'[ 29%] \x1b[32mBuilding CXX object CMakeFiles/interfaces_pkg__rosidl_typesupport_fastrtps_cpp.dir/rosidl_typesupport_fastrtps_cpp/interfaces_pkg/msg/detail/dds_fastrtps/rail_info__type_support.cpp.o\x1b[0m\n'}
[13.561828] (theimc_teleop) JobEnded: {'identifier': 'theimc_teleop', 'rc': 0}
[13.628923] (-) TimerEvent: {}
[13.729677] (-) TimerEvent: {}
[13.801097] (interfaces_pkg) StdoutLine: {'line': b'[ 30%] \x1b[32mBuilding CXX object CMakeFiles/interfaces_pkg__rosidl_typesupport_introspection_cpp.dir/rosidl_typesupport_introspection_cpp/interfaces_pkg/msg/detail/key_point3_d_array__type_support.cpp.o\x1b[0m\n'}
[13.829913] (-) TimerEvent: {}
[13.865457] (interfaces_pkg) StdoutLine: {'line': b'[ 30%] \x1b[32mBuilding CXX object CMakeFiles/interfaces_pkg__rosidl_typesupport_cpp.dir/rosidl_typesupport_cpp/interfaces_pkg/msg/mask__type_support.cpp.o\x1b[0m\n'}
[13.930126] (-) TimerEvent: {}
[14.030916] (-) TimerEvent: {}
[14.131710] (-) TimerEvent: {}
[14.207328] (interfaces_pkg) StdoutLine: {'line': b'[ 31%] \x1b[32mBuilding CXX object CMakeFiles/interfaces_pkg__rosidl_typesupport_fastrtps_cpp.dir/rosidl_typesupport_fastrtps_cpp/interfaces_pkg/msg/detail/dds_fastrtps/motion_command__type_support.cpp.o\x1b[0m\n'}
[14.233249] (-) TimerEvent: {}
[14.244897] (interfaces_pkg) StdoutLine: {'line': b'[ 31%] \x1b[32mBuilding CXX object CMakeFiles/interfaces_pkg__rosidl_typesupport_introspection_cpp.dir/rosidl_typesupport_introspection_cpp/interfaces_pkg/msg/detail/detection__type_support.cpp.o\x1b[0m\n'}
[14.333476] (-) TimerEvent: {}
[14.434454] (-) TimerEvent: {}
[14.535253] (-) TimerEvent: {}
[14.636100] (-) TimerEvent: {}
[14.724784] (interfaces_pkg) StdoutLine: {'line': b'[ 32%] \x1b[32mBuilding CXX object CMakeFiles/interfaces_pkg__rosidl_typesupport_cpp.dir/rosidl_typesupport_cpp/interfaces_pkg/msg/key_point2_d__type_support.cpp.o\x1b[0m\n'}
[14.736318] (-) TimerEvent: {}
[14.837113] (-) TimerEvent: {}
[14.937935] (-) TimerEvent: {}
[14.957314] (interfaces_pkg) StdoutLine: {'line': b'[ 32%] \x1b[32mBuilding CXX object CMakeFiles/interfaces_pkg__rosidl_typesupport_fastrtps_cpp.dir/rosidl_typesupport_fastrtps_cpp/interfaces_pkg/msg/detail/dds_fastrtps/target_point__type_support.cpp.o\x1b[0m\n'}
[15.038145] (-) TimerEvent: {}
[15.080620] (interfaces_pkg) StdoutLine: {'line': b'[ 33%] \x1b[32mBuilding CXX object CMakeFiles/interfaces_pkg__rosidl_typesupport_fastrtps_cpp.dir/rosidl_typesupport_fastrtps_cpp/interfaces_pkg/msg/detail/dds_fastrtps/path_planning_result__type_support.cpp.o\x1b[0m\n'}
[15.132339] (interfaces_pkg) StdoutLine: {'line': b'[ 34%] \x1b[32mBuilding CXX object CMakeFiles/interfaces_pkg__rosidl_typesupport_introspection_cpp.dir/rosidl_typesupport_introspection_cpp/interfaces_pkg/msg/detail/detection_array__type_support.cpp.o\x1b[0m\n'}
[15.138364] (-) TimerEvent: {}
[15.239058] (-) TimerEvent: {}
[15.339779] (-) TimerEvent: {}
[15.365827] (interfaces_pkg) StdoutLine: {'line': b'[ 34%] \x1b[32mBuilding CXX object CMakeFiles/interfaces_pkg__rosidl_typesupport_fastrtps_cpp.dir/rosidl_typesupport_fastrtps_cpp/interfaces_pkg/action/detail/dds_fastrtps/rail_approach__type_support.cpp.o\x1b[0m\n'}
[15.440005] (-) TimerEvent: {}
[15.540786] (-) TimerEvent: {}
[15.641604] (-) TimerEvent: {}
[15.742422] (-) TimerEvent: {}
[15.843191] (-) TimerEvent: {}
[15.943983] (-) TimerEvent: {}
[15.955832] (interfaces_pkg) StdoutLine: {'line': b'[ 34%] \x1b[32mBuilding CXX object CMakeFiles/interfaces_pkg__rosidl_typesupport_cpp.dir/rosidl_typesupport_cpp/interfaces_pkg/msg/key_point2_d_array__type_support.cpp.o\x1b[0m\n'}
[16.006251] (interfaces_pkg) StdoutLine: {'line': b'[ 34%] \x1b[32mBuilding CXX object CMakeFiles/interfaces_pkg__rosidl_typesupport_introspection_cpp.dir/rosidl_typesupport_introspection_cpp/interfaces_pkg/msg/detail/lane_info__type_support.cpp.o\x1b[0m\n'}
[16.044213] (-) TimerEvent: {}
[16.144986] (-) TimerEvent: {}
[16.245756] (-) TimerEvent: {}
[16.339307] (interfaces_pkg) StdoutLine: {'line': b'[ 35%] \x1b[32mBuilding CXX object CMakeFiles/interfaces_pkg__rosidl_typesupport_cpp.dir/rosidl_typesupport_cpp/interfaces_pkg/msg/key_point3_d__type_support.cpp.o\x1b[0m\n'}
[16.345980] (-) TimerEvent: {}
[16.446750] (-) TimerEvent: {}
[16.547489] (-) TimerEvent: {}
[16.603239] (interfaces_pkg) StdoutLine: {'line': b'[ 36%] \x1b[32mBuilding CXX object CMakeFiles/interfaces_pkg__rosidl_typesupport_cpp.dir/rosidl_typesupport_cpp/interfaces_pkg/msg/key_point3_d_array__type_support.cpp.o\x1b[0m\n'}
[16.647713] (-) TimerEvent: {}
[16.748489] (-) TimerEvent: {}
[16.849270] (-) TimerEvent: {}
[16.950031] (-) TimerEvent: {}
[16.961511] (interfaces_pkg) StdoutLine: {'line': b'[ 36%] \x1b[32mBuilding CXX object CMakeFiles/interfaces_pkg__rosidl_typesupport_cpp.dir/rosidl_typesupport_cpp/interfaces_pkg/msg/detection__type_support.cpp.o\x1b[0m\n'}
[17.050235] (-) TimerEvent: {}
[17.150979] (-) TimerEvent: {}
[17.190117] (interfaces_pkg) StdoutLine: {'line': b'[ 37%] \x1b[32m\x1b[1mLinking CXX shared library libinterfaces_pkg__rosidl_typesupport_fastrtps_cpp.so\x1b[0m\n'}
[17.251172] (-) TimerEvent: {}
[17.255826] (interfaces_pkg) StdoutLine: {'line': b'[ 38%] \x1b[32mBuilding CXX object CMakeFiles/interfaces_pkg__rosidl_typesupport_cpp.dir/rosidl_typesupport_cpp/interfaces_pkg/msg/detection_array__type_support.cpp.o\x1b[0m\n'}
[17.332414] (interfaces_pkg) StdoutLine: {'line': b'[ 38%] \x1b[32mBuilding CXX object CMakeFiles/interfaces_pkg__rosidl_typesupport_cpp.dir/rosidl_typesupport_cpp/interfaces_pkg/msg/lane_info__type_support.cpp.o\x1b[0m\n'}
[17.351393] (-) TimerEvent: {}
[17.452199] (-) TimerEvent: {}
[17.500074] (interfaces_pkg) StdoutLine: {'line': b'[ 39%] Built target interfaces_pkg__rosidl_typesupport_fastrtps_cpp\n'}
[17.552407] (-) TimerEvent: {}
[17.557408] (interfaces_pkg) StdoutLine: {'line': b'[ 40%] \x1b[32mBuilding CXX object CMakeFiles/interfaces_pkg__rosidl_typesupport_cpp.dir/rosidl_typesupport_cpp/interfaces_pkg/msg/rail_info__type_support.cpp.o\x1b[0m\n'}
[17.652626] (-) TimerEvent: {}
[17.668848] (interfaces_pkg) StdoutLine: {'line': b'[ 41%] \x1b[32mBuilding CXX object CMakeFiles/interfaces_pkg__rosidl_typesupport_cpp.dir/rosidl_typesupport_cpp/interfaces_pkg/msg/motion_command__type_support.cpp.o\x1b[0m\n'}
[17.752840] (-) TimerEvent: {}
[17.834618] (interfaces_pkg) StdoutLine: {'line': b'[ 42%] \x1b[32mBuilding CXX object CMakeFiles/interfaces_pkg__rosidl_typesupport_introspection_cpp.dir/rosidl_typesupport_introspection_cpp/interfaces_pkg/msg/detail/rail_info__type_support.cpp.o\x1b[0m\n'}
[17.853031] (-) TimerEvent: {}
[17.953760] (-) TimerEvent: {}
[17.977450] (interfaces_pkg) StdoutLine: {'line': b'[ 42%] \x1b[32mBuilding CXX object CMakeFiles/interfaces_pkg__rosidl_typesupport_cpp.dir/rosidl_typesupport_cpp/interfaces_pkg/msg/target_point__type_support.cpp.o\x1b[0m\n'}
[18.053989] (-) TimerEvent: {}
[18.154751] (-) TimerEvent: {}
[18.255492] (-) TimerEvent: {}
[18.258070] (interfaces_pkg) StdoutLine: {'line': b'[ 43%] \x1b[32mBuilding CXX object CMakeFiles/interfaces_pkg__rosidl_typesupport_cpp.dir/rosidl_typesupport_cpp/interfaces_pkg/msg/path_planning_result__type_support.cpp.o\x1b[0m\n'}
[18.355692] (-) TimerEvent: {}
[18.410901] (interfaces_pkg) StdoutLine: {'line': b'[ 43%] \x1b[32mBuilding CXX object CMakeFiles/interfaces_pkg__rosidl_typesupport_cpp.dir/rosidl_typesupport_cpp/interfaces_pkg/action/rail_approach__type_support.cpp.o\x1b[0m\n'}
[18.455920] (-) TimerEvent: {}
[18.556669] (-) TimerEvent: {}
[18.657465] (-) TimerEvent: {}
[18.661963] (interfaces_pkg) StdoutLine: {'line': b'[ 44%] \x1b[32mBuilding CXX object CMakeFiles/interfaces_pkg__rosidl_typesupport_introspection_cpp.dir/rosidl_typesupport_introspection_cpp/interfaces_pkg/msg/detail/motion_command__type_support.cpp.o\x1b[0m\n'}
[18.757679] (-) TimerEvent: {}
[18.838227] (interfaces_pkg) StdoutLine: {'line': b'[ 44%] \x1b[32mBuilding CXX object CMakeFiles/interfaces_pkg__rosidl_typesupport_introspection_cpp.dir/rosidl_typesupport_introspection_cpp/interfaces_pkg/msg/detail/target_point__type_support.cpp.o\x1b[0m\n'}
[18.857889] (-) TimerEvent: {}
[18.958665] (-) TimerEvent: {}
[18.991049] (interfaces_pkg) StdoutLine: {'line': b'[ 45%] \x1b[32mBuilding CXX object CMakeFiles/interfaces_pkg__rosidl_typesupport_introspection_cpp.dir/rosidl_typesupport_introspection_cpp/interfaces_pkg/msg/detail/path_planning_result__type_support.cpp.o\x1b[0m\n'}
[19.028776] (interfaces_pkg) StdoutLine: {'line': b'[ 45%] \x1b[32mBuilding CXX object CMakeFiles/interfaces_pkg__rosidl_typesupport_introspection_cpp.dir/rosidl_typesupport_introspection_cpp/interfaces_pkg/action/detail/rail_approach__type_support.cpp.o\x1b[0m\n'}
[19.058881] (-) TimerEvent: {}
[19.159658] (-) TimerEvent: {}
[19.240775] (interfaces_pkg) StdoutLine: {'line': b'\x1b[35m\x1b[1mConsolidate compiler generated dependencies of target interfaces_pkg__rosidl_typesupport_fastrtps_c\x1b[0m\n'}
[19.259863] (-) TimerEvent: {}
[19.360642] (-) TimerEvent: {}
[19.429222] (interfaces_pkg) StdoutLine: {'line': b'[ 45%] \x1b[32mBuilding CXX object CMakeFiles/interfaces_pkg__rosidl_typesupport_fastrtps_c.dir/rosidl_typesupport_fastrtps_c/interfaces_pkg/msg/detail/point2_d__type_support_c.cpp.o\x1b[0m\n'}
[19.460837] (-) TimerEvent: {}
[19.561614] (-) TimerEvent: {}
[19.662432] (-) TimerEvent: {}
[19.763174] (-) TimerEvent: {}
[19.829110] (interfaces_pkg) StdoutLine: {'line': b'[ 46%] \x1b[32m\x1b[1mLinking CXX shared library libinterfaces_pkg__rosidl_typesupport_cpp.so\x1b[0m\n'}
[19.863371] (-) TimerEvent: {}
[19.964158] (-) TimerEvent: {}
[20.064981] (-) TimerEvent: {}
[20.077883] (interfaces_pkg) StdoutLine: {'line': b'[ 47%] Built target interfaces_pkg__rosidl_typesupport_cpp\n'}
[20.141360] (interfaces_pkg) StdoutLine: {'line': b'\x1b[35m\x1b[1mConsolidate compiler generated dependencies of target interfaces_pkg__rosidl_typesupport_introspection_c\x1b[0m\n'}
[20.165193] (-) TimerEvent: {}
[20.205220] (interfaces_pkg) StdoutLine: {'line': b'\x1b[35m\x1b[1mConsolidate compiler generated dependencies of target interfaces_pkg__rosidl_typesupport_c\x1b[0m\n'}
[20.240972] (interfaces_pkg) StdoutLine: {'line': b'[ 47%] \x1b[32mBuilding C object CMakeFiles/interfaces_pkg__rosidl_typesupport_introspection_c.dir/rosidl_typesupport_introspection_c/interfaces_pkg/msg/detail/point2_d__type_support.c.o\x1b[0m\n'}
[20.265440] (-) TimerEvent: {}
[20.276916] (interfaces_pkg) StdoutLine: {'line': b'[ 48%] \x1b[32mBuilding C object CMakeFiles/interfaces_pkg__rosidl_typesupport_introspection_c.dir/rosidl_typesupport_introspection_c/interfaces_pkg/msg/detail/vector2__type_support.c.o\x1b[0m\n'}
[20.290210] (interfaces_pkg) StdoutLine: {'line': b'[ 48%] \x1b[32mBuilding CXX object CMakeFiles/interfaces_pkg__rosidl_typesupport_c.dir/rosidl_typesupport_c/interfaces_pkg/msg/point2_d__type_support.cpp.o\x1b[0m\n'}
[20.365656] (-) TimerEvent: {}
[20.397563] (interfaces_pkg) StdoutLine: {'line': b'[ 48%] \x1b[32mBuilding C object CMakeFiles/interfaces_pkg__rosidl_typesupport_introspection_c.dir/rosidl_typesupport_introspection_c/interfaces_pkg/msg/detail/pose2_d__type_support.c.o\x1b[0m\n'}
[20.433459] (interfaces_pkg) StdoutLine: {'line': b'[ 49%] \x1b[32mBuilding C object CMakeFiles/interfaces_pkg__rosidl_typesupport_introspection_c.dir/rosidl_typesupport_introspection_c/interfaces_pkg/msg/detail/bounding_box2_d__type_support.c.o\x1b[0m\n'}
[20.459952] (interfaces_pkg) StdoutLine: {'line': b'[ 50%] \x1b[32mBuilding CXX object CMakeFiles/interfaces_pkg__rosidl_typesupport_c.dir/rosidl_typesupport_c/interfaces_pkg/msg/vector2__type_support.cpp.o\x1b[0m\n'}
[20.465849] (-) TimerEvent: {}
[20.492777] (interfaces_pkg) StdoutLine: {'line': b'[ 50%] \x1b[32mBuilding C object CMakeFiles/interfaces_pkg__rosidl_typesupport_introspection_c.dir/rosidl_typesupport_introspection_c/interfaces_pkg/msg/detail/bounding_box3_d__type_support.c.o\x1b[0m\n'}
[20.555641] (interfaces_pkg) StdoutLine: {'line': b'[ 51%] \x1b[32mBuilding C object CMakeFiles/interfaces_pkg__rosidl_typesupport_introspection_c.dir/rosidl_typesupport_introspection_c/interfaces_pkg/msg/detail/mask__type_support.c.o\x1b[0m\n'}
[20.566208] (-) TimerEvent: {}
[20.569212] (interfaces_pkg) StdoutLine: {'line': b'[ 51%] \x1b[32mBuilding CXX object CMakeFiles/interfaces_pkg__rosidl_typesupport_c.dir/rosidl_typesupport_c/interfaces_pkg/msg/pose2_d__type_support.cpp.o\x1b[0m\n'}
[20.595153] (interfaces_pkg) StdoutLine: {'line': b'[ 52%] \x1b[32mBuilding C object CMakeFiles/interfaces_pkg__rosidl_typesupport_introspection_c.dir/rosidl_typesupport_introspection_c/interfaces_pkg/msg/detail/key_point2_d__type_support.c.o\x1b[0m\n'}
[20.614811] (interfaces_pkg) StdoutLine: {'line': b'[ 53%] \x1b[32mBuilding CXX object CMakeFiles/interfaces_pkg__rosidl_typesupport_c.dir/rosidl_typesupport_c/interfaces_pkg/msg/bounding_box2_d__type_support.cpp.o\x1b[0m\n'}
[20.666427] (-) TimerEvent: {}
[20.685763] (interfaces_pkg) StdoutLine: {'line': b'[ 53%] \x1b[32mBuilding CXX object CMakeFiles/interfaces_pkg__rosidl_typesupport_c.dir/rosidl_typesupport_c/interfaces_pkg/msg/bounding_box3_d__type_support.cpp.o\x1b[0m\n'}
[20.703222] (interfaces_pkg) StdoutLine: {'line': b'[ 54%] \x1b[32mBuilding CXX object CMakeFiles/interfaces_pkg__rosidl_typesupport_c.dir/rosidl_typesupport_c/interfaces_pkg/msg/mask__type_support.cpp.o\x1b[0m\n'}
[20.747517] (interfaces_pkg) StdoutLine: {'line': b'[ 54%] \x1b[32mBuilding C object CMakeFiles/interfaces_pkg__rosidl_typesupport_introspection_c.dir/rosidl_typesupport_introspection_c/interfaces_pkg/msg/detail/key_point2_d_array__type_support.c.o\x1b[0m\n'}
[20.766626] (-) TimerEvent: {}
[20.771593] (interfaces_pkg) StdoutLine: {'line': b'[ 55%] \x1b[32mBuilding CXX object CMakeFiles/interfaces_pkg__rosidl_typesupport_fastrtps_c.dir/rosidl_typesupport_fastrtps_c/interfaces_pkg/msg/detail/vector2__type_support_c.cpp.o\x1b[0m\n'}
[20.773656] (interfaces_pkg) StdoutLine: {'line': b'[ 56%] \x1b[32mBuilding CXX object CMakeFiles/interfaces_pkg__rosidl_typesupport_c.dir/rosidl_typesupport_c/interfaces_pkg/msg/key_point2_d__type_support.cpp.o\x1b[0m\n'}
[20.779907] (interfaces_pkg) StdoutLine: {'line': b'[ 56%] \x1b[32mBuilding CXX object CMakeFiles/interfaces_pkg__rosidl_typesupport_c.dir/rosidl_typesupport_c/interfaces_pkg/msg/key_point2_d_array__type_support.cpp.o\x1b[0m\n'}
[20.822105] (interfaces_pkg) StdoutLine: {'line': b'[ 57%] \x1b[32mBuilding C object CMakeFiles/interfaces_pkg__rosidl_typesupport_introspection_c.dir/rosidl_typesupport_introspection_c/interfaces_pkg/msg/detail/key_point3_d__type_support.c.o\x1b[0m\n'}
[20.848946] (interfaces_pkg) StdoutLine: {'line': b'[ 58%] \x1b[32m\x1b[1mLinking CXX shared library libinterfaces_pkg__rosidl_typesupport_introspection_cpp.so\x1b[0m\n'}
[20.866806] (-) TimerEvent: {}
[20.888854] (interfaces_pkg) StdoutLine: {'line': b'[ 59%] \x1b[32mBuilding CXX object CMakeFiles/interfaces_pkg__rosidl_typesupport_c.dir/rosidl_typesupport_c/interfaces_pkg/msg/key_point3_d__type_support.cpp.o\x1b[0m\n'}
[20.909625] (interfaces_pkg) StdoutLine: {'line': b'[ 59%] \x1b[32mBuilding C object CMakeFiles/interfaces_pkg__rosidl_typesupport_introspection_c.dir/rosidl_typesupport_introspection_c/interfaces_pkg/msg/detail/key_point3_d_array__type_support.c.o\x1b[0m\n'}
[20.930225] (interfaces_pkg) StdoutLine: {'line': b'[ 59%] \x1b[32mBuilding CXX object CMakeFiles/interfaces_pkg__rosidl_typesupport_c.dir/rosidl_typesupport_c/interfaces_pkg/msg/key_point3_d_array__type_support.cpp.o\x1b[0m\n'}
[20.949939] (interfaces_pkg) StdoutLine: {'line': b'[ 60%] \x1b[32mBuilding C object CMakeFiles/interfaces_pkg__rosidl_typesupport_introspection_c.dir/rosidl_typesupport_introspection_c/interfaces_pkg/msg/detail/detection__type_support.c.o\x1b[0m\n'}
[20.967089] (-) TimerEvent: {}
[21.043253] (interfaces_pkg) StdoutLine: {'line': b'[ 61%] \x1b[32mBuilding C object CMakeFiles/interfaces_pkg__rosidl_typesupport_introspection_c.dir/rosidl_typesupport_introspection_c/interfaces_pkg/msg/detail/detection_array__type_support.c.o\x1b[0m\n'}
[21.067287] (-) TimerEvent: {}
[21.069318] (interfaces_pkg) StdoutLine: {'line': b'[ 62%] \x1b[32mBuilding CXX object CMakeFiles/interfaces_pkg__rosidl_typesupport_c.dir/rosidl_typesupport_c/interfaces_pkg/msg/detection__type_support.cpp.o\x1b[0m\n'}
[21.122682] (interfaces_pkg) StdoutLine: {'line': b'[ 62%] \x1b[32mBuilding CXX object CMakeFiles/interfaces_pkg__rosidl_typesupport_fastrtps_c.dir/rosidl_typesupport_fastrtps_c/interfaces_pkg/msg/detail/pose2_d__type_support_c.cpp.o\x1b[0m\n'}
[21.151931] (interfaces_pkg) StdoutLine: {'line': b'[ 63%] \x1b[32mBuilding C object CMakeFiles/interfaces_pkg__rosidl_typesupport_introspection_c.dir/rosidl_typesupport_introspection_c/interfaces_pkg/msg/detail/rail_info__type_support.c.o\x1b[0m\n'}
[21.154842] (interfaces_pkg) StdoutLine: {'line': b'[ 63%] \x1b[32mBuilding C object CMakeFiles/interfaces_pkg__rosidl_typesupport_introspection_c.dir/rosidl_typesupport_introspection_c/interfaces_pkg/msg/detail/lane_info__type_support.c.o\x1b[0m\n'}
[21.167483] (-) TimerEvent: {}
[21.177799] (interfaces_pkg) StdoutLine: {'line': b'[ 64%] Built target interfaces_pkg__rosidl_typesupport_introspection_cpp\n'}
[21.221261] (interfaces_pkg) StdoutLine: {'line': b'[ 64%] \x1b[32mBuilding C object CMakeFiles/interfaces_pkg__rosidl_typesupport_introspection_c.dir/rosidl_typesupport_introspection_c/interfaces_pkg/msg/detail/motion_command__type_support.c.o\x1b[0m\n'}
[21.245827] (interfaces_pkg) StdoutLine: {'line': b'[ 65%] \x1b[32mBuilding CXX object CMakeFiles/interfaces_pkg__rosidl_typesupport_c.dir/rosidl_typesupport_c/interfaces_pkg/msg/detection_array__type_support.cpp.o\x1b[0m\n'}
[21.267703] (-) TimerEvent: {}
[21.312955] (interfaces_pkg) StdoutLine: {'line': b'[ 66%] \x1b[32mBuilding C object CMakeFiles/interfaces_pkg__rosidl_typesupport_introspection_c.dir/rosidl_typesupport_introspection_c/interfaces_pkg/msg/detail/target_point__type_support.c.o\x1b[0m\n'}
[21.341747] (interfaces_pkg) StdoutLine: {'line': b'[ 67%] \x1b[32mBuilding C object CMakeFiles/interfaces_pkg__rosidl_typesupport_introspection_c.dir/rosidl_typesupport_introspection_c/interfaces_pkg/msg/detail/path_planning_result__type_support.c.o\x1b[0m\n'}
[21.362485] (interfaces_pkg) StdoutLine: {'line': b'[ 67%] \x1b[32mBuilding C object CMakeFiles/interfaces_pkg__rosidl_typesupport_introspection_c.dir/rosidl_typesupport_introspection_c/interfaces_pkg/action/detail/rail_approach__type_support.c.o\x1b[0m\n'}
[21.368648] (-) TimerEvent: {}
[21.413402] (interfaces_pkg) StdoutLine: {'line': b'[ 67%] \x1b[32mBuilding CXX object CMakeFiles/interfaces_pkg__rosidl_typesupport_c.dir/rosidl_typesupport_c/interfaces_pkg/msg/lane_info__type_support.cpp.o\x1b[0m\n'}
[21.468895] (-) TimerEvent: {}
[21.503256] (interfaces_pkg) StdoutLine: {'line': b'[ 68%] \x1b[32mBuilding CXX object CMakeFiles/interfaces_pkg__rosidl_typesupport_c.dir/rosidl_typesupport_c/interfaces_pkg/msg/rail_info__type_support.cpp.o\x1b[0m\n'}
[21.503983] (interfaces_pkg) StdoutLine: {'line': b'[ 69%] \x1b[32mBuilding CXX object CMakeFiles/interfaces_pkg__rosidl_typesupport_fastrtps_c.dir/rosidl_typesupport_fastrtps_c/interfaces_pkg/msg/detail/bounding_box2_d__type_support_c.cpp.o\x1b[0m\n'}
[21.516835] (interfaces_pkg) StdoutLine: {'line': b'[ 69%] \x1b[32mBuilding CXX object CMakeFiles/interfaces_pkg__rosidl_typesupport_c.dir/rosidl_typesupport_c/interfaces_pkg/msg/motion_command__type_support.cpp.o\x1b[0m\n'}
[21.527306] (interfaces_pkg) StdoutLine: {'line': b'[ 70%] \x1b[32m\x1b[1mLinking C shared library libinterfaces_pkg__rosidl_typesupport_introspection_c.so\x1b[0m\n'}
[21.569098] (-) TimerEvent: {}
[21.669860] (-) TimerEvent: {}
[21.679689] (interfaces_pkg) StdoutLine: {'line': b'[ 71%] \x1b[32mBuilding CXX object CMakeFiles/interfaces_pkg__rosidl_typesupport_c.dir/rosidl_typesupport_c/interfaces_pkg/msg/target_point__type_support.cpp.o\x1b[0m\n'}
[21.709166] (interfaces_pkg) StdoutLine: {'line': b'[ 71%] \x1b[32mBuilding CXX object CMakeFiles/interfaces_pkg__rosidl_typesupport_fastrtps_c.dir/rosidl_typesupport_fastrtps_c/interfaces_pkg/msg/detail/bounding_box3_d__type_support_c.cpp.o\x1b[0m\n'}
[21.711986] (interfaces_pkg) StdoutLine: {'line': b'[ 72%] \x1b[32mBuilding CXX object CMakeFiles/interfaces_pkg__rosidl_typesupport_c.dir/rosidl_typesupport_c/interfaces_pkg/msg/path_planning_result__type_support.cpp.o\x1b[0m\n'}
[21.717221] (interfaces_pkg) StdoutLine: {'line': b'[ 73%] Built target interfaces_pkg__rosidl_typesupport_introspection_c\n'}
[21.770081] (-) TimerEvent: {}
[21.792492] (interfaces_pkg) StdoutLine: {'line': b'[ 73%] \x1b[32mBuilding CXX object CMakeFiles/interfaces_pkg__rosidl_typesupport_c.dir/rosidl_typesupport_c/interfaces_pkg/action/rail_approach__type_support.cpp.o\x1b[0m\n'}
[21.874633] (interfaces_pkg) StdoutLine: {'line': b'[ 74%] \x1b[32mBuilding CXX object CMakeFiles/interfaces_pkg__rosidl_typesupport_fastrtps_c.dir/rosidl_typesupport_fastrtps_c/interfaces_pkg/msg/detail/mask__type_support_c.cpp.o\x1b[0m\n'}
[21.875332] (-) TimerEvent: {}
[21.909666] (interfaces_pkg) StdoutLine: {'line': b'[ 75%] \x1b[32mBuilding CXX object CMakeFiles/interfaces_pkg__rosidl_typesupport_fastrtps_c.dir/rosidl_typesupport_fastrtps_c/interfaces_pkg/msg/detail/key_point2_d__type_support_c.cpp.o\x1b[0m\n'}
[21.975581] (-) TimerEvent: {}
[22.056911] (interfaces_pkg) StdoutLine: {'line': b'[ 76%] \x1b[32m\x1b[1mLinking CXX shared library libinterfaces_pkg__rosidl_typesupport_c.so\x1b[0m\n'}
[22.075798] (-) TimerEvent: {}
[22.176563] (-) TimerEvent: {}
[22.266283] (interfaces_pkg) StdoutLine: {'line': b'[ 77%] Built target interfaces_pkg__rosidl_typesupport_c\n'}
[22.276790] (-) TimerEvent: {}
[22.320800] (interfaces_pkg) StdoutLine: {'line': b'[ 77%] \x1b[32mBuilding CXX object CMakeFiles/interfaces_pkg__rosidl_typesupport_fastrtps_c.dir/rosidl_typesupport_fastrtps_c/interfaces_pkg/msg/detail/key_point2_d_array__type_support_c.cpp.o\x1b[0m\n'}
[22.377009] (-) TimerEvent: {}
[22.416998] (interfaces_pkg) StdoutLine: {'line': b'[ 78%] \x1b[32mBuilding CXX object CMakeFiles/interfaces_pkg__rosidl_typesupport_fastrtps_c.dir/rosidl_typesupport_fastrtps_c/interfaces_pkg/msg/detail/key_point3_d__type_support_c.cpp.o\x1b[0m\n'}
[22.430802] (interfaces_pkg) StdoutLine: {'line': b'[ 78%] \x1b[32mBuilding CXX object CMakeFiles/interfaces_pkg__rosidl_typesupport_fastrtps_c.dir/rosidl_typesupport_fastrtps_c/interfaces_pkg/msg/detail/key_point3_d_array__type_support_c.cpp.o\x1b[0m\n'}
[22.477235] (-) TimerEvent: {}
[22.578019] (-) TimerEvent: {}
[22.678767] (-) TimerEvent: {}
[22.693114] (interfaces_pkg) StdoutLine: {'line': b'[ 79%] \x1b[32mBuilding CXX object CMakeFiles/interfaces_pkg__rosidl_typesupport_fastrtps_c.dir/rosidl_typesupport_fastrtps_c/interfaces_pkg/msg/detail/detection__type_support_c.cpp.o\x1b[0m\n'}
[22.778964] (-) TimerEvent: {}
[22.879698] (-) TimerEvent: {}
[22.980442] (-) TimerEvent: {}
[23.081181] (-) TimerEvent: {}
[23.108883] (interfaces_pkg) StdoutLine: {'line': b'[ 80%] \x1b[32mBuilding CXX object CMakeFiles/interfaces_pkg__rosidl_typesupport_fastrtps_c.dir/rosidl_typesupport_fastrtps_c/interfaces_pkg/msg/detail/detection_array__type_support_c.cpp.o\x1b[0m\n'}
[23.181433] (-) TimerEvent: {}
[23.282225] (-) TimerEvent: {}
[23.382970] (-) TimerEvent: {}
[23.483691] (-) TimerEvent: {}
[23.485521] (interfaces_pkg) StdoutLine: {'line': b'[ 80%] \x1b[32mBuilding CXX object CMakeFiles/interfaces_pkg__rosidl_typesupport_fastrtps_c.dir/rosidl_typesupport_fastrtps_c/interfaces_pkg/msg/detail/lane_info__type_support_c.cpp.o\x1b[0m\n'}
[23.541252] (interfaces_pkg) StdoutLine: {'line': b'[ 81%] \x1b[32mBuilding CXX object CMakeFiles/interfaces_pkg__rosidl_typesupport_fastrtps_c.dir/rosidl_typesupport_fastrtps_c/interfaces_pkg/msg/detail/rail_info__type_support_c.cpp.o\x1b[0m\n'}
[23.561037] (interfaces_pkg) StdoutLine: {'line': b'[ 81%] \x1b[32mBuilding CXX object CMakeFiles/interfaces_pkg__rosidl_typesupport_fastrtps_c.dir/rosidl_typesupport_fastrtps_c/interfaces_pkg/msg/detail/motion_command__type_support_c.cpp.o\x1b[0m\n'}
[23.583901] (-) TimerEvent: {}
[23.684617] (-) TimerEvent: {}
[23.770889] (interfaces_pkg) StdoutLine: {'line': b'[ 82%] \x1b[32mBuilding CXX object CMakeFiles/interfaces_pkg__rosidl_typesupport_fastrtps_c.dir/rosidl_typesupport_fastrtps_c/interfaces_pkg/msg/detail/target_point__type_support_c.cpp.o\x1b[0m\n'}
[23.784920] (-) TimerEvent: {}
[23.885729] (-) TimerEvent: {}
[23.986510] (-) TimerEvent: {}
[24.021147] (interfaces_pkg) StdoutLine: {'line': b'[ 83%] \x1b[32mBuilding CXX object CMakeFiles/interfaces_pkg__rosidl_typesupport_fastrtps_c.dir/rosidl_typesupport_fastrtps_c/interfaces_pkg/msg/detail/path_planning_result__type_support_c.cpp.o\x1b[0m\n'}
[24.086708] (-) TimerEvent: {}
[24.187509] (-) TimerEvent: {}
[24.288272] (-) TimerEvent: {}
[24.389031] (-) TimerEvent: {}
[24.489837] (-) TimerEvent: {}
[24.590623] (-) TimerEvent: {}
[24.685928] (interfaces_pkg) StdoutLine: {'line': b'[ 83%] \x1b[32mBuilding CXX object CMakeFiles/interfaces_pkg__rosidl_typesupport_fastrtps_c.dir/rosidl_typesupport_fastrtps_c/interfaces_pkg/action/detail/rail_approach__type_support_c.cpp.o\x1b[0m\n'}
[24.690810] (-) TimerEvent: {}
[24.791557] (-) TimerEvent: {}
[24.892315] (-) TimerEvent: {}
[24.993052] (-) TimerEvent: {}
[25.093837] (-) TimerEvent: {}
[25.194565] (-) TimerEvent: {}
[25.291040] (theimc_navigation2) StdoutLine: {'line': b'[ 75%] \x1b[32m\x1b[1mLinking CXX shared library libtheimc_speed_limit_panel.so\x1b[0m\n'}
[25.294696] (-) TimerEvent: {}
[25.395345] (-) TimerEvent: {}
[25.496275] (-) TimerEvent: {}
[25.597040] (-) TimerEvent: {}
[25.614950] (interfaces_pkg) StdoutLine: {'line': b'[ 84%] \x1b[32m\x1b[1mLinking CXX shared library libinterfaces_pkg__rosidl_typesupport_fastrtps_c.so\x1b[0m\n'}
[25.697241] (-) TimerEvent: {}
[25.797977] (-) TimerEvent: {}
[25.815068] (interfaces_pkg) StdoutLine: {'line': b'[ 85%] Built target interfaces_pkg__rosidl_typesupport_fastrtps_c\n'}
[25.858630] (interfaces_pkg) StdoutLine: {'line': b'[ 85%] Built target interfaces_pkg\n'}
[25.898178] (-) TimerEvent: {}
[25.910987] (interfaces_pkg) StdoutLine: {'line': b'[ 86%] Built target interfaces_pkg__py\n'}
[25.939719] (interfaces_pkg) StdoutLine: {'line': b'\x1b[35m\x1b[1mConsolidate compiler generated dependencies of target interfaces_pkg__rosidl_generator_py\x1b[0m\n'}
[25.998708] (-) TimerEvent: {}
[26.004349] (interfaces_pkg) StdoutLine: {'line': b'[ 87%] \x1b[32mBuilding C object CMakeFiles/interfaces_pkg__rosidl_generator_py.dir/rosidl_generator_py/interfaces_pkg/msg/_mask_s.c.o\x1b[0m\n'}
[26.008364] (interfaces_pkg) StdoutLine: {'line': b'[ 87%] \x1b[32mBuilding C object CMakeFiles/interfaces_pkg__rosidl_generator_py.dir/rosidl_generator_py/interfaces_pkg/msg/_bounding_box2_d_s.c.o\x1b[0m\n'}
[26.012649] (interfaces_pkg) StdoutLine: {'line': b'[ 88%] \x1b[32mBuilding C object CMakeFiles/interfaces_pkg__rosidl_generator_py.dir/rosidl_generator_py/interfaces_pkg/msg/_vector2_s.c.o\x1b[0m\n'}
[26.015827] (interfaces_pkg) StdoutLine: {'line': b'[ 88%] \x1b[32mBuilding C object CMakeFiles/interfaces_pkg__rosidl_generator_py.dir/rosidl_generator_py/interfaces_pkg/msg/_pose2_d_s.c.o\x1b[0m\n'}
[26.016822] (interfaces_pkg) StdoutLine: {'line': b'[ 88%] \x1b[32mBuilding C object CMakeFiles/interfaces_pkg__rosidl_generator_py.dir/rosidl_generator_py/interfaces_pkg/msg/_point2_d_s.c.o\x1b[0m\n'}
[26.017309] (interfaces_pkg) StdoutLine: {'line': b'[ 89%] \x1b[32mBuilding C object CMakeFiles/interfaces_pkg__rosidl_generator_py.dir/rosidl_generator_py/interfaces_pkg/msg/_bounding_box3_d_s.c.o\x1b[0m\n'}
[26.098883] (-) TimerEvent: {}
[26.199668] (-) TimerEvent: {}
[26.293028] (interfaces_pkg) StdoutLine: {'line': b'[ 90%] \x1b[32mBuilding C object CMakeFiles/interfaces_pkg__rosidl_generator_py.dir/rosidl_generator_py/interfaces_pkg/msg/_key_point2_d_s.c.o\x1b[0m\n'}
[26.299877] (-) TimerEvent: {}
[26.340411] (interfaces_pkg) StdoutLine: {'line': b'[ 90%] \x1b[32mBuilding C object CMakeFiles/interfaces_pkg__rosidl_generator_py.dir/rosidl_generator_py/interfaces_pkg/msg/_key_point2_d_array_s.c.o\x1b[0m\n'}
[26.357024] (interfaces_pkg) StdoutLine: {'line': b'[ 91%] \x1b[32mBuilding C object CMakeFiles/interfaces_pkg__rosidl_generator_py.dir/rosidl_generator_py/interfaces_pkg/msg/_key_point3_d_s.c.o\x1b[0m\n'}
[26.400156] (-) TimerEvent: {}
[26.439608] (interfaces_pkg) StdoutLine: {'line': b'[ 92%] \x1b[32mBuilding C object CMakeFiles/interfaces_pkg__rosidl_generator_py.dir/rosidl_generator_py/interfaces_pkg/msg/_key_point3_d_array_s.c.o\x1b[0m\n'}
[26.470016] (interfaces_pkg) StdoutLine: {'line': b'[ 92%] \x1b[32mBuilding C object CMakeFiles/interfaces_pkg__rosidl_generator_py.dir/rosidl_generator_py/interfaces_pkg/msg/_detection_s.c.o\x1b[0m\n'}
[26.493204] (interfaces_pkg) StdoutLine: {'line': b'[ 93%] \x1b[32mBuilding C object CMakeFiles/interfaces_pkg__rosidl_generator_py.dir/rosidl_generator_py/interfaces_pkg/msg/_detection_array_s.c.o\x1b[0m\n'}
[26.500343] (-) TimerEvent: {}
[26.580108] (interfaces_pkg) StdoutLine: {'line': b'[ 93%] \x1b[32mBuilding C object CMakeFiles/interfaces_pkg__rosidl_generator_py.dir/rosidl_generator_py/interfaces_pkg/msg/_lane_info_s.c.o\x1b[0m\n'}
[26.600578] (-) TimerEvent: {}
[26.640408] (interfaces_pkg) StdoutLine: {'line': b'[ 94%] \x1b[32mBuilding C object CMakeFiles/interfaces_pkg__rosidl_generator_py.dir/rosidl_generator_py/interfaces_pkg/msg/_rail_info_s.c.o\x1b[0m\n'}
[26.687243] (interfaces_pkg) StdoutLine: {'line': b'[ 95%] \x1b[32mBuilding C object CMakeFiles/interfaces_pkg__rosidl_generator_py.dir/rosidl_generator_py/interfaces_pkg/msg/_motion_command_s.c.o\x1b[0m\n'}
[26.703341] (-) TimerEvent: {}
[26.760820] (interfaces_pkg) StdoutLine: {'line': b'[ 95%] \x1b[32mBuilding C object CMakeFiles/interfaces_pkg__rosidl_generator_py.dir/rosidl_generator_py/interfaces_pkg/msg/_target_point_s.c.o\x1b[0m\n'}
[26.787514] (interfaces_pkg) StdoutLine: {'line': b'[ 96%] \x1b[32mBuilding C object CMakeFiles/interfaces_pkg__rosidl_generator_py.dir/rosidl_generator_py/interfaces_pkg/msg/_path_planning_result_s.c.o\x1b[0m\n'}
[26.803556] (-) TimerEvent: {}
[26.861710] (interfaces_pkg) StdoutLine: {'line': b'[ 96%] \x1b[32mBuilding C object CMakeFiles/interfaces_pkg__rosidl_generator_py.dir/rosidl_generator_py/interfaces_pkg/action/_rail_approach_s.c.o\x1b[0m\n'}
[26.903766] (-) TimerEvent: {}
[27.004524] (-) TimerEvent: {}
[27.105278] (-) TimerEvent: {}
[27.206011] (-) TimerEvent: {}
[27.252010] (interfaces_pkg) StdoutLine: {'line': b'[ 97%] \x1b[32m\x1b[1mLinking C shared library rosidl_generator_py/interfaces_pkg/libinterfaces_pkg__rosidl_generator_py.so\x1b[0m\n'}
[27.306224] (-) TimerEvent: {}
[27.353569] (interfaces_pkg) StdoutLine: {'line': b'[ 97%] Built target interfaces_pkg__rosidl_generator_py\n'}
[27.375520] (interfaces_pkg) StdoutLine: {'line': b'\x1b[35m\x1b[1mConsolidate compiler generated dependencies of target interfaces_pkg__rosidl_typesupport_introspection_c__pyext\x1b[0m\n'}
[27.376053] (interfaces_pkg) StdoutLine: {'line': b'\x1b[35m\x1b[1mConsolidate compiler generated dependencies of target interfaces_pkg__rosidl_typesupport_c__pyext\x1b[0m\n'}
[27.376452] (interfaces_pkg) StdoutLine: {'line': b'\x1b[35m\x1b[1mConsolidate compiler generated dependencies of target interfaces_pkg__rosidl_typesupport_fastrtps_c__pyext\x1b[0m\n'}
[27.405561] (interfaces_pkg) StdoutLine: {'line': b'[ 97%] \x1b[32mBuilding C object CMakeFiles/interfaces_pkg__rosidl_typesupport_introspection_c__pyext.dir/rosidl_generator_py/interfaces_pkg/_interfaces_pkg_s.ep.rosidl_typesupport_introspection_c.c.o\x1b[0m\n'}
[27.406199] (-) TimerEvent: {}
[27.415932] (interfaces_pkg) StdoutLine: {'line': b'[ 97%] \x1b[32mBuilding C object CMakeFiles/interfaces_pkg__rosidl_typesupport_c__pyext.dir/rosidl_generator_py/interfaces_pkg/_interfaces_pkg_s.ep.rosidl_typesupport_c.c.o\x1b[0m\n'}
[27.427874] (interfaces_pkg) StdoutLine: {'line': b'[ 97%] \x1b[32mBuilding C object CMakeFiles/interfaces_pkg__rosidl_typesupport_fastrtps_c__pyext.dir/rosidl_generator_py/interfaces_pkg/_interfaces_pkg_s.ep.rosidl_typesupport_fastrtps_c.c.o\x1b[0m\n'}
[27.506465] (-) TimerEvent: {}
[27.607215] (-) TimerEvent: {}
[27.707984] (-) TimerEvent: {}
[27.794670] (interfaces_pkg) StdoutLine: {'line': b'[ 98%] \x1b[32m\x1b[1mLinking C shared library rosidl_generator_py/interfaces_pkg/interfaces_pkg_s__rosidl_typesupport_introspection_c.cpython-310-aarch64-linux-gnu.so\x1b[0m\n'}
[27.808197] (-) TimerEvent: {}
[27.891831] (interfaces_pkg) StdoutLine: {'line': b'[ 98%] Built target interfaces_pkg__rosidl_typesupport_introspection_c__pyext\n'}
[27.893262] (interfaces_pkg) StdoutLine: {'line': b'[ 99%] \x1b[32m\x1b[1mLinking C shared library rosidl_generator_py/interfaces_pkg/interfaces_pkg_s__rosidl_typesupport_c.cpython-310-aarch64-linux-gnu.so\x1b[0m\n'}
[27.908386] (-) TimerEvent: {}
[27.923419] (interfaces_pkg) StdoutLine: {'line': b'[100%] \x1b[32m\x1b[1mLinking C shared library rosidl_generator_py/interfaces_pkg/interfaces_pkg_s__rosidl_typesupport_fastrtps_c.cpython-310-aarch64-linux-gnu.so\x1b[0m\n'}
[27.992285] (interfaces_pkg) StdoutLine: {'line': b'[100%] Built target interfaces_pkg__rosidl_typesupport_c__pyext\n'}
[28.008559] (-) TimerEvent: {}
[28.023522] (interfaces_pkg) StdoutLine: {'line': b'[100%] Built target interfaces_pkg__rosidl_typesupport_fastrtps_c__pyext\n'}
[28.054807] (interfaces_pkg) CommandEnded: {'returncode': 0}
[28.056715] (interfaces_pkg) JobProgress: {'identifier': 'interfaces_pkg', 'progress': 'install'}
[28.057290] (interfaces_pkg) Command: {'cmd': ['/usr/bin/cmake', '--install', '/home/jeff/theimc_robot/build/interfaces_pkg'], 'cwd': '/home/jeff/theimc_robot/build/interfaces_pkg', 'env': OrderedDict([('LESSOPEN', '| /usr/bin/lesspipe %s'), ('USER', 'jeff'), ('SSH_CLIENT', '192.168.0.8 39154 22'), ('LC_TIME', 'ko_KR.UTF-8'), ('XDG_SESSION_TYPE', 'tty'), ('GIT_ASKPASS', '/home/jeff/.vscode-server/cli/servers/Stable-0958016b2af9f09bb4257e0df4a95e2f90590f9f/server/extensions/git/dist/askpass.sh'), ('SHLVL', '2'), ('LD_LIBRARY_PATH', '/home/jeff/theimc_robot/install/theimc_bt_nodes/lib:/home/jeff/theimc_robot/install/theimc_navigation2/lib:/home/jeff/theimc_robot/install/interfaces_pkg/lib:/opt/ros/humble/opt/rviz_ogre_vendor/lib:/opt/ros/humble/lib/aarch64-linux-gnu:/opt/ros/humble/lib'), ('BROWSER', '/home/jeff/.vscode-server/cli/servers/Stable-0958016b2af9f09bb4257e0df4a95e2f90590f9f/server/bin/helpers/browser.sh'), ('MOTD_SHOWN', 'pam'), ('HOME', '/home/jeff'), ('TERM_PROGRAM_VERSION', '1.120.0'), ('VSCODE_IPC_HOOK_CLI', '/run/user/1002/vscode-ipc-2cae8003-01de-433d-a510-70591381ea1a.sock'), ('ROS_PYTHON_VERSION', '3'), ('VSCODE_GIT_ASKPASS_MAIN', '/home/jeff/.vscode-server/cli/servers/Stable-0958016b2af9f09bb4257e0df4a95e2f90590f9f/server/extensions/git/dist/askpass-main.js'), ('LC_MONETARY', 'ko_KR.UTF-8'), ('VSCODE_GIT_ASKPASS_NODE', '/home/jeff/.vscode-server/cli/servers/Stable-0958016b2af9f09bb4257e0df4a95e2f90590f9f/server/node'), ('VSCODE_PYTHON_AUTOACTIVATE_GUARD', '1'), ('DBUS_SESSION_BUS_ADDRESS', 'unix:path=/run/user/1002/bus'), ('COLORTERM', 'truecolor'), ('COLCON_PREFIX_PATH', '/home/jeff/theimc_robot/install'), ('ROS_DISTRO', 'humble'), ('LOGNAME', 'jeff'), ('_', '/usr/bin/colcon'), ('ROS_VERSION', '2'), ('XDG_SESSION_CLASS', 'user'), ('TERM', 'xterm-256color'), ('XDG_SESSION_ID', '5'), ('ROS_LOCALHOST_ONLY', '0'), ('PATH', '/home/jeff/.vscode-server/data/User/globalStorage/github.copilot-chat/debugCommand:/home/jeff/.vscode-server/data/User/globalStorage/github.copilot-chat/copilotCli:/home/jeff/.vscode-server/cli/servers/Stable-0958016b2af9f09bb4257e0df4a95e2f90590f9f/server/bin/remote-cli:/opt/ros/humble/bin:/usr/local/sbin:/usr/local/bin:/usr/sbin:/usr/bin:/sbin:/bin:/usr/games:/usr/local/games:/snap/bin'), ('LC_ADDRESS', 'ko_KR.UTF-8'), ('XDG_RUNTIME_DIR', '/run/user/1002'), ('LANG', 'en_US.UTF-8'), ('LC_TELEPHONE', 'ko_KR.UTF-8'), ('LS_COLORS', 'rs=0:di=01;34:ln=01;36:mh=00:pi=40;33:so=01;35:do=01;35:bd=40;33;01:cd=40;33;01:or=40;31;01:mi=00:su=37;41:sg=30;43:ca=30;41:tw=30;42:ow=34;42:st=37;44:ex=01;32:*.tar=01;31:*.tgz=01;31:*.arc=01;31:*.arj=01;31:*.taz=01;31:*.lha=01;31:*.lz4=01;31:*.lzh=01;31:*.lzma=01;31:*.tlz=01;31:*.txz=01;31:*.tzo=01;31:*.t7z=01;31:*.zip=01;31:*.z=01;31:*.dz=01;31:*.gz=01;31:*.lrz=01;31:*.lz=01;31:*.lzo=01;31:*.xz=01;31:*.zst=01;31:*.tzst=01;31:*.bz2=01;31:*.bz=01;31:*.tbz=01;31:*.tbz2=01;31:*.tz=01;31:*.deb=01;31:*.rpm=01;31:*.jar=01;31:*.war=01;31:*.ear=01;31:*.sar=01;31:*.rar=01;31:*.alz=01;31:*.ace=01;31:*.zoo=01;31:*.cpio=01;31:*.7z=01;31:*.rz=01;31:*.cab=01;31:*.wim=01;31:*.swm=01;31:*.dwm=01;31:*.esd=01;31:*.jpg=01;35:*.jpeg=01;35:*.mjpg=01;35:*.mjpeg=01;35:*.gif=01;35:*.bmp=01;35:*.pbm=01;35:*.pgm=01;35:*.ppm=01;35:*.tga=01;35:*.xbm=01;35:*.xpm=01;35:*.tif=01;35:*.tiff=01;35:*.png=01;35:*.svg=01;35:*.svgz=01;35:*.mng=01;35:*.pcx=01;35:*.mov=01;35:*.mpg=01;35:*.mpeg=01;35:*.m2v=01;35:*.mkv=01;35:*.webm=01;35:*.webp=01;35:*.ogm=01;35:*.mp4=01;35:*.m4v=01;35:*.mp4v=01;35:*.vob=01;35:*.qt=01;35:*.nuv=01;35:*.wmv=01;35:*.asf=01;35:*.rm=01;35:*.rmvb=01;35:*.flc=01;35:*.avi=01;35:*.fli=01;35:*.flv=01;35:*.gl=01;35:*.dl=01;35:*.xcf=01;35:*.xwd=01;35:*.yuv=01;35:*.cgm=01;35:*.emf=01;35:*.ogv=01;35:*.ogx=01;35:*.aac=00;36:*.au=00;36:*.flac=00;36:*.m4a=00;36:*.mid=00;36:*.midi=00;36:*.mka=00;36:*.mp3=00;36:*.mpc=00;36:*.ogg=00;36:*.ra=00;36:*.wav=00;36:*.oga=00;36:*.opus=00;36:*.spx=00;36:*.xspf=00;36:'), ('VSCODE_GIT_IPC_HANDLE', '/run/user/1002/vscode-git-e19acbb9aa.sock'), ('TERM_PROGRAM', 'vscode'), ('ROS_DOMAIN_ID', '25'), ('AMENT_PREFIX_PATH', '/home/jeff/theimc_robot/install/theimc_teleop:/home/jeff/theimc_robot/install/theimc_bt_nodes:/home/jeff/theimc_robot/install/theimc_navigation2:/home/jeff/theimc_robot/install/theimc_description:/home/jeff/theimc_robot/install/theimc_bringup:/home/jeff/theimc_robot/install/sllidar_ros2:/home/jeff/theimc_robot/install/localizer_server:/home/jeff/theimc_robot/install/decision_making_pkg:/home/jeff/theimc_robot/install/interfaces_pkg:/home/jeff/theimc_robot/install/debug_pkg:/home/jeff/theimc_robot/install/camera_perception_pkg:/opt/ros/humble'), ('SHELL', '/bin/bash'), ('LC_NAME', 'ko_KR.UTF-8'), ('LESSCLOSE', '/usr/bin/lesspipe %s %s'), ('LC_MEASUREMENT', 'ko_KR.UTF-8'), ('LC_IDENTIFICATION', 'ko_KR.UTF-8'), ('VSCODE_GIT_ASKPASS_EXTRA_ARGS', ''), ('PWD', '/home/jeff/theimc_robot/build/interfaces_pkg'), ('LC_ALL', 'en_US.UTF-8'), ('SSH_CONNECTION', '192.168.0.8 39154 192.168.0.81 22'), ('XDG_DATA_DIRS', '/usr/share/gnome:/usr/local/share:/usr/share:/var/lib/snapd/desktop'), ('PYTHONPATH', '/home/jeff/theimc_robot/build/theimc_teleop:/home/jeff/theimc_robot/install/theimc_teleop/lib/python3.10/site-packages:/home/jeff/theimc_robot/build/theimc_bringup:/home/jeff/theimc_robot/install/theimc_bringup/lib/python3.10/site-packages:/home/jeff/theimc_robot/build/localizer_server:/home/jeff/theimc_robot/install/localizer_server/lib/python3.10/site-packages:/home/jeff/theimc_robot/build/decision_making_pkg:/home/jeff/theimc_robot/install/decision_making_pkg/lib/python3.10/site-packages:/home/jeff/theimc_robot/install/interfaces_pkg/local/lib/python3.10/dist-packages:/home/jeff/theimc_robot/build/debug_pkg:/home/jeff/theimc_robot/install/debug_pkg/lib/python3.10/site-packages:/home/jeff/theimc_robot/build/camera_perception_pkg:/home/jeff/theimc_robot/install/camera_perception_pkg/lib/python3.10/site-packages:/opt/ros/humble/lib/python3.10/site-packages:/opt/ros/humble/local/lib/python3.10/dist-packages'), ('LC_NUMERIC', 'ko_KR.UTF-8'), ('LC_PAPER', 'ko_KR.UTF-8'), ('COLCON', '1'), ('CMAKE_PREFIX_PATH', '/home/jeff/theimc_robot/install/theimc_bt_nodes:/home/jeff/theimc_robot/install/theimc_navigation2:/home/jeff/theimc_robot/install/theimc_description:/home/jeff/theimc_robot/install/sllidar_ros2:/home/jeff/theimc_robot/install/interfaces_pkg:/home/jeff/theimc_robot/install/theimc_teleop:/home/jeff/theimc_robot/install/theimc_bringup:/home/jeff/theimc_robot/install/localizer_server:/home/jeff/theimc_robot/install/decision_making_pkg:/home/jeff/theimc_robot/install/debug_pkg:/home/jeff/theimc_robot/install/camera_perception_pkg:/opt/ros/humble')]), 'shell': False}
[28.076685] (interfaces_pkg) StdoutLine: {'line': b'-- Install configuration: ""\n'}
[28.078813] (interfaces_pkg) StdoutLine: {'line': b'-- Execute custom install script\n'}
[28.079627] (interfaces_pkg) StdoutLine: {'line': b'-- Up-to-date symlink: /home/jeff/theimc_robot/install/interfaces_pkg/share/ament_index/resource_index/rosidl_interfaces/interfaces_pkg\n'}
[28.082019] (interfaces_pkg) StdoutLine: {'line': b'-- Up-to-date symlink: /home/jeff/theimc_robot/install/interfaces_pkg/include/interfaces_pkg/interfaces_pkg/action/detail/rail_approach__functions.h\n'}
[28.082644] (interfaces_pkg) StdoutLine: {'line': b'-- Up-to-date symlink: /home/jeff/theimc_robot/install/interfaces_pkg/include/interfaces_pkg/interfaces_pkg/action/detail/rail_approach__struct.h\n'}
[28.083078] (interfaces_pkg) StdoutLine: {'line': b'-- Up-to-date symlink: /home/jeff/theimc_robot/install/interfaces_pkg/include/interfaces_pkg/interfaces_pkg/action/detail/rail_approach__type_support.h\n'}
[28.083566] (interfaces_pkg) StdoutLine: {'line': b'-- Up-to-date symlink: /home/jeff/theimc_robot/install/interfaces_pkg/include/interfaces_pkg/interfaces_pkg/action/rail_approach.h\n'}
[28.084056] (interfaces_pkg) StdoutLine: {'line': b'-- Up-to-date symlink: /home/jeff/theimc_robot/install/interfaces_pkg/include/interfaces_pkg/interfaces_pkg/msg/bounding_box2_d.h\n'}
[28.084577] (interfaces_pkg) StdoutLine: {'line': b'-- Up-to-date symlink: /home/jeff/theimc_robot/install/interfaces_pkg/include/interfaces_pkg/interfaces_pkg/msg/bounding_box3_d.h\n'}
[28.085093] (interfaces_pkg) StdoutLine: {'line': b'-- Up-to-date symlink: /home/jeff/theimc_robot/install/interfaces_pkg/include/interfaces_pkg/interfaces_pkg/msg/detail/bounding_box2_d__functions.h\n'}
[28.085576] (interfaces_pkg) StdoutLine: {'line': b'-- Up-to-date symlink: /home/jeff/theimc_robot/install/interfaces_pkg/include/interfaces_pkg/interfaces_pkg/msg/detail/bounding_box2_d__struct.h\n'}
[28.086071] (interfaces_pkg) StdoutLine: {'line': b'-- Up-to-date symlink: /home/jeff/theimc_robot/install/interfaces_pkg/include/interfaces_pkg/interfaces_pkg/msg/detail/bounding_box2_d__type_support.h\n'}
[28.086666] (interfaces_pkg) StdoutLine: {'line': b'-- Up-to-date symlink: /home/jeff/theimc_robot/install/interfaces_pkg/include/interfaces_pkg/interfaces_pkg/msg/detail/bounding_box3_d__functions.h\n'}
[28.087111] (interfaces_pkg) StdoutLine: {'line': b'-- Up-to-date symlink: /home/jeff/theimc_robot/install/interfaces_pkg/include/interfaces_pkg/interfaces_pkg/msg/detail/bounding_box3_d__struct.h\n'}
[28.087605] (interfaces_pkg) StdoutLine: {'line': b'-- Up-to-date symlink: /home/jeff/theimc_robot/install/interfaces_pkg/include/interfaces_pkg/interfaces_pkg/msg/detail/bounding_box3_d__type_support.h\n'}
[28.088116] (interfaces_pkg) StdoutLine: {'line': b'-- Up-to-date symlink: /home/jeff/theimc_robot/install/interfaces_pkg/include/interfaces_pkg/interfaces_pkg/msg/detail/detection__functions.h\n'}
[28.088640] (interfaces_pkg) StdoutLine: {'line': b'-- Up-to-date symlink: /home/jeff/theimc_robot/install/interfaces_pkg/include/interfaces_pkg/interfaces_pkg/msg/detail/detection__struct.h\n'}
[28.089127] (interfaces_pkg) StdoutLine: {'line': b'-- Up-to-date symlink: /home/jeff/theimc_robot/install/interfaces_pkg/include/interfaces_pkg/interfaces_pkg/msg/detail/detection__type_support.h\n'}
[28.089621] (interfaces_pkg) StdoutLine: {'line': b'-- Up-to-date symlink: /home/jeff/theimc_robot/install/interfaces_pkg/include/interfaces_pkg/interfaces_pkg/msg/detail/detection_array__functions.h\n'}
[28.090128] (interfaces_pkg) StdoutLine: {'line': b'-- Up-to-date symlink: /home/jeff/theimc_robot/install/interfaces_pkg/include/interfaces_pkg/interfaces_pkg/msg/detail/detection_array__struct.h\n'}
[28.090663] (interfaces_pkg) StdoutLine: {'line': b'-- Up-to-date symlink: /home/jeff/theimc_robot/install/interfaces_pkg/include/interfaces_pkg/interfaces_pkg/msg/detail/detection_array__type_support.h\n'}
[28.091162] (interfaces_pkg) StdoutLine: {'line': b'-- Up-to-date symlink: /home/jeff/theimc_robot/install/interfaces_pkg/include/interfaces_pkg/interfaces_pkg/msg/detail/key_point2_d__functions.h\n'}
[28.091654] (interfaces_pkg) StdoutLine: {'line': b'-- Up-to-date symlink: /home/jeff/theimc_robot/install/interfaces_pkg/include/interfaces_pkg/interfaces_pkg/msg/detail/key_point2_d__struct.h\n'}
[28.092142] (interfaces_pkg) StdoutLine: {'line': b'-- Up-to-date symlink: /home/jeff/theimc_robot/install/interfaces_pkg/include/interfaces_pkg/interfaces_pkg/msg/detail/key_point2_d__type_support.h\n'}
[28.092643] (interfaces_pkg) StdoutLine: {'line': b'-- Up-to-date symlink: /home/jeff/theimc_robot/install/interfaces_pkg/include/interfaces_pkg/interfaces_pkg/msg/detail/key_point2_d_array__functions.h\n'}
[28.093119] (interfaces_pkg) StdoutLine: {'line': b'-- Up-to-date symlink: /home/jeff/theimc_robot/install/interfaces_pkg/include/interfaces_pkg/interfaces_pkg/msg/detail/key_point2_d_array__struct.h\n'}
[28.093612] (interfaces_pkg) StdoutLine: {'line': b'-- Up-to-date symlink: /home/jeff/theimc_robot/install/interfaces_pkg/include/interfaces_pkg/interfaces_pkg/msg/detail/key_point2_d_array__type_support.h\n'}
[28.094098] (interfaces_pkg) StdoutLine: {'line': b'-- Up-to-date symlink: /home/jeff/theimc_robot/install/interfaces_pkg/include/interfaces_pkg/interfaces_pkg/msg/detail/key_point3_d__functions.h\n'}
[28.094628] (interfaces_pkg) StdoutLine: {'line': b'-- Up-to-date symlink: /home/jeff/theimc_robot/install/interfaces_pkg/include/interfaces_pkg/interfaces_pkg/msg/detail/key_point3_d__struct.h\n'}
[28.095123] (interfaces_pkg) StdoutLine: {'line': b'-- Up-to-date symlink: /home/jeff/theimc_robot/install/interfaces_pkg/include/interfaces_pkg/interfaces_pkg/msg/detail/key_point3_d__type_support.h\n'}
[28.095608] (interfaces_pkg) StdoutLine: {'line': b'-- Up-to-date symlink: /home/jeff/theimc_robot/install/interfaces_pkg/include/interfaces_pkg/interfaces_pkg/msg/detail/key_point3_d_array__functions.h\n'}
[28.096109] (interfaces_pkg) StdoutLine: {'line': b'-- Up-to-date symlink: /home/jeff/theimc_robot/install/interfaces_pkg/include/interfaces_pkg/interfaces_pkg/msg/detail/key_point3_d_array__struct.h\n'}
[28.097010] (interfaces_pkg) StdoutLine: {'line': b'-- Up-to-date symlink: /home/jeff/theimc_robot/install/interfaces_pkg/include/interfaces_pkg/interfaces_pkg/msg/detail/key_point3_d_array__type_support.h\n'}
[28.101557] (interfaces_pkg) StdoutLine: {'line': b'-- Up-to-date symlink: /home/jeff/theimc_robot/install/interfaces_pkg/include/interfaces_pkg/interfaces_pkg/msg/detail/lane_info__functions.h\n'}
[28.101995] (interfaces_pkg) StdoutLine: {'line': b'-- Up-to-date symlink: /home/jeff/theimc_robot/install/interfaces_pkg/include/interfaces_pkg/interfaces_pkg/msg/detail/lane_info__struct.h\n'}
[28.102184] (interfaces_pkg) StdoutLine: {'line': b'-- Up-to-date symlink: /home/jeff/theimc_robot/install/interfaces_pkg/include/interfaces_pkg/interfaces_pkg/msg/detail/lane_info__type_support.h\n'}
[28.102369] (interfaces_pkg) StdoutLine: {'line': b'-- Up-to-date symlink: /home/jeff/theimc_robot/install/interfaces_pkg/include/interfaces_pkg/interfaces_pkg/msg/detail/mask__functions.h\n'}
[28.102613] (interfaces_pkg) StdoutLine: {'line': b'-- Up-to-date symlink: /home/jeff/theimc_robot/install/interfaces_pkg/include/interfaces_pkg/interfaces_pkg/msg/detail/mask__struct.h\n'}
[28.102761] (interfaces_pkg) StdoutLine: {'line': b'-- Up-to-date symlink: /home/jeff/theimc_robot/install/interfaces_pkg/include/interfaces_pkg/interfaces_pkg/msg/detail/mask__type_support.h\n'}
[28.102905] (interfaces_pkg) StdoutLine: {'line': b'-- Up-to-date symlink: /home/jeff/theimc_robot/install/interfaces_pkg/include/interfaces_pkg/interfaces_pkg/msg/detail/motion_command__functions.h\n'}
[28.103047] (interfaces_pkg) StdoutLine: {'line': b'-- Up-to-date symlink: /home/jeff/theimc_robot/install/interfaces_pkg/include/interfaces_pkg/interfaces_pkg/msg/detail/motion_command__struct.h\n'}
[28.103232] (interfaces_pkg) StdoutLine: {'line': b'-- Up-to-date symlink: /home/jeff/theimc_robot/install/interfaces_pkg/include/interfaces_pkg/interfaces_pkg/msg/detail/motion_command__type_support.h\n'}
[28.103388] (interfaces_pkg) StdoutLine: {'line': b'-- Up-to-date symlink: /home/jeff/theimc_robot/install/interfaces_pkg/include/interfaces_pkg/interfaces_pkg/msg/detail/path_planning_result__functions.h\n'}
[28.103531] (interfaces_pkg) StdoutLine: {'line': b'-- Up-to-date symlink: /home/jeff/theimc_robot/install/interfaces_pkg/include/interfaces_pkg/interfaces_pkg/msg/detail/path_planning_result__struct.h\n'}
[28.103672] (interfaces_pkg) StdoutLine: {'line': b'-- Up-to-date symlink: /home/jeff/theimc_robot/install/interfaces_pkg/include/interfaces_pkg/interfaces_pkg/msg/detail/path_planning_result__type_support.h\n'}
[28.103815] (interfaces_pkg) StdoutLine: {'line': b'-- Up-to-date symlink: /home/jeff/theimc_robot/install/interfaces_pkg/include/interfaces_pkg/interfaces_pkg/msg/detail/point2_d__functions.h\n'}
[28.104230] (interfaces_pkg) StdoutLine: {'line': b'-- Up-to-date symlink: /home/jeff/theimc_robot/install/interfaces_pkg/include/interfaces_pkg/interfaces_pkg/msg/detail/point2_d__struct.h\n'}
[28.104392] (interfaces_pkg) StdoutLine: {'line': b'-- Up-to-date symlink: /home/jeff/theimc_robot/install/interfaces_pkg/include/interfaces_pkg/interfaces_pkg/msg/detail/point2_d__type_support.h\n'}
[28.104539] (interfaces_pkg) StdoutLine: {'line': b'-- Up-to-date symlink: /home/jeff/theimc_robot/install/interfaces_pkg/include/interfaces_pkg/interfaces_pkg/msg/detail/pose2_d__functions.h\n'}
[28.104957] (interfaces_pkg) StdoutLine: {'line': b'-- Up-to-date symlink: /home/jeff/theimc_robot/install/interfaces_pkg/include/interfaces_pkg/interfaces_pkg/msg/detail/pose2_d__struct.h\n'}
[28.105337] (interfaces_pkg) StdoutLine: {'line': b'-- Up-to-date symlink: /home/jeff/theimc_robot/install/interfaces_pkg/include/interfaces_pkg/interfaces_pkg/msg/detail/pose2_d__type_support.h\n'}
[28.106036] (interfaces_pkg) StdoutLine: {'line': b'-- Up-to-date symlink: /home/jeff/theimc_robot/install/interfaces_pkg/include/interfaces_pkg/interfaces_pkg/msg/detail/rail_info__functions.h\n'}
[28.106601] (interfaces_pkg) StdoutLine: {'line': b'-- Up-to-date symlink: /home/jeff/theimc_robot/install/interfaces_pkg/include/interfaces_pkg/interfaces_pkg/msg/detail/rail_info__struct.h\n'}
[28.106907] (interfaces_pkg) StdoutLine: {'line': b'-- Up-to-date symlink: /home/jeff/theimc_robot/install/interfaces_pkg/include/interfaces_pkg/interfaces_pkg/msg/detail/rail_info__type_support.h\n'}
[28.107456] (interfaces_pkg) StdoutLine: {'line': b'-- Up-to-date symlink: /home/jeff/theimc_robot/install/interfaces_pkg/include/interfaces_pkg/interfaces_pkg/msg/detail/target_point__functions.h\n'}
[28.108035] (interfaces_pkg) StdoutLine: {'line': b'-- Up-to-date symlink: /home/jeff/theimc_robot/install/interfaces_pkg/include/interfaces_pkg/interfaces_pkg/msg/detail/target_point__struct.h\n'}
[28.108481] (interfaces_pkg) StdoutLine: {'line': b'-- Up-to-date symlink: /home/jeff/theimc_robot/install/interfaces_pkg/include/interfaces_pkg/interfaces_pkg/msg/detail/target_point__type_support.h\n'}
[28.108656] (-) TimerEvent: {}
[28.109518] (interfaces_pkg) StdoutLine: {'line': b'-- Up-to-date symlink: /home/jeff/theimc_robot/install/interfaces_pkg/include/interfaces_pkg/interfaces_pkg/msg/detail/vector2__functions.h\n'}
[28.109799] (interfaces_pkg) StdoutLine: {'line': b'-- Up-to-date symlink: /home/jeff/theimc_robot/install/interfaces_pkg/include/interfaces_pkg/interfaces_pkg/msg/detail/vector2__struct.h\n'}
[28.109976] (interfaces_pkg) StdoutLine: {'line': b'-- Up-to-date symlink: /home/jeff/theimc_robot/install/interfaces_pkg/include/interfaces_pkg/interfaces_pkg/msg/detail/vector2__type_support.h\n'}
[28.110439] (interfaces_pkg) StdoutLine: {'line': b'-- Up-to-date symlink: /home/jeff/theimc_robot/install/interfaces_pkg/include/interfaces_pkg/interfaces_pkg/msg/detection.h\n'}
[28.110824] (interfaces_pkg) StdoutLine: {'line': b'-- Up-to-date symlink: /home/jeff/theimc_robot/install/interfaces_pkg/include/interfaces_pkg/interfaces_pkg/msg/detection_array.h\n'}
[28.111265] (interfaces_pkg) StdoutLine: {'line': b'-- Up-to-date symlink: /home/jeff/theimc_robot/install/interfaces_pkg/include/interfaces_pkg/interfaces_pkg/msg/key_point2_d.h\n'}
[28.111710] (interfaces_pkg) StdoutLine: {'line': b'-- Up-to-date symlink: /home/jeff/theimc_robot/install/interfaces_pkg/include/interfaces_pkg/interfaces_pkg/msg/key_point2_d_array.h\n'}
[28.112155] (interfaces_pkg) StdoutLine: {'line': b'-- Up-to-date symlink: /home/jeff/theimc_robot/install/interfaces_pkg/include/interfaces_pkg/interfaces_pkg/msg/key_point3_d.h\n'}
[28.112601] (interfaces_pkg) StdoutLine: {'line': b'-- Up-to-date symlink: /home/jeff/theimc_robot/install/interfaces_pkg/include/interfaces_pkg/interfaces_pkg/msg/key_point3_d_array.h\n'}
[28.113034] (interfaces_pkg) StdoutLine: {'line': b'-- Up-to-date symlink: /home/jeff/theimc_robot/install/interfaces_pkg/include/interfaces_pkg/interfaces_pkg/msg/lane_info.h\n'}
[28.113474] (interfaces_pkg) StdoutLine: {'line': b'-- Up-to-date symlink: /home/jeff/theimc_robot/install/interfaces_pkg/include/interfaces_pkg/interfaces_pkg/msg/mask.h\n'}
[28.114819] (interfaces_pkg) StdoutLine: {'line': b'-- Up-to-date symlink: /home/jeff/theimc_robot/install/interfaces_pkg/include/interfaces_pkg/interfaces_pkg/msg/motion_command.h\n'}
[28.115314] (interfaces_pkg) StdoutLine: {'line': b'-- Up-to-date symlink: /home/jeff/theimc_robot/install/interfaces_pkg/include/interfaces_pkg/interfaces_pkg/msg/path_planning_result.h\n'}
[28.115858] (interfaces_pkg) StdoutLine: {'line': b'-- Up-to-date symlink: /home/jeff/theimc_robot/install/interfaces_pkg/include/interfaces_pkg/interfaces_pkg/msg/point2_d.h\n'}
[28.116152] (interfaces_pkg) StdoutLine: {'line': b'-- Up-to-date symlink: /home/jeff/theimc_robot/install/interfaces_pkg/include/interfaces_pkg/interfaces_pkg/msg/pose2_d.h\n'}
[28.116319] (interfaces_pkg) StdoutLine: {'line': b'-- Up-to-date symlink: /home/jeff/theimc_robot/install/interfaces_pkg/include/interfaces_pkg/interfaces_pkg/msg/rail_info.h\n'}
[28.116552] (interfaces_pkg) StdoutLine: {'line': b'-- Up-to-date symlink: /home/jeff/theimc_robot/install/interfaces_pkg/include/interfaces_pkg/interfaces_pkg/msg/rosidl_generator_c__visibility_control.h\n'}
[28.117028] (interfaces_pkg) StdoutLine: {'line': b'-- Up-to-date symlink: /home/jeff/theimc_robot/install/interfaces_pkg/include/interfaces_pkg/interfaces_pkg/msg/target_point.h\n'}
[28.117444] (interfaces_pkg) StdoutLine: {'line': b'-- Up-to-date symlink: /home/jeff/theimc_robot/install/interfaces_pkg/include/interfaces_pkg/interfaces_pkg/msg/vector2.h\n'}
[28.118136] (interfaces_pkg) StdoutLine: {'line': b'-- Up-to-date symlink: /home/jeff/theimc_robot/install/interfaces_pkg/share/interfaces_pkg/environment/library_path.sh\n'}
[28.118776] (interfaces_pkg) StdoutLine: {'line': b'-- Up-to-date symlink: /home/jeff/theimc_robot/install/interfaces_pkg/share/interfaces_pkg/environment/library_path.dsv\n'}
[28.120931] (interfaces_pkg) StdoutLine: {'line': b'-- Up-to-date symlink: /home/jeff/theimc_robot/install/interfaces_pkg/include/interfaces_pkg/interfaces_pkg/action/detail/rail_approach__rosidl_typesupport_fastrtps_c.h\n'}
[28.121376] (interfaces_pkg) StdoutLine: {'line': b'-- Up-to-date symlink: /home/jeff/theimc_robot/install/interfaces_pkg/include/interfaces_pkg/interfaces_pkg/msg/detail/bounding_box2_d__rosidl_typesupport_fastrtps_c.h\n'}
[28.121860] (interfaces_pkg) StdoutLine: {'line': b'-- Up-to-date symlink: /home/jeff/theimc_robot/install/interfaces_pkg/include/interfaces_pkg/interfaces_pkg/msg/detail/bounding_box3_d__rosidl_typesupport_fastrtps_c.h\n'}
[28.122339] (interfaces_pkg) StdoutLine: {'line': b'-- Up-to-date symlink: /home/jeff/theimc_robot/install/interfaces_pkg/include/interfaces_pkg/interfaces_pkg/msg/detail/detection__rosidl_typesupport_fastrtps_c.h\n'}
[28.122829] (interfaces_pkg) StdoutLine: {'line': b'-- Up-to-date symlink: /home/jeff/theimc_robot/install/interfaces_pkg/include/interfaces_pkg/interfaces_pkg/msg/detail/detection_array__rosidl_typesupport_fastrtps_c.h\n'}
[28.123303] (interfaces_pkg) StdoutLine: {'line': b'-- Up-to-date symlink: /home/jeff/theimc_robot/install/interfaces_pkg/include/interfaces_pkg/interfaces_pkg/msg/detail/key_point2_d__rosidl_typesupport_fastrtps_c.h\n'}
[28.123764] (interfaces_pkg) StdoutLine: {'line': b'-- Up-to-date symlink: /home/jeff/theimc_robot/install/interfaces_pkg/include/interfaces_pkg/interfaces_pkg/msg/detail/key_point2_d_array__rosidl_typesupport_fastrtps_c.h\n'}
[28.124229] (interfaces_pkg) StdoutLine: {'line': b'-- Up-to-date symlink: /home/jeff/theimc_robot/install/interfaces_pkg/include/interfaces_pkg/interfaces_pkg/msg/detail/key_point3_d__rosidl_typesupport_fastrtps_c.h\n'}
[28.124704] (interfaces_pkg) StdoutLine: {'line': b'-- Up-to-date symlink: /home/jeff/theimc_robot/install/interfaces_pkg/include/interfaces_pkg/interfaces_pkg/msg/detail/key_point3_d_array__rosidl_typesupport_fastrtps_c.h\n'}
[28.125160] (interfaces_pkg) StdoutLine: {'line': b'-- Up-to-date symlink: /home/jeff/theimc_robot/install/interfaces_pkg/include/interfaces_pkg/interfaces_pkg/msg/detail/lane_info__rosidl_typesupport_fastrtps_c.h\n'}
[28.125629] (interfaces_pkg) StdoutLine: {'line': b'-- Up-to-date symlink: /home/jeff/theimc_robot/install/interfaces_pkg/include/interfaces_pkg/interfaces_pkg/msg/detail/mask__rosidl_typesupport_fastrtps_c.h\n'}
[28.126078] (interfaces_pkg) StdoutLine: {'line': b'-- Up-to-date symlink: /home/jeff/theimc_robot/install/interfaces_pkg/include/interfaces_pkg/interfaces_pkg/msg/detail/motion_command__rosidl_typesupport_fastrtps_c.h\n'}
[28.126561] (interfaces_pkg) StdoutLine: {'line': b'-- Up-to-date symlink: /home/jeff/theimc_robot/install/interfaces_pkg/include/interfaces_pkg/interfaces_pkg/msg/detail/path_planning_result__rosidl_typesupport_fastrtps_c.h\n'}
[28.127013] (interfaces_pkg) StdoutLine: {'line': b'-- Up-to-date symlink: /home/jeff/theimc_robot/install/interfaces_pkg/include/interfaces_pkg/interfaces_pkg/msg/detail/point2_d__rosidl_typesupport_fastrtps_c.h\n'}
[28.127475] (interfaces_pkg) StdoutLine: {'line': b'-- Up-to-date symlink: /home/jeff/theimc_robot/install/interfaces_pkg/include/interfaces_pkg/interfaces_pkg/msg/detail/pose2_d__rosidl_typesupport_fastrtps_c.h\n'}
[28.127926] (interfaces_pkg) StdoutLine: {'line': b'-- Up-to-date symlink: /home/jeff/theimc_robot/install/interfaces_pkg/include/interfaces_pkg/interfaces_pkg/msg/detail/rail_info__rosidl_typesupport_fastrtps_c.h\n'}
[28.128351] (interfaces_pkg) StdoutLine: {'line': b'-- Up-to-date symlink: /home/jeff/theimc_robot/install/interfaces_pkg/include/interfaces_pkg/interfaces_pkg/msg/detail/target_point__rosidl_typesupport_fastrtps_c.h\n'}
[28.128832] (interfaces_pkg) StdoutLine: {'line': b'-- Up-to-date symlink: /home/jeff/theimc_robot/install/interfaces_pkg/include/interfaces_pkg/interfaces_pkg/msg/detail/vector2__rosidl_typesupport_fastrtps_c.h\n'}
[28.129279] (interfaces_pkg) StdoutLine: {'line': b'-- Up-to-date symlink: /home/jeff/theimc_robot/install/interfaces_pkg/include/interfaces_pkg/interfaces_pkg/msg/rosidl_typesupport_fastrtps_c__visibility_control.h\n'}
[28.131009] (interfaces_pkg) StdoutLine: {'line': b'-- Up-to-date symlink: /home/jeff/theimc_robot/install/interfaces_pkg/include/interfaces_pkg/interfaces_pkg/action/detail/rail_approach__rosidl_typesupport_introspection_c.h\n'}
[28.131435] (interfaces_pkg) StdoutLine: {'line': b'-- Up-to-date symlink: /home/jeff/theimc_robot/install/interfaces_pkg/include/interfaces_pkg/interfaces_pkg/msg/detail/bounding_box2_d__rosidl_typesupport_introspection_c.h\n'}
[28.131921] (interfaces_pkg) StdoutLine: {'line': b'-- Up-to-date symlink: /home/jeff/theimc_robot/install/interfaces_pkg/include/interfaces_pkg/interfaces_pkg/msg/detail/bounding_box3_d__rosidl_typesupport_introspection_c.h\n'}
[28.132391] (interfaces_pkg) StdoutLine: {'line': b'-- Up-to-date symlink: /home/jeff/theimc_robot/install/interfaces_pkg/include/interfaces_pkg/interfaces_pkg/msg/detail/detection__rosidl_typesupport_introspection_c.h\n'}
[28.132887] (interfaces_pkg) StdoutLine: {'line': b'-- Up-to-date symlink: /home/jeff/theimc_robot/install/interfaces_pkg/include/interfaces_pkg/interfaces_pkg/msg/detail/detection_array__rosidl_typesupport_introspection_c.h\n'}
[28.133346] (interfaces_pkg) StdoutLine: {'line': b'-- Up-to-date symlink: /home/jeff/theimc_robot/install/interfaces_pkg/include/interfaces_pkg/interfaces_pkg/msg/detail/key_point2_d__rosidl_typesupport_introspection_c.h\n'}
[28.133811] (interfaces_pkg) StdoutLine: {'line': b'-- Up-to-date symlink: /home/jeff/theimc_robot/install/interfaces_pkg/include/interfaces_pkg/interfaces_pkg/msg/detail/key_point2_d_array__rosidl_typesupport_introspection_c.h\n'}
[28.134266] (interfaces_pkg) StdoutLine: {'line': b'-- Up-to-date symlink: /home/jeff/theimc_robot/install/interfaces_pkg/include/interfaces_pkg/interfaces_pkg/msg/detail/key_point3_d__rosidl_typesupport_introspection_c.h\n'}
[28.134779] (interfaces_pkg) StdoutLine: {'line': b'-- Up-to-date symlink: /home/jeff/theimc_robot/install/interfaces_pkg/include/interfaces_pkg/interfaces_pkg/msg/detail/key_point3_d_array__rosidl_typesupport_introspection_c.h\n'}
[28.135244] (interfaces_pkg) StdoutLine: {'line': b'-- Up-to-date symlink: /home/jeff/theimc_robot/install/interfaces_pkg/include/interfaces_pkg/interfaces_pkg/msg/detail/lane_info__rosidl_typesupport_introspection_c.h\n'}
[28.135691] (interfaces_pkg) StdoutLine: {'line': b'-- Up-to-date symlink: /home/jeff/theimc_robot/install/interfaces_pkg/include/interfaces_pkg/interfaces_pkg/msg/detail/mask__rosidl_typesupport_introspection_c.h\n'}
[28.136153] (interfaces_pkg) StdoutLine: {'line': b'-- Up-to-date symlink: /home/jeff/theimc_robot/install/interfaces_pkg/include/interfaces_pkg/interfaces_pkg/msg/detail/motion_command__rosidl_typesupport_introspection_c.h\n'}
[28.136602] (interfaces_pkg) StdoutLine: {'line': b'-- Up-to-date symlink: /home/jeff/theimc_robot/install/interfaces_pkg/include/interfaces_pkg/interfaces_pkg/msg/detail/path_planning_result__rosidl_typesupport_introspection_c.h\n'}
[28.137071] (interfaces_pkg) StdoutLine: {'line': b'-- Up-to-date symlink: /home/jeff/theimc_robot/install/interfaces_pkg/include/interfaces_pkg/interfaces_pkg/msg/detail/point2_d__rosidl_typesupport_introspection_c.h\n'}
[28.137512] (interfaces_pkg) StdoutLine: {'line': b'-- Up-to-date symlink: /home/jeff/theimc_robot/install/interfaces_pkg/include/interfaces_pkg/interfaces_pkg/msg/detail/pose2_d__rosidl_typesupport_introspection_c.h\n'}
[28.137956] (interfaces_pkg) StdoutLine: {'line': b'-- Up-to-date symlink: /home/jeff/theimc_robot/install/interfaces_pkg/include/interfaces_pkg/interfaces_pkg/msg/detail/rail_info__rosidl_typesupport_introspection_c.h\n'}
[28.138412] (interfaces_pkg) StdoutLine: {'line': b'-- Up-to-date symlink: /home/jeff/theimc_robot/install/interfaces_pkg/include/interfaces_pkg/interfaces_pkg/msg/detail/target_point__rosidl_typesupport_introspection_c.h\n'}
[28.138870] (interfaces_pkg) StdoutLine: {'line': b'-- Up-to-date symlink: /home/jeff/theimc_robot/install/interfaces_pkg/include/interfaces_pkg/interfaces_pkg/msg/detail/vector2__rosidl_typesupport_introspection_c.h\n'}
[28.139334] (interfaces_pkg) StdoutLine: {'line': b'-- Up-to-date symlink: /home/jeff/theimc_robot/install/interfaces_pkg/include/interfaces_pkg/interfaces_pkg/msg/rosidl_typesupport_introspection_c__visibility_control.h\n'}
[28.141718] (interfaces_pkg) StdoutLine: {'line': b'-- Up-to-date symlink: /home/jeff/theimc_robot/install/interfaces_pkg/include/interfaces_pkg/interfaces_pkg/action/detail/rail_approach__builder.hpp\n'}
[28.142157] (interfaces_pkg) StdoutLine: {'line': b'-- Up-to-date symlink: /home/jeff/theimc_robot/install/interfaces_pkg/include/interfaces_pkg/interfaces_pkg/action/detail/rail_approach__struct.hpp\n'}
[28.142804] (interfaces_pkg) StdoutLine: {'line': b'-- Up-to-date symlink: /home/jeff/theimc_robot/install/interfaces_pkg/include/interfaces_pkg/interfaces_pkg/action/detail/rail_approach__traits.hpp\n'}
[28.143262] (interfaces_pkg) StdoutLine: {'line': b'-- Up-to-date symlink: /home/jeff/theimc_robot/install/interfaces_pkg/include/interfaces_pkg/interfaces_pkg/action/detail/rail_approach__type_support.hpp\n'}
[28.143837] (interfaces_pkg) StdoutLine: {'line': b'-- Up-to-date symlink: /home/jeff/theimc_robot/install/interfaces_pkg/include/interfaces_pkg/interfaces_pkg/action/rail_approach.hpp\n'}
[28.144219] (interfaces_pkg) StdoutLine: {'line': b'-- Up-to-date symlink: /home/jeff/theimc_robot/install/interfaces_pkg/include/interfaces_pkg/interfaces_pkg/msg/bounding_box2_d.hpp\n'}
[28.144685] (interfaces_pkg) StdoutLine: {'line': b'-- Up-to-date symlink: /home/jeff/theimc_robot/install/interfaces_pkg/include/interfaces_pkg/interfaces_pkg/msg/bounding_box3_d.hpp\n'}
[28.145151] (interfaces_pkg) StdoutLine: {'line': b'-- Up-to-date symlink: /home/jeff/theimc_robot/install/interfaces_pkg/include/interfaces_pkg/interfaces_pkg/msg/detail/bounding_box2_d__builder.hpp\n'}
[28.145618] (interfaces_pkg) StdoutLine: {'line': b'-- Up-to-date symlink: /home/jeff/theimc_robot/install/interfaces_pkg/include/interfaces_pkg/interfaces_pkg/msg/detail/bounding_box2_d__struct.hpp\n'}
[28.146063] (interfaces_pkg) StdoutLine: {'line': b'-- Up-to-date symlink: /home/jeff/theimc_robot/install/interfaces_pkg/include/interfaces_pkg/interfaces_pkg/msg/detail/bounding_box2_d__traits.hpp\n'}
[28.146788] (interfaces_pkg) StdoutLine: {'line': b'-- Up-to-date symlink: /home/jeff/theimc_robot/install/interfaces_pkg/include/interfaces_pkg/interfaces_pkg/msg/detail/bounding_box2_d__type_support.hpp\n'}
[28.147092] (interfaces_pkg) StdoutLine: {'line': b'-- Up-to-date symlink: /home/jeff/theimc_robot/install/interfaces_pkg/include/interfaces_pkg/interfaces_pkg/msg/detail/bounding_box3_d__builder.hpp\n'}
[28.147509] (interfaces_pkg) StdoutLine: {'line': b'-- Up-to-date symlink: /home/jeff/theimc_robot/install/interfaces_pkg/include/interfaces_pkg/interfaces_pkg/msg/detail/bounding_box3_d__struct.hpp\n'}
[28.147965] (interfaces_pkg) StdoutLine: {'line': b'-- Up-to-date symlink: /home/jeff/theimc_robot/install/interfaces_pkg/include/interfaces_pkg/interfaces_pkg/msg/detail/bounding_box3_d__traits.hpp\n'}
[28.148430] (interfaces_pkg) StdoutLine: {'line': b'-- Up-to-date symlink: /home/jeff/theimc_robot/install/interfaces_pkg/include/interfaces_pkg/interfaces_pkg/msg/detail/bounding_box3_d__type_support.hpp\n'}
[28.148915] (interfaces_pkg) StdoutLine: {'line': b'-- Up-to-date symlink: /home/jeff/theimc_robot/install/interfaces_pkg/include/interfaces_pkg/interfaces_pkg/msg/detail/detection__builder.hpp\n'}
[28.149393] (interfaces_pkg) StdoutLine: {'line': b'-- Up-to-date symlink: /home/jeff/theimc_robot/install/interfaces_pkg/include/interfaces_pkg/interfaces_pkg/msg/detail/detection__struct.hpp\n'}
[28.149855] (interfaces_pkg) StdoutLine: {'line': b'-- Up-to-date symlink: /home/jeff/theimc_robot/install/interfaces_pkg/include/interfaces_pkg/interfaces_pkg/msg/detail/detection__traits.hpp\n'}
[28.150313] (interfaces_pkg) StdoutLine: {'line': b'-- Up-to-date symlink: /home/jeff/theimc_robot/install/interfaces_pkg/include/interfaces_pkg/interfaces_pkg/msg/detail/detection__type_support.hpp\n'}
[28.150898] (interfaces_pkg) StdoutLine: {'line': b'-- Up-to-date symlink: /home/jeff/theimc_robot/install/interfaces_pkg/include/interfaces_pkg/interfaces_pkg/msg/detail/detection_array__builder.hpp\n'}
[28.151260] (interfaces_pkg) StdoutLine: {'line': b'-- Up-to-date symlink: /home/jeff/theimc_robot/install/interfaces_pkg/include/interfaces_pkg/interfaces_pkg/msg/detail/detection_array__struct.hpp\n'}
[28.151706] (interfaces_pkg) StdoutLine: {'line': b'-- Up-to-date symlink: /home/jeff/theimc_robot/install/interfaces_pkg/include/interfaces_pkg/interfaces_pkg/msg/detail/detection_array__traits.hpp\n'}
[28.152173] (interfaces_pkg) StdoutLine: {'line': b'-- Up-to-date symlink: /home/jeff/theimc_robot/install/interfaces_pkg/include/interfaces_pkg/interfaces_pkg/msg/detail/detection_array__type_support.hpp\n'}
[28.152632] (interfaces_pkg) StdoutLine: {'line': b'-- Up-to-date symlink: /home/jeff/theimc_robot/install/interfaces_pkg/include/interfaces_pkg/interfaces_pkg/msg/detail/key_point2_d__builder.hpp\n'}
[28.153094] (interfaces_pkg) StdoutLine: {'line': b'-- Up-to-date symlink: /home/jeff/theimc_robot/install/interfaces_pkg/include/interfaces_pkg/interfaces_pkg/msg/detail/key_point2_d__struct.hpp\n'}
[28.153546] (interfaces_pkg) StdoutLine: {'line': b'-- Up-to-date symlink: /home/jeff/theimc_robot/install/interfaces_pkg/include/interfaces_pkg/interfaces_pkg/msg/detail/key_point2_d__traits.hpp\n'}
[28.154000] (interfaces_pkg) StdoutLine: {'line': b'-- Up-to-date symlink: /home/jeff/theimc_robot/install/interfaces_pkg/include/interfaces_pkg/interfaces_pkg/msg/detail/key_point2_d__type_support.hpp\n'}
[28.154525] (interfaces_pkg) StdoutLine: {'line': b'-- Up-to-date symlink: /home/jeff/theimc_robot/install/interfaces_pkg/include/interfaces_pkg/interfaces_pkg/msg/detail/key_point2_d_array__builder.hpp\n'}
[28.154971] (interfaces_pkg) StdoutLine: {'line': b'-- Up-to-date symlink: /home/jeff/theimc_robot/install/interfaces_pkg/include/interfaces_pkg/interfaces_pkg/msg/detail/key_point2_d_array__struct.hpp\n'}
[28.155405] (interfaces_pkg) StdoutLine: {'line': b'-- Up-to-date symlink: /home/jeff/theimc_robot/install/interfaces_pkg/include/interfaces_pkg/interfaces_pkg/msg/detail/key_point2_d_array__traits.hpp\n'}
[28.155865] (interfaces_pkg) StdoutLine: {'line': b'-- Up-to-date symlink: /home/jeff/theimc_robot/install/interfaces_pkg/include/interfaces_pkg/interfaces_pkg/msg/detail/key_point2_d_array__type_support.hpp\n'}
[28.156320] (interfaces_pkg) StdoutLine: {'line': b'-- Up-to-date symlink: /home/jeff/theimc_robot/install/interfaces_pkg/include/interfaces_pkg/interfaces_pkg/msg/detail/key_point3_d__builder.hpp\n'}
[28.156760] (interfaces_pkg) StdoutLine: {'line': b'-- Up-to-date symlink: /home/jeff/theimc_robot/install/interfaces_pkg/include/interfaces_pkg/interfaces_pkg/msg/detail/key_point3_d__struct.hpp\n'}
[28.157209] (interfaces_pkg) StdoutLine: {'line': b'-- Up-to-date symlink: /home/jeff/theimc_robot/install/interfaces_pkg/include/interfaces_pkg/interfaces_pkg/msg/detail/key_point3_d__traits.hpp\n'}
[28.157696] (interfaces_pkg) StdoutLine: {'line': b'-- Up-to-date symlink: /home/jeff/theimc_robot/install/interfaces_pkg/include/interfaces_pkg/interfaces_pkg/msg/detail/key_point3_d__type_support.hpp\n'}
[28.158141] (interfaces_pkg) StdoutLine: {'line': b'-- Up-to-date symlink: /home/jeff/theimc_robot/install/interfaces_pkg/include/interfaces_pkg/interfaces_pkg/msg/detail/key_point3_d_array__builder.hpp\n'}
[28.159813] (interfaces_pkg) StdoutLine: {'line': b'-- Up-to-date symlink: /home/jeff/theimc_robot/install/interfaces_pkg/include/interfaces_pkg/interfaces_pkg/msg/detail/key_point3_d_array__struct.hpp\n'}
[28.160231] (interfaces_pkg) StdoutLine: {'line': b'-- Up-to-date symlink: /home/jeff/theimc_robot/install/interfaces_pkg/include/interfaces_pkg/interfaces_pkg/msg/detail/key_point3_d_array__traits.hpp\n'}
[28.160720] (interfaces_pkg) StdoutLine: {'line': b'-- Up-to-date symlink: /home/jeff/theimc_robot/install/interfaces_pkg/include/interfaces_pkg/interfaces_pkg/msg/detail/key_point3_d_array__type_support.hpp\n'}
[28.161161] (interfaces_pkg) StdoutLine: {'line': b'-- Up-to-date symlink: /home/jeff/theimc_robot/install/interfaces_pkg/include/interfaces_pkg/interfaces_pkg/msg/detail/lane_info__builder.hpp\n'}
[28.161637] (interfaces_pkg) StdoutLine: {'line': b'-- Up-to-date symlink: /home/jeff/theimc_robot/install/interfaces_pkg/include/interfaces_pkg/interfaces_pkg/msg/detail/lane_info__struct.hpp\n'}
[28.162097] (interfaces_pkg) StdoutLine: {'line': b'-- Up-to-date symlink: /home/jeff/theimc_robot/install/interfaces_pkg/include/interfaces_pkg/interfaces_pkg/msg/detail/lane_info__traits.hpp\n'}
[28.162599] (interfaces_pkg) StdoutLine: {'line': b'-- Up-to-date symlink: /home/jeff/theimc_robot/install/interfaces_pkg/include/interfaces_pkg/interfaces_pkg/msg/detail/lane_info__type_support.hpp\n'}
[28.163061] (interfaces_pkg) StdoutLine: {'line': b'-- Up-to-date symlink: /home/jeff/theimc_robot/install/interfaces_pkg/include/interfaces_pkg/interfaces_pkg/msg/detail/mask__builder.hpp\n'}
[28.163516] (interfaces_pkg) StdoutLine: {'line': b'-- Up-to-date symlink: /home/jeff/theimc_robot/install/interfaces_pkg/include/interfaces_pkg/interfaces_pkg/msg/detail/mask__struct.hpp\n'}
[28.163977] (interfaces_pkg) StdoutLine: {'line': b'-- Up-to-date symlink: /home/jeff/theimc_robot/install/interfaces_pkg/include/interfaces_pkg/interfaces_pkg/msg/detail/mask__traits.hpp\n'}
[28.164429] (interfaces_pkg) StdoutLine: {'line': b'-- Up-to-date symlink: /home/jeff/theimc_robot/install/interfaces_pkg/include/interfaces_pkg/interfaces_pkg/msg/detail/mask__type_support.hpp\n'}
[28.164876] (interfaces_pkg) StdoutLine: {'line': b'-- Up-to-date symlink: /home/jeff/theimc_robot/install/interfaces_pkg/include/interfaces_pkg/interfaces_pkg/msg/detail/motion_command__builder.hpp\n'}
[28.165322] (interfaces_pkg) StdoutLine: {'line': b'-- Up-to-date symlink: /home/jeff/theimc_robot/install/interfaces_pkg/include/interfaces_pkg/interfaces_pkg/msg/detail/motion_command__struct.hpp\n'}
[28.165811] (interfaces_pkg) StdoutLine: {'line': b'-- Up-to-date symlink: /home/jeff/theimc_robot/install/interfaces_pkg/include/interfaces_pkg/interfaces_pkg/msg/detail/motion_command__traits.hpp\n'}
[28.166276] (interfaces_pkg) StdoutLine: {'line': b'-- Up-to-date symlink: /home/jeff/theimc_robot/install/interfaces_pkg/include/interfaces_pkg/interfaces_pkg/msg/detail/motion_command__type_support.hpp\n'}
[28.166761] (interfaces_pkg) StdoutLine: {'line': b'-- Up-to-date symlink: /home/jeff/theimc_robot/install/interfaces_pkg/include/interfaces_pkg/interfaces_pkg/msg/detail/path_planning_result__builder.hpp\n'}
[28.167591] (interfaces_pkg) StdoutLine: {'line': b'-- Up-to-date symlink: /home/jeff/theimc_robot/install/interfaces_pkg/include/interfaces_pkg/interfaces_pkg/msg/detail/path_planning_result__struct.hpp\n'}
[28.167915] (interfaces_pkg) StdoutLine: {'line': b'-- Up-to-date symlink: /home/jeff/theimc_robot/install/interfaces_pkg/include/interfaces_pkg/interfaces_pkg/msg/detail/path_planning_result__traits.hpp\n'}
[28.169003] (interfaces_pkg) StdoutLine: {'line': b'-- Up-to-date symlink: /home/jeff/theimc_robot/install/interfaces_pkg/include/interfaces_pkg/interfaces_pkg/msg/detail/path_planning_result__type_support.hpp\n'}
[28.169296] (interfaces_pkg) StdoutLine: {'line': b'-- Up-to-date symlink: /home/jeff/theimc_robot/install/interfaces_pkg/include/interfaces_pkg/interfaces_pkg/msg/detail/point2_d__builder.hpp\n'}
[28.169507] (interfaces_pkg) StdoutLine: {'line': b'-- Up-to-date symlink: /home/jeff/theimc_robot/install/interfaces_pkg/include/interfaces_pkg/interfaces_pkg/msg/detail/point2_d__struct.hpp\n'}
[28.169741] (interfaces_pkg) StdoutLine: {'line': b'-- Up-to-date symlink: /home/jeff/theimc_robot/install/interfaces_pkg/include/interfaces_pkg/interfaces_pkg/msg/detail/point2_d__traits.hpp\n'}
[28.170263] (interfaces_pkg) StdoutLine: {'line': b'-- Up-to-date symlink: /home/jeff/theimc_robot/install/interfaces_pkg/include/interfaces_pkg/interfaces_pkg/msg/detail/point2_d__type_support.hpp\n'}
[28.170737] (interfaces_pkg) StdoutLine: {'line': b'-- Up-to-date symlink: /home/jeff/theimc_robot/install/interfaces_pkg/include/interfaces_pkg/interfaces_pkg/msg/detail/pose2_d__builder.hpp\n'}
[28.171130] (interfaces_pkg) StdoutLine: {'line': b'-- Up-to-date symlink: /home/jeff/theimc_robot/install/interfaces_pkg/include/interfaces_pkg/interfaces_pkg/msg/detail/pose2_d__struct.hpp\n'}
[28.171588] (interfaces_pkg) StdoutLine: {'line': b'-- Up-to-date symlink: /home/jeff/theimc_robot/install/interfaces_pkg/include/interfaces_pkg/interfaces_pkg/msg/detail/pose2_d__traits.hpp\n'}
[28.172050] (interfaces_pkg) StdoutLine: {'line': b'-- Up-to-date symlink: /home/jeff/theimc_robot/install/interfaces_pkg/include/interfaces_pkg/interfaces_pkg/msg/detail/pose2_d__type_support.hpp\n'}
[28.172544] (interfaces_pkg) StdoutLine: {'line': b'-- Up-to-date symlink: /home/jeff/theimc_robot/install/interfaces_pkg/include/interfaces_pkg/interfaces_pkg/msg/detail/rail_info__builder.hpp\n'}
[28.174871] (interfaces_pkg) StdoutLine: {'line': b'-- Up-to-date symlink: /home/jeff/theimc_robot/install/interfaces_pkg/include/interfaces_pkg/interfaces_pkg/msg/detail/rail_info__struct.hpp\n'}
[28.175295] (interfaces_pkg) StdoutLine: {'line': b'-- Up-to-date symlink: /home/jeff/theimc_robot/install/interfaces_pkg/include/interfaces_pkg/interfaces_pkg/msg/detail/rail_info__traits.hpp\n'}
[28.175488] (interfaces_pkg) StdoutLine: {'line': b'-- Up-to-date symlink: /home/jeff/theimc_robot/install/interfaces_pkg/include/interfaces_pkg/interfaces_pkg/msg/detail/rail_info__type_support.hpp\n'}
[28.175697] (interfaces_pkg) StdoutLine: {'line': b'-- Up-to-date symlink: /home/jeff/theimc_robot/install/interfaces_pkg/include/interfaces_pkg/interfaces_pkg/msg/detail/target_point__builder.hpp\n'}
[28.175858] (interfaces_pkg) StdoutLine: {'line': b'-- Up-to-date symlink: /home/jeff/theimc_robot/install/interfaces_pkg/include/interfaces_pkg/interfaces_pkg/msg/detail/target_point__struct.hpp\n'}
[28.176009] (interfaces_pkg) StdoutLine: {'line': b'-- Up-to-date symlink: /home/jeff/theimc_robot/install/interfaces_pkg/include/interfaces_pkg/interfaces_pkg/msg/detail/target_point__traits.hpp\n'}
[28.176154] (interfaces_pkg) StdoutLine: {'line': b'-- Up-to-date symlink: /home/jeff/theimc_robot/install/interfaces_pkg/include/interfaces_pkg/interfaces_pkg/msg/detail/target_point__type_support.hpp\n'}
[28.176301] (interfaces_pkg) StdoutLine: {'line': b'-- Up-to-date symlink: /home/jeff/theimc_robot/install/interfaces_pkg/include/interfaces_pkg/interfaces_pkg/msg/detail/vector2__builder.hpp\n'}
[28.176663] (interfaces_pkg) StdoutLine: {'line': b'-- Up-to-date symlink: /home/jeff/theimc_robot/install/interfaces_pkg/include/interfaces_pkg/interfaces_pkg/msg/detail/vector2__struct.hpp\n'}
[28.177080] (interfaces_pkg) StdoutLine: {'line': b'-- Up-to-date symlink: /home/jeff/theimc_robot/install/interfaces_pkg/include/interfaces_pkg/interfaces_pkg/msg/detail/vector2__traits.hpp\n'}
[28.177511] (interfaces_pkg) StdoutLine: {'line': b'-- Up-to-date symlink: /home/jeff/theimc_robot/install/interfaces_pkg/include/interfaces_pkg/interfaces_pkg/msg/detail/vector2__type_support.hpp\n'}
[28.177945] (interfaces_pkg) StdoutLine: {'line': b'-- Up-to-date symlink: /home/jeff/theimc_robot/install/interfaces_pkg/include/interfaces_pkg/interfaces_pkg/msg/detection.hpp\n'}
[28.178461] (interfaces_pkg) StdoutLine: {'line': b'-- Up-to-date symlink: /home/jeff/theimc_robot/install/interfaces_pkg/include/interfaces_pkg/interfaces_pkg/msg/detection_array.hpp\n'}
[28.178890] (interfaces_pkg) StdoutLine: {'line': b'-- Up-to-date symlink: /home/jeff/theimc_robot/install/interfaces_pkg/include/interfaces_pkg/interfaces_pkg/msg/key_point2_d.hpp\n'}
[28.179337] (interfaces_pkg) StdoutLine: {'line': b'-- Up-to-date symlink: /home/jeff/theimc_robot/install/interfaces_pkg/include/interfaces_pkg/interfaces_pkg/msg/key_point2_d_array.hpp\n'}
[28.179778] (interfaces_pkg) StdoutLine: {'line': b'-- Up-to-date symlink: /home/jeff/theimc_robot/install/interfaces_pkg/include/interfaces_pkg/interfaces_pkg/msg/key_point3_d.hpp\n'}
[28.180207] (interfaces_pkg) StdoutLine: {'line': b'-- Up-to-date symlink: /home/jeff/theimc_robot/install/interfaces_pkg/include/interfaces_pkg/interfaces_pkg/msg/key_point3_d_array.hpp\n'}
[28.180639] (interfaces_pkg) StdoutLine: {'line': b'-- Up-to-date symlink: /home/jeff/theimc_robot/install/interfaces_pkg/include/interfaces_pkg/interfaces_pkg/msg/lane_info.hpp\n'}
[28.181102] (interfaces_pkg) StdoutLine: {'line': b'-- Up-to-date symlink: /home/jeff/theimc_robot/install/interfaces_pkg/include/interfaces_pkg/interfaces_pkg/msg/mask.hpp\n'}
[28.181536] (interfaces_pkg) StdoutLine: {'line': b'-- Up-to-date symlink: /home/jeff/theimc_robot/install/interfaces_pkg/include/interfaces_pkg/interfaces_pkg/msg/motion_command.hpp\n'}
[28.182012] (interfaces_pkg) StdoutLine: {'line': b'-- Up-to-date symlink: /home/jeff/theimc_robot/install/interfaces_pkg/include/interfaces_pkg/interfaces_pkg/msg/path_planning_result.hpp\n'}
[28.182482] (interfaces_pkg) StdoutLine: {'line': b'-- Up-to-date symlink: /home/jeff/theimc_robot/install/interfaces_pkg/include/interfaces_pkg/interfaces_pkg/msg/point2_d.hpp\n'}
[28.182922] (interfaces_pkg) StdoutLine: {'line': b'-- Up-to-date symlink: /home/jeff/theimc_robot/install/interfaces_pkg/include/interfaces_pkg/interfaces_pkg/msg/pose2_d.hpp\n'}
[28.183345] (interfaces_pkg) StdoutLine: {'line': b'-- Up-to-date symlink: /home/jeff/theimc_robot/install/interfaces_pkg/include/interfaces_pkg/interfaces_pkg/msg/rail_info.hpp\n'}
[28.183797] (interfaces_pkg) StdoutLine: {'line': b'-- Up-to-date symlink: /home/jeff/theimc_robot/install/interfaces_pkg/include/interfaces_pkg/interfaces_pkg/msg/rosidl_generator_cpp__visibility_control.hpp\n'}
[28.184244] (interfaces_pkg) StdoutLine: {'line': b'-- Up-to-date symlink: /home/jeff/theimc_robot/install/interfaces_pkg/include/interfaces_pkg/interfaces_pkg/msg/target_point.hpp\n'}
[28.184687] (interfaces_pkg) StdoutLine: {'line': b'-- Up-to-date symlink: /home/jeff/theimc_robot/install/interfaces_pkg/include/interfaces_pkg/interfaces_pkg/msg/vector2.hpp\n'}
[28.187855] (interfaces_pkg) StdoutLine: {'line': b'-- Up-to-date symlink: /home/jeff/theimc_robot/install/interfaces_pkg/include/interfaces_pkg/interfaces_pkg/action/detail/rail_approach__rosidl_typesupport_fastrtps_cpp.hpp\n'}
[28.188255] (interfaces_pkg) StdoutLine: {'line': b'-- Up-to-date symlink: /home/jeff/theimc_robot/install/interfaces_pkg/include/interfaces_pkg/interfaces_pkg/msg/detail/bounding_box2_d__rosidl_typesupport_fastrtps_cpp.hpp\n'}
[28.188444] (interfaces_pkg) StdoutLine: {'line': b'-- Up-to-date symlink: /home/jeff/theimc_robot/install/interfaces_pkg/include/interfaces_pkg/interfaces_pkg/msg/detail/bounding_box3_d__rosidl_typesupport_fastrtps_cpp.hpp\n'}
[28.188607] (interfaces_pkg) StdoutLine: {'line': b'-- Up-to-date symlink: /home/jeff/theimc_robot/install/interfaces_pkg/include/interfaces_pkg/interfaces_pkg/msg/detail/detection__rosidl_typesupport_fastrtps_cpp.hpp\n'}
[28.189356] (interfaces_pkg) StdoutLine: {'line': b'-- Up-to-date symlink: /home/jeff/theimc_robot/install/interfaces_pkg/include/interfaces_pkg/interfaces_pkg/msg/detail/detection_array__rosidl_typesupport_fastrtps_cpp.hpp\n'}
[28.189601] (interfaces_pkg) StdoutLine: {'line': b'-- Up-to-date symlink: /home/jeff/theimc_robot/install/interfaces_pkg/include/interfaces_pkg/interfaces_pkg/msg/detail/key_point2_d__rosidl_typesupport_fastrtps_cpp.hpp\n'}
[28.189965] (interfaces_pkg) StdoutLine: {'line': b'-- Up-to-date symlink: /home/jeff/theimc_robot/install/interfaces_pkg/include/interfaces_pkg/interfaces_pkg/msg/detail/key_point2_d_array__rosidl_typesupport_fastrtps_cpp.hpp\n'}
[28.190380] (interfaces_pkg) StdoutLine: {'line': b'-- Up-to-date symlink: /home/jeff/theimc_robot/install/interfaces_pkg/include/interfaces_pkg/interfaces_pkg/msg/detail/key_point3_d__rosidl_typesupport_fastrtps_cpp.hpp\n'}
[28.190892] (interfaces_pkg) StdoutLine: {'line': b'-- Up-to-date symlink: /home/jeff/theimc_robot/install/interfaces_pkg/include/interfaces_pkg/interfaces_pkg/msg/detail/key_point3_d_array__rosidl_typesupport_fastrtps_cpp.hpp\n'}
[28.191352] (interfaces_pkg) StdoutLine: {'line': b'-- Up-to-date symlink: /home/jeff/theimc_robot/install/interfaces_pkg/include/interfaces_pkg/interfaces_pkg/msg/detail/lane_info__rosidl_typesupport_fastrtps_cpp.hpp\n'}
[28.191812] (interfaces_pkg) StdoutLine: {'line': b'-- Up-to-date symlink: /home/jeff/theimc_robot/install/interfaces_pkg/include/interfaces_pkg/interfaces_pkg/msg/detail/mask__rosidl_typesupport_fastrtps_cpp.hpp\n'}
[28.192252] (interfaces_pkg) StdoutLine: {'line': b'-- Up-to-date symlink: /home/jeff/theimc_robot/install/interfaces_pkg/include/interfaces_pkg/interfaces_pkg/msg/detail/motion_command__rosidl_typesupport_fastrtps_cpp.hpp\n'}
[28.192722] (interfaces_pkg) StdoutLine: {'line': b'-- Up-to-date symlink: /home/jeff/theimc_robot/install/interfaces_pkg/include/interfaces_pkg/interfaces_pkg/msg/detail/path_planning_result__rosidl_typesupport_fastrtps_cpp.hpp\n'}
[28.193181] (interfaces_pkg) StdoutLine: {'line': b'-- Up-to-date symlink: /home/jeff/theimc_robot/install/interfaces_pkg/include/interfaces_pkg/interfaces_pkg/msg/detail/point2_d__rosidl_typesupport_fastrtps_cpp.hpp\n'}
[28.193631] (interfaces_pkg) StdoutLine: {'line': b'-- Up-to-date symlink: /home/jeff/theimc_robot/install/interfaces_pkg/include/interfaces_pkg/interfaces_pkg/msg/detail/pose2_d__rosidl_typesupport_fastrtps_cpp.hpp\n'}
[28.194077] (interfaces_pkg) StdoutLine: {'line': b'-- Up-to-date symlink: /home/jeff/theimc_robot/install/interfaces_pkg/include/interfaces_pkg/interfaces_pkg/msg/detail/rail_info__rosidl_typesupport_fastrtps_cpp.hpp\n'}
[28.194567] (interfaces_pkg) StdoutLine: {'line': b'-- Up-to-date symlink: /home/jeff/theimc_robot/install/interfaces_pkg/include/interfaces_pkg/interfaces_pkg/msg/detail/target_point__rosidl_typesupport_fastrtps_cpp.hpp\n'}
[28.195012] (interfaces_pkg) StdoutLine: {'line': b'-- Up-to-date symlink: /home/jeff/theimc_robot/install/interfaces_pkg/include/interfaces_pkg/interfaces_pkg/msg/detail/vector2__rosidl_typesupport_fastrtps_cpp.hpp\n'}
[28.195449] (interfaces_pkg) StdoutLine: {'line': b'-- Up-to-date symlink: /home/jeff/theimc_robot/install/interfaces_pkg/include/interfaces_pkg/interfaces_pkg/msg/rosidl_typesupport_fastrtps_cpp__visibility_control.h\n'}
[28.196930] (interfaces_pkg) StdoutLine: {'line': b'-- Up-to-date symlink: /home/jeff/theimc_robot/install/interfaces_pkg/include/interfaces_pkg/interfaces_pkg/action/detail/rail_approach__rosidl_typesupport_introspection_cpp.hpp\n'}
[28.197402] (interfaces_pkg) StdoutLine: {'line': b'-- Up-to-date symlink: /home/jeff/theimc_robot/install/interfaces_pkg/include/interfaces_pkg/interfaces_pkg/msg/detail/bounding_box2_d__rosidl_typesupport_introspection_cpp.hpp\n'}
[28.197871] (interfaces_pkg) StdoutLine: {'line': b'-- Up-to-date symlink: /home/jeff/theimc_robot/install/interfaces_pkg/include/interfaces_pkg/interfaces_pkg/msg/detail/bounding_box3_d__rosidl_typesupport_introspection_cpp.hpp\n'}
[28.198386] (interfaces_pkg) StdoutLine: {'line': b'-- Up-to-date symlink: /home/jeff/theimc_robot/install/interfaces_pkg/include/interfaces_pkg/interfaces_pkg/msg/detail/detection__rosidl_typesupport_introspection_cpp.hpp\n'}
[28.198843] (interfaces_pkg) StdoutLine: {'line': b'-- Up-to-date symlink: /home/jeff/theimc_robot/install/interfaces_pkg/include/interfaces_pkg/interfaces_pkg/msg/detail/detection_array__rosidl_typesupport_introspection_cpp.hpp\n'}
[28.199314] (interfaces_pkg) StdoutLine: {'line': b'-- Up-to-date symlink: /home/jeff/theimc_robot/install/interfaces_pkg/include/interfaces_pkg/interfaces_pkg/msg/detail/key_point2_d__rosidl_typesupport_introspection_cpp.hpp\n'}
[28.199756] (interfaces_pkg) StdoutLine: {'line': b'-- Up-to-date symlink: /home/jeff/theimc_robot/install/interfaces_pkg/include/interfaces_pkg/interfaces_pkg/msg/detail/key_point2_d_array__rosidl_typesupport_introspection_cpp.hpp\n'}
[28.200221] (interfaces_pkg) StdoutLine: {'line': b'-- Up-to-date symlink: /home/jeff/theimc_robot/install/interfaces_pkg/include/interfaces_pkg/interfaces_pkg/msg/detail/key_point3_d__rosidl_typesupport_introspection_cpp.hpp\n'}
[28.200689] (interfaces_pkg) StdoutLine: {'line': b'-- Up-to-date symlink: /home/jeff/theimc_robot/install/interfaces_pkg/include/interfaces_pkg/interfaces_pkg/msg/detail/key_point3_d_array__rosidl_typesupport_introspection_cpp.hpp\n'}
[28.201140] (interfaces_pkg) StdoutLine: {'line': b'-- Up-to-date symlink: /home/jeff/theimc_robot/install/interfaces_pkg/include/interfaces_pkg/interfaces_pkg/msg/detail/lane_info__rosidl_typesupport_introspection_cpp.hpp\n'}
[28.201589] (interfaces_pkg) StdoutLine: {'line': b'-- Up-to-date symlink: /home/jeff/theimc_robot/install/interfaces_pkg/include/interfaces_pkg/interfaces_pkg/msg/detail/mask__rosidl_typesupport_introspection_cpp.hpp\n'}
[28.202168] (interfaces_pkg) StdoutLine: {'line': b'-- Up-to-date symlink: /home/jeff/theimc_robot/install/interfaces_pkg/include/interfaces_pkg/interfaces_pkg/msg/detail/motion_command__rosidl_typesupport_introspection_cpp.hpp\n'}
[28.202561] (interfaces_pkg) StdoutLine: {'line': b'-- Up-to-date symlink: /home/jeff/theimc_robot/install/interfaces_pkg/include/interfaces_pkg/interfaces_pkg/msg/detail/path_planning_result__rosidl_typesupport_introspection_cpp.hpp\n'}
[28.202987] (interfaces_pkg) StdoutLine: {'line': b'-- Up-to-date symlink: /home/jeff/theimc_robot/install/interfaces_pkg/include/interfaces_pkg/interfaces_pkg/msg/detail/point2_d__rosidl_typesupport_introspection_cpp.hpp\n'}
[28.203439] (interfaces_pkg) StdoutLine: {'line': b'-- Up-to-date symlink: /home/jeff/theimc_robot/install/interfaces_pkg/include/interfaces_pkg/interfaces_pkg/msg/detail/pose2_d__rosidl_typesupport_introspection_cpp.hpp\n'}
[28.203882] (interfaces_pkg) StdoutLine: {'line': b'-- Up-to-date symlink: /home/jeff/theimc_robot/install/interfaces_pkg/include/interfaces_pkg/interfaces_pkg/msg/detail/rail_info__rosidl_typesupport_introspection_cpp.hpp\n'}
[28.204330] (interfaces_pkg) StdoutLine: {'line': b'-- Up-to-date symlink: /home/jeff/theimc_robot/install/interfaces_pkg/include/interfaces_pkg/interfaces_pkg/msg/detail/target_point__rosidl_typesupport_introspection_cpp.hpp\n'}
[28.204767] (interfaces_pkg) StdoutLine: {'line': b'-- Up-to-date symlink: /home/jeff/theimc_robot/install/interfaces_pkg/include/interfaces_pkg/interfaces_pkg/msg/detail/vector2__rosidl_typesupport_introspection_cpp.hpp\n'}
[28.205375] (interfaces_pkg) StdoutLine: {'line': b'-- Up-to-date symlink: /home/jeff/theimc_robot/install/interfaces_pkg/share/interfaces_pkg/environment/pythonpath.sh\n'}
[28.208634] (interfaces_pkg) StdoutLine: {'line': b'-- Up-to-date symlink: /home/jeff/theimc_robot/install/interfaces_pkg/share/interfaces_pkg/environment/pythonpath.dsv\n'}
[28.209037] (-) TimerEvent: {}
[28.209882] (interfaces_pkg) StdoutLine: {'line': b'-- Up-to-date symlink: /home/jeff/theimc_robot/install/interfaces_pkg/local/lib/python3.10/dist-packages/interfaces_pkg-0.0.0-py3.10.egg-info/PKG-INFO\n'}
[28.210201] (interfaces_pkg) StdoutLine: {'line': b'-- Up-to-date symlink: /home/jeff/theimc_robot/install/interfaces_pkg/local/lib/python3.10/dist-packages/interfaces_pkg-0.0.0-py3.10.egg-info/SOURCES.txt\n'}
[28.210429] (interfaces_pkg) StdoutLine: {'line': b'-- Up-to-date symlink: /home/jeff/theimc_robot/install/interfaces_pkg/local/lib/python3.10/dist-packages/interfaces_pkg-0.0.0-py3.10.egg-info/dependency_links.txt\n'}
[28.210612] (interfaces_pkg) StdoutLine: {'line': b'-- Up-to-date symlink: /home/jeff/theimc_robot/install/interfaces_pkg/local/lib/python3.10/dist-packages/interfaces_pkg-0.0.0-py3.10.egg-info/top_level.txt\n'}
[28.211068] (interfaces_pkg) StdoutLine: {'line': b'-- Up-to-date symlink: /home/jeff/theimc_robot/install/interfaces_pkg/local/lib/python3.10/dist-packages/interfaces_pkg/__init__.py\n'}
[28.211571] (interfaces_pkg) StdoutLine: {'line': b'-- Up-to-date symlink: /home/jeff/theimc_robot/install/interfaces_pkg/local/lib/python3.10/dist-packages/interfaces_pkg/_interfaces_pkg_s.ep.rosidl_typesupport_c.c\n'}
[28.211989] (interfaces_pkg) StdoutLine: {'line': b'-- Up-to-date symlink: /home/jeff/theimc_robot/install/interfaces_pkg/local/lib/python3.10/dist-packages/interfaces_pkg/_interfaces_pkg_s.ep.rosidl_typesupport_fastrtps_c.c\n'}
[28.212415] (interfaces_pkg) StdoutLine: {'line': b'-- Up-to-date symlink: /home/jeff/theimc_robot/install/interfaces_pkg/local/lib/python3.10/dist-packages/interfaces_pkg/_interfaces_pkg_s.ep.rosidl_typesupport_introspection_c.c\n'}
[28.213403] (interfaces_pkg) StdoutLine: {'line': b'-- Up-to-date symlink: /home/jeff/theimc_robot/install/interfaces_pkg/local/lib/python3.10/dist-packages/interfaces_pkg/action/__init__.py\n'}
[28.213867] (interfaces_pkg) StdoutLine: {'line': b'-- Up-to-date symlink: /home/jeff/theimc_robot/install/interfaces_pkg/local/lib/python3.10/dist-packages/interfaces_pkg/action/_rail_approach.py\n'}
[28.214073] (interfaces_pkg) StdoutLine: {'line': b'-- Up-to-date symlink: /home/jeff/theimc_robot/install/interfaces_pkg/local/lib/python3.10/dist-packages/interfaces_pkg/action/_rail_approach_s.c\n'}
[28.214490] (interfaces_pkg) StdoutLine: {'line': b'-- Up-to-date symlink: /home/jeff/theimc_robot/install/interfaces_pkg/local/lib/python3.10/dist-packages/interfaces_pkg/interfaces_pkg_s__rosidl_typesupport_c.cpython-310-aarch64-linux-gnu.so\n'}
[28.217323] (interfaces_pkg) StdoutLine: {'line': b'-- Up-to-date symlink: /home/jeff/theimc_robot/install/interfaces_pkg/local/lib/python3.10/dist-packages/interfaces_pkg/interfaces_pkg_s__rosidl_typesupport_fastrtps_c.cpython-310-aarch64-linux-gnu.so\n'}
[28.217758] (interfaces_pkg) StdoutLine: {'line': b'-- Up-to-date symlink: /home/jeff/theimc_robot/install/interfaces_pkg/local/lib/python3.10/dist-packages/interfaces_pkg/interfaces_pkg_s__rosidl_typesupport_introspection_c.cpython-310-aarch64-linux-gnu.so\n'}
[28.217968] (interfaces_pkg) StdoutLine: {'line': b'-- Up-to-date symlink: /home/jeff/theimc_robot/install/interfaces_pkg/local/lib/python3.10/dist-packages/interfaces_pkg/libinterfaces_pkg__rosidl_generator_py.so\n'}
[28.218149] (interfaces_pkg) StdoutLine: {'line': b'-- Up-to-date symlink: /home/jeff/theimc_robot/install/interfaces_pkg/local/lib/python3.10/dist-packages/interfaces_pkg/msg/__init__.py\n'}
[28.218309] (interfaces_pkg) StdoutLine: {'line': b'-- Up-to-date symlink: /home/jeff/theimc_robot/install/interfaces_pkg/local/lib/python3.10/dist-packages/interfaces_pkg/msg/_bounding_box2_d.py\n'}
[28.218546] (interfaces_pkg) StdoutLine: {'line': b'-- Up-to-date symlink: /home/jeff/theimc_robot/install/interfaces_pkg/local/lib/python3.10/dist-packages/interfaces_pkg/msg/_bounding_box2_d_s.c\n'}
[28.218730] (interfaces_pkg) StdoutLine: {'line': b'-- Up-to-date symlink: /home/jeff/theimc_robot/install/interfaces_pkg/local/lib/python3.10/dist-packages/interfaces_pkg/msg/_bounding_box3_d.py\n'}
[28.226561] (interfaces_pkg) StdoutLine: {'line': b'-- Up-to-date symlink: /home/jeff/theimc_robot/install/interfaces_pkg/local/lib/python3.10/dist-packages/interfaces_pkg/msg/_bounding_box3_d_s.c\n'}
[28.227074] (interfaces_pkg) StdoutLine: {'line': b'-- Up-to-date symlink: /home/jeff/theimc_robot/install/interfaces_pkg/local/lib/python3.10/dist-packages/interfaces_pkg/msg/_detection.py\n'}
[28.227265] (interfaces_pkg) StdoutLine: {'line': b'-- Up-to-date symlink: /home/jeff/theimc_robot/install/interfaces_pkg/local/lib/python3.10/dist-packages/interfaces_pkg/msg/_detection_array.py\n'}
[28.227432] (interfaces_pkg) StdoutLine: {'line': b'-- Up-to-date symlink: /home/jeff/theimc_robot/install/interfaces_pkg/local/lib/python3.10/dist-packages/interfaces_pkg/msg/_detection_array_s.c\n'}
[28.227584] (interfaces_pkg) StdoutLine: {'line': b'-- Up-to-date symlink: /home/jeff/theimc_robot/install/interfaces_pkg/local/lib/python3.10/dist-packages/interfaces_pkg/msg/_detection_s.c\n'}
[28.227778] (interfaces_pkg) StdoutLine: {'line': b'-- Up-to-date symlink: /home/jeff/theimc_robot/install/interfaces_pkg/local/lib/python3.10/dist-packages/interfaces_pkg/msg/_key_point2_d.py\n'}
[28.227929] (interfaces_pkg) StdoutLine: {'line': b'-- Up-to-date symlink: /home/jeff/theimc_robot/install/interfaces_pkg/local/lib/python3.10/dist-packages/interfaces_pkg/msg/_key_point2_d_array.py\n'}
[28.228078] (interfaces_pkg) StdoutLine: {'line': b'-- Up-to-date symlink: /home/jeff/theimc_robot/install/interfaces_pkg/local/lib/python3.10/dist-packages/interfaces_pkg/msg/_key_point2_d_array_s.c\n'}
[28.228223] (interfaces_pkg) StdoutLine: {'line': b'-- Up-to-date symlink: /home/jeff/theimc_robot/install/interfaces_pkg/local/lib/python3.10/dist-packages/interfaces_pkg/msg/_key_point2_d_s.c\n'}
[28.228490] (interfaces_pkg) StdoutLine: {'line': b'-- Up-to-date symlink: /home/jeff/theimc_robot/install/interfaces_pkg/local/lib/python3.10/dist-packages/interfaces_pkg/msg/_key_point3_d.py\n'}
[28.228643] (interfaces_pkg) StdoutLine: {'line': b'-- Up-to-date symlink: /home/jeff/theimc_robot/install/interfaces_pkg/local/lib/python3.10/dist-packages/interfaces_pkg/msg/_key_point3_d_array.py\n'}
[28.228785] (interfaces_pkg) StdoutLine: {'line': b'-- Up-to-date symlink: /home/jeff/theimc_robot/install/interfaces_pkg/local/lib/python3.10/dist-packages/interfaces_pkg/msg/_key_point3_d_array_s.c\n'}
[28.228928] (interfaces_pkg) StdoutLine: {'line': b'-- Up-to-date symlink: /home/jeff/theimc_robot/install/interfaces_pkg/local/lib/python3.10/dist-packages/interfaces_pkg/msg/_key_point3_d_s.c\n'}
[28.229067] (interfaces_pkg) StdoutLine: {'line': b'-- Up-to-date symlink: /home/jeff/theimc_robot/install/interfaces_pkg/local/lib/python3.10/dist-packages/interfaces_pkg/msg/_lane_info.py\n'}
[28.229205] (interfaces_pkg) StdoutLine: {'line': b'-- Up-to-date symlink: /home/jeff/theimc_robot/install/interfaces_pkg/local/lib/python3.10/dist-packages/interfaces_pkg/msg/_lane_info_s.c\n'}
[28.229341] (interfaces_pkg) StdoutLine: {'line': b'-- Up-to-date symlink: /home/jeff/theimc_robot/install/interfaces_pkg/local/lib/python3.10/dist-packages/interfaces_pkg/msg/_mask.py\n'}
[28.229484] (interfaces_pkg) StdoutLine: {'line': b'-- Up-to-date symlink: /home/jeff/theimc_robot/install/interfaces_pkg/local/lib/python3.10/dist-packages/interfaces_pkg/msg/_mask_s.c\n'}
[28.229626] (interfaces_pkg) StdoutLine: {'line': b'-- Up-to-date symlink: /home/jeff/theimc_robot/install/interfaces_pkg/local/lib/python3.10/dist-packages/interfaces_pkg/msg/_motion_command.py\n'}
[28.229770] (interfaces_pkg) StdoutLine: {'line': b'-- Up-to-date symlink: /home/jeff/theimc_robot/install/interfaces_pkg/local/lib/python3.10/dist-packages/interfaces_pkg/msg/_motion_command_s.c\n'}
[28.229909] (interfaces_pkg) StdoutLine: {'line': b'-- Up-to-date symlink: /home/jeff/theimc_robot/install/interfaces_pkg/local/lib/python3.10/dist-packages/interfaces_pkg/msg/_path_planning_result.py\n'}
[28.230088] (interfaces_pkg) StdoutLine: {'line': b'-- Up-to-date symlink: /home/jeff/theimc_robot/install/interfaces_pkg/local/lib/python3.10/dist-packages/interfaces_pkg/msg/_path_planning_result_s.c\n'}
[28.230227] (interfaces_pkg) StdoutLine: {'line': b'-- Up-to-date symlink: /home/jeff/theimc_robot/install/interfaces_pkg/local/lib/python3.10/dist-packages/interfaces_pkg/msg/_point2_d.py\n'}
[28.230401] (interfaces_pkg) StdoutLine: {'line': b'-- Up-to-date symlink: /home/jeff/theimc_robot/install/interfaces_pkg/local/lib/python3.10/dist-packages/interfaces_pkg/msg/_point2_d_s.c\n'}
[28.230653] (interfaces_pkg) StdoutLine: {'line': b'-- Up-to-date symlink: /home/jeff/theimc_robot/install/interfaces_pkg/local/lib/python3.10/dist-packages/interfaces_pkg/msg/_pose2_d.py\n'}
[28.230803] (interfaces_pkg) StdoutLine: {'line': b'-- Up-to-date symlink: /home/jeff/theimc_robot/install/interfaces_pkg/local/lib/python3.10/dist-packages/interfaces_pkg/msg/_pose2_d_s.c\n'}
[28.230970] (interfaces_pkg) StdoutLine: {'line': b'-- Up-to-date symlink: /home/jeff/theimc_robot/install/interfaces_pkg/local/lib/python3.10/dist-packages/interfaces_pkg/msg/_rail_info.py\n'}
[28.231112] (interfaces_pkg) StdoutLine: {'line': b'-- Up-to-date symlink: /home/jeff/theimc_robot/install/interfaces_pkg/local/lib/python3.10/dist-packages/interfaces_pkg/msg/_rail_info_s.c\n'}
[28.231251] (interfaces_pkg) StdoutLine: {'line': b'-- Up-to-date symlink: /home/jeff/theimc_robot/install/interfaces_pkg/local/lib/python3.10/dist-packages/interfaces_pkg/msg/_target_point.py\n'}
[28.231391] (interfaces_pkg) StdoutLine: {'line': b'-- Up-to-date symlink: /home/jeff/theimc_robot/install/interfaces_pkg/local/lib/python3.10/dist-packages/interfaces_pkg/msg/_target_point_s.c\n'}
[28.231533] (interfaces_pkg) StdoutLine: {'line': b'-- Up-to-date symlink: /home/jeff/theimc_robot/install/interfaces_pkg/local/lib/python3.10/dist-packages/interfaces_pkg/msg/_vector2.py\n'}
[28.231945] (interfaces_pkg) StdoutLine: {'line': b'-- Up-to-date symlink: /home/jeff/theimc_robot/install/interfaces_pkg/local/lib/python3.10/dist-packages/interfaces_pkg/msg/_vector2_s.c\n'}
[28.232818] (interfaces_pkg) StdoutLine: {'line': b'-- Up-to-date symlink: /home/jeff/theimc_robot/install/interfaces_pkg/local/lib/python3.10/dist-packages/interfaces_pkg/interfaces_pkg_s__rosidl_typesupport_fastrtps_c.cpython-310-aarch64-linux-gnu.so\n'}
[28.235369] (interfaces_pkg) StdoutLine: {'line': b'-- Up-to-date symlink: /home/jeff/theimc_robot/install/interfaces_pkg/local/lib/python3.10/dist-packages/interfaces_pkg/interfaces_pkg_s__rosidl_typesupport_introspection_c.cpython-310-aarch64-linux-gnu.so\n'}
[28.235754] (interfaces_pkg) StdoutLine: {'line': b'-- Up-to-date symlink: /home/jeff/theimc_robot/install/interfaces_pkg/local/lib/python3.10/dist-packages/interfaces_pkg/interfaces_pkg_s__rosidl_typesupport_c.cpython-310-aarch64-linux-gnu.so\n'}
[28.236752] (interfaces_pkg) StdoutLine: {'line': b'-- Up-to-date symlink: /home/jeff/theimc_robot/install/interfaces_pkg/share/ament_index/resource_index/rust_packages/interfaces_pkg\n'}
[28.237509] (interfaces_pkg) StdoutLine: {'line': b'-- Up-to-date symlink: /home/jeff/theimc_robot/install/interfaces_pkg/share/interfaces_pkg/rust/Cargo.toml\n'}
[28.237950] (interfaces_pkg) StdoutLine: {'line': b'-- Up-to-date symlink: /home/jeff/theimc_robot/install/interfaces_pkg/share/interfaces_pkg/rust/build.rs\n'}
[28.238431] (interfaces_pkg) StdoutLine: {'line': b'-- Up-to-date symlink: /home/jeff/theimc_robot/install/interfaces_pkg/share/interfaces_pkg/rust/src/action.rs\n'}
[28.238885] (interfaces_pkg) StdoutLine: {'line': b'-- Up-to-date symlink: /home/jeff/theimc_robot/install/interfaces_pkg/share/interfaces_pkg/rust/src/action/rmw.rs\n'}
[28.239313] (interfaces_pkg) StdoutLine: {'line': b'-- Up-to-date symlink: /home/jeff/theimc_robot/install/interfaces_pkg/share/interfaces_pkg/rust/src/lib.rs\n'}
[28.239747] (interfaces_pkg) StdoutLine: {'line': b'-- Up-to-date symlink: /home/jeff/theimc_robot/install/interfaces_pkg/share/interfaces_pkg/rust/src/msg.rs\n'}
[28.240177] (interfaces_pkg) StdoutLine: {'line': b'-- Up-to-date symlink: /home/jeff/theimc_robot/install/interfaces_pkg/share/interfaces_pkg/rust/src/msg/rmw.rs\n'}
[28.240819] (interfaces_pkg) StdoutLine: {'line': b'-- Up-to-date symlink: /home/jeff/theimc_robot/install/interfaces_pkg/share/interfaces_pkg/msg/Point2D.idl\n'}
[28.241401] (interfaces_pkg) StdoutLine: {'line': b'-- Up-to-date symlink: /home/jeff/theimc_robot/install/interfaces_pkg/share/interfaces_pkg/msg/Vector2.idl\n'}
[28.241988] (interfaces_pkg) StdoutLine: {'line': b'-- Up-to-date symlink: /home/jeff/theimc_robot/install/interfaces_pkg/share/interfaces_pkg/msg/Pose2D.idl\n'}
[28.242586] (interfaces_pkg) StdoutLine: {'line': b'-- Up-to-date symlink: /home/jeff/theimc_robot/install/interfaces_pkg/share/interfaces_pkg/msg/BoundingBox2D.idl\n'}
[28.243203] (interfaces_pkg) StdoutLine: {'line': b'-- Up-to-date symlink: /home/jeff/theimc_robot/install/interfaces_pkg/share/interfaces_pkg/msg/BoundingBox3D.idl\n'}
[28.243712] (interfaces_pkg) StdoutLine: {'line': b'-- Up-to-date symlink: /home/jeff/theimc_robot/install/interfaces_pkg/share/interfaces_pkg/msg/Mask.idl\n'}
[28.244289] (interfaces_pkg) StdoutLine: {'line': b'-- Up-to-date symlink: /home/jeff/theimc_robot/install/interfaces_pkg/share/interfaces_pkg/msg/KeyPoint2D.idl\n'}
[28.244854] (interfaces_pkg) StdoutLine: {'line': b'-- Up-to-date symlink: /home/jeff/theimc_robot/install/interfaces_pkg/share/interfaces_pkg/msg/KeyPoint2DArray.idl\n'}
[28.245407] (interfaces_pkg) StdoutLine: {'line': b'-- Up-to-date symlink: /home/jeff/theimc_robot/install/interfaces_pkg/share/interfaces_pkg/msg/KeyPoint3D.idl\n'}
[28.248081] (interfaces_pkg) StdoutLine: {'line': b'-- Up-to-date symlink: /home/jeff/theimc_robot/install/interfaces_pkg/share/interfaces_pkg/msg/KeyPoint3DArray.idl\n'}
[28.248532] (interfaces_pkg) StdoutLine: {'line': b'-- Up-to-date symlink: /home/jeff/theimc_robot/install/interfaces_pkg/share/interfaces_pkg/msg/Detection.idl\n'}
[28.248743] (interfaces_pkg) StdoutLine: {'line': b'-- Up-to-date symlink: /home/jeff/theimc_robot/install/interfaces_pkg/share/interfaces_pkg/msg/DetectionArray.idl\n'}
[28.248917] (interfaces_pkg) StdoutLine: {'line': b'-- Up-to-date symlink: /home/jeff/theimc_robot/install/interfaces_pkg/share/interfaces_pkg/msg/LaneInfo.idl\n'}
[28.249076] (interfaces_pkg) StdoutLine: {'line': b'-- Up-to-date symlink: /home/jeff/theimc_robot/install/interfaces_pkg/share/interfaces_pkg/msg/RailInfo.idl\n'}
[28.249229] (interfaces_pkg) StdoutLine: {'line': b'-- Up-to-date symlink: /home/jeff/theimc_robot/install/interfaces_pkg/share/interfaces_pkg/msg/MotionCommand.idl\n'}
[28.249376] (interfaces_pkg) StdoutLine: {'line': b'-- Up-to-date symlink: /home/jeff/theimc_robot/install/interfaces_pkg/share/interfaces_pkg/msg/TargetPoint.idl\n'}
[28.250121] (interfaces_pkg) StdoutLine: {'line': b'-- Up-to-date symlink: /home/jeff/theimc_robot/install/interfaces_pkg/share/interfaces_pkg/msg/PathPlanningResult.idl\n'}
[28.251238] (interfaces_pkg) StdoutLine: {'line': b'-- Up-to-date symlink: /home/jeff/theimc_robot/install/interfaces_pkg/share/interfaces_pkg/action/RailApproach.idl\n'}
[28.251434] (interfaces_pkg) StdoutLine: {'line': b'-- Up-to-date symlink: /home/jeff/theimc_robot/install/interfaces_pkg/share/interfaces_pkg/msg/Point2D.msg\n'}
[28.251596] (interfaces_pkg) StdoutLine: {'line': b'-- Up-to-date symlink: /home/jeff/theimc_robot/install/interfaces_pkg/share/interfaces_pkg/msg/Vector2.msg\n'}
[28.252443] (interfaces_pkg) StdoutLine: {'line': b'-- Up-to-date symlink: /home/jeff/theimc_robot/install/interfaces_pkg/share/interfaces_pkg/msg/Pose2D.msg\n'}
[28.252684] (interfaces_pkg) StdoutLine: {'line': b'-- Up-to-date symlink: /home/jeff/theimc_robot/install/interfaces_pkg/share/interfaces_pkg/msg/BoundingBox2D.msg\n'}
[28.253320] (interfaces_pkg) StdoutLine: {'line': b'-- Up-to-date symlink: /home/jeff/theimc_robot/install/interfaces_pkg/share/interfaces_pkg/msg/BoundingBox3D.msg\n'}
[28.254770] (interfaces_pkg) StdoutLine: {'line': b'-- Up-to-date symlink: /home/jeff/theimc_robot/install/interfaces_pkg/share/interfaces_pkg/msg/Mask.msg\n'}
[28.255109] (interfaces_pkg) StdoutLine: {'line': b'-- Up-to-date symlink: /home/jeff/theimc_robot/install/interfaces_pkg/share/interfaces_pkg/msg/KeyPoint2D.msg\n'}
[28.255316] (interfaces_pkg) StdoutLine: {'line': b'-- Up-to-date symlink: /home/jeff/theimc_robot/install/interfaces_pkg/share/interfaces_pkg/msg/KeyPoint2DArray.msg\n'}
[28.255478] (interfaces_pkg) StdoutLine: {'line': b'-- Up-to-date symlink: /home/jeff/theimc_robot/install/interfaces_pkg/share/interfaces_pkg/msg/KeyPoint3D.msg\n'}
[28.256224] (interfaces_pkg) StdoutLine: {'line': b'-- Up-to-date symlink: /home/jeff/theimc_robot/install/interfaces_pkg/share/interfaces_pkg/msg/KeyPoint3DArray.msg\n'}
[28.257568] (interfaces_pkg) StdoutLine: {'line': b'-- Up-to-date symlink: /home/jeff/theimc_robot/install/interfaces_pkg/share/interfaces_pkg/msg/Detection.msg\n'}
[28.257794] (interfaces_pkg) StdoutLine: {'line': b'-- Up-to-date symlink: /home/jeff/theimc_robot/install/interfaces_pkg/share/interfaces_pkg/msg/DetectionArray.msg\n'}
[28.257997] (interfaces_pkg) StdoutLine: {'line': b'-- Up-to-date symlink: /home/jeff/theimc_robot/install/interfaces_pkg/share/interfaces_pkg/msg/LaneInfo.msg\n'}
[28.258273] (interfaces_pkg) StdoutLine: {'line': b'-- Up-to-date symlink: /home/jeff/theimc_robot/install/interfaces_pkg/share/interfaces_pkg/msg/RailInfo.msg\n'}
[28.258727] (interfaces_pkg) StdoutLine: {'line': b'-- Up-to-date symlink: /home/jeff/theimc_robot/install/interfaces_pkg/share/interfaces_pkg/msg/MotionCommand.msg\n'}
[28.259232] (interfaces_pkg) StdoutLine: {'line': b'-- Up-to-date symlink: /home/jeff/theimc_robot/install/interfaces_pkg/share/interfaces_pkg/msg/TargetPoint.msg\n'}
[28.259769] (interfaces_pkg) StdoutLine: {'line': b'-- Up-to-date symlink: /home/jeff/theimc_robot/install/interfaces_pkg/share/interfaces_pkg/msg/PathPlanningResult.msg\n'}
[28.260282] (interfaces_pkg) StdoutLine: {'line': b'-- Up-to-date symlink: /home/jeff/theimc_robot/install/interfaces_pkg/share/interfaces_pkg/action/RailApproach.action\n'}
[28.260906] (interfaces_pkg) StdoutLine: {'line': b'-- Up-to-date symlink: /home/jeff/theimc_robot/install/interfaces_pkg/share/ament_index/resource_index/package_run_dependencies/interfaces_pkg\n'}
[28.261773] (interfaces_pkg) StdoutLine: {'line': b'-- Up-to-date symlink: /home/jeff/theimc_robot/install/interfaces_pkg/share/ament_index/resource_index/parent_prefix_path/interfaces_pkg\n'}
[28.262083] (interfaces_pkg) StdoutLine: {'line': b'-- Up-to-date symlink: /home/jeff/theimc_robot/install/interfaces_pkg/share/interfaces_pkg/environment/ament_prefix_path.sh\n'}
[28.262560] (interfaces_pkg) StdoutLine: {'line': b'-- Up-to-date symlink: /home/jeff/theimc_robot/install/interfaces_pkg/share/interfaces_pkg/environment/ament_prefix_path.dsv\n'}
[28.265580] (interfaces_pkg) StdoutLine: {'line': b'-- Up-to-date symlink: /home/jeff/theimc_robot/install/interfaces_pkg/share/interfaces_pkg/environment/path.sh\n'}
[28.266044] (interfaces_pkg) StdoutLine: {'line': b'-- Up-to-date symlink: /home/jeff/theimc_robot/install/interfaces_pkg/share/interfaces_pkg/environment/path.dsv\n'}
[28.266256] (interfaces_pkg) StdoutLine: {'line': b'-- Up-to-date symlink: /home/jeff/theimc_robot/install/interfaces_pkg/share/interfaces_pkg/local_setup.bash\n'}
[28.266459] (interfaces_pkg) StdoutLine: {'line': b'-- Up-to-date symlink: /home/jeff/theimc_robot/install/interfaces_pkg/share/interfaces_pkg/local_setup.sh\n'}
[28.266618] (interfaces_pkg) StdoutLine: {'line': b'-- Up-to-date symlink: /home/jeff/theimc_robot/install/interfaces_pkg/share/interfaces_pkg/local_setup.zsh\n'}
[28.266768] (interfaces_pkg) StdoutLine: {'line': b'-- Up-to-date symlink: /home/jeff/theimc_robot/install/interfaces_pkg/share/interfaces_pkg/local_setup.dsv\n'}
[28.266968] (interfaces_pkg) StdoutLine: {'line': b'-- Symlinking: /home/jeff/theimc_robot/install/interfaces_pkg/share/interfaces_pkg/package.dsv\n'}
[28.286129] (interfaces_pkg) StdoutLine: {'line': b'-- Up-to-date symlink: /home/jeff/theimc_robot/install/interfaces_pkg/share/ament_index/resource_index/packages/interfaces_pkg\n'}
[28.286719] (interfaces_pkg) StdoutLine: {'line': b'-- Up-to-date symlink: /home/jeff/theimc_robot/install/interfaces_pkg/share/interfaces_pkg/cmake/rosidl_cmake-extras.cmake\n'}
[28.287133] (interfaces_pkg) StdoutLine: {'line': b'-- Up-to-date symlink: /home/jeff/theimc_robot/install/interfaces_pkg/share/interfaces_pkg/cmake/ament_cmake_export_dependencies-extras.cmake\n'}
[28.287400] (interfaces_pkg) StdoutLine: {'line': b'-- Up-to-date symlink: /home/jeff/theimc_robot/install/interfaces_pkg/share/interfaces_pkg/cmake/ament_cmake_export_include_directories-extras.cmake\n'}
[28.287575] (interfaces_pkg) StdoutLine: {'line': b'-- Up-to-date symlink: /home/jeff/theimc_robot/install/interfaces_pkg/share/interfaces_pkg/cmake/ament_cmake_export_libraries-extras.cmake\n'}
[28.287724] (interfaces_pkg) StdoutLine: {'line': b'-- Up-to-date symlink: /home/jeff/theimc_robot/install/interfaces_pkg/share/interfaces_pkg/cmake/ament_cmake_export_targets-extras.cmake\n'}
[28.288053] (interfaces_pkg) StdoutLine: {'line': b'-- Up-to-date symlink: /home/jeff/theimc_robot/install/interfaces_pkg/share/interfaces_pkg/cmake/rosidl_cmake_export_typesupport_targets-extras.cmake\n'}
[28.288270] (interfaces_pkg) StdoutLine: {'line': b'-- Up-to-date symlink: /home/jeff/theimc_robot/install/interfaces_pkg/share/interfaces_pkg/cmake/rosidl_cmake_export_typesupport_libraries-extras.cmake\n'}
[28.288431] (interfaces_pkg) StdoutLine: {'line': b'-- Symlinking: /home/jeff/theimc_robot/install/interfaces_pkg/share/interfaces_pkg/cmake/rosidl_cmake_aggregate_target-extras.cmake\n'}
[28.309272] (-) TimerEvent: {}
[28.320503] (interfaces_pkg) StdoutLine: {'line': b'-- Up-to-date symlink: /home/jeff/theimc_robot/install/interfaces_pkg/share/interfaces_pkg/cmake/interfaces_pkgConfig.cmake\n'}
[28.321033] (interfaces_pkg) StdoutLine: {'line': b'-- Up-to-date symlink: /home/jeff/theimc_robot/install/interfaces_pkg/share/interfaces_pkg/cmake/interfaces_pkgConfig-version.cmake\n'}
[28.321339] (interfaces_pkg) StdoutLine: {'line': b'-- Up-to-date symlink: /home/jeff/theimc_robot/install/interfaces_pkg/share/interfaces_pkg/package.xml\n'}
[28.321526] (interfaces_pkg) StdoutLine: {'line': b'-- Installing: /home/jeff/theimc_robot/install/interfaces_pkg/lib/libinterfaces_pkg__rosidl_generator_c.so\n'}
[28.323087] (interfaces_pkg) StdoutLine: {'line': b'-- Set runtime path of "/home/jeff/theimc_robot/install/interfaces_pkg/lib/libinterfaces_pkg__rosidl_generator_c.so" to ""\n'}
[28.323596] (interfaces_pkg) StdoutLine: {'line': b'-- Installing: /home/jeff/theimc_robot/install/interfaces_pkg/lib/libinterfaces_pkg__rosidl_typesupport_fastrtps_c.so\n'}
[28.325555] (interfaces_pkg) StdoutLine: {'line': b'-- Set runtime path of "/home/jeff/theimc_robot/install/interfaces_pkg/lib/libinterfaces_pkg__rosidl_typesupport_fastrtps_c.so" to ""\n'}
[28.326031] (interfaces_pkg) StdoutLine: {'line': b'-- Installing: /home/jeff/theimc_robot/install/interfaces_pkg/lib/libinterfaces_pkg__rosidl_typesupport_introspection_c.so\n'}
[28.327469] (interfaces_pkg) StdoutLine: {'line': b'-- Set runtime path of "/home/jeff/theimc_robot/install/interfaces_pkg/lib/libinterfaces_pkg__rosidl_typesupport_introspection_c.so" to ""\n'}
[28.327898] (interfaces_pkg) StdoutLine: {'line': b'-- Installing: /home/jeff/theimc_robot/install/interfaces_pkg/lib/libinterfaces_pkg__rosidl_typesupport_c.so\n'}
[28.328954] (interfaces_pkg) StdoutLine: {'line': b'-- Set runtime path of "/home/jeff/theimc_robot/install/interfaces_pkg/lib/libinterfaces_pkg__rosidl_typesupport_c.so" to ""\n'}
[28.329397] (interfaces_pkg) StdoutLine: {'line': b'-- Installing: /home/jeff/theimc_robot/install/interfaces_pkg/lib/libinterfaces_pkg__rosidl_typesupport_fastrtps_cpp.so\n'}
[28.332062] (interfaces_pkg) StdoutLine: {'line': b'-- Set runtime path of "/home/jeff/theimc_robot/install/interfaces_pkg/lib/libinterfaces_pkg__rosidl_typesupport_fastrtps_cpp.so" to ""\n'}
[28.332504] (interfaces_pkg) StdoutLine: {'line': b'-- Installing: /home/jeff/theimc_robot/install/interfaces_pkg/lib/libinterfaces_pkg__rosidl_typesupport_introspection_cpp.so\n'}
[28.335608] (interfaces_pkg) StdoutLine: {'line': b'-- Set runtime path of "/home/jeff/theimc_robot/install/interfaces_pkg/lib/libinterfaces_pkg__rosidl_typesupport_introspection_cpp.so" to ""\n'}
[28.336038] (interfaces_pkg) StdoutLine: {'line': b'-- Installing: /home/jeff/theimc_robot/install/interfaces_pkg/lib/libinterfaces_pkg__rosidl_typesupport_cpp.so\n'}
[28.337583] (interfaces_pkg) StdoutLine: {'line': b'-- Set runtime path of "/home/jeff/theimc_robot/install/interfaces_pkg/lib/libinterfaces_pkg__rosidl_typesupport_cpp.so" to ""\n'}
[28.409421] (-) TimerEvent: {}
[28.481432] (interfaces_pkg) StdoutLine: {'line': b"Listing '/home/jeff/theimc_robot/install/interfaces_pkg/local/lib/python3.10/dist-packages/interfaces_pkg'...\n"}
[28.481978] (interfaces_pkg) StdoutLine: {'line': b"Compiling '/home/jeff/theimc_robot/install/interfaces_pkg/local/lib/python3.10/dist-packages/interfaces_pkg/__init__.py'...\n"}
[28.482226] (interfaces_pkg) StdoutLine: {'line': b"Listing '/home/jeff/theimc_robot/install/interfaces_pkg/local/lib/python3.10/dist-packages/interfaces_pkg/action'...\n"}
[28.482432] (interfaces_pkg) StdoutLine: {'line': b"Compiling '/home/jeff/theimc_robot/install/interfaces_pkg/local/lib/python3.10/dist-packages/interfaces_pkg/action/__init__.py'...\n"}
[28.482594] (interfaces_pkg) StdoutLine: {'line': b"Compiling '/home/jeff/theimc_robot/install/interfaces_pkg/local/lib/python3.10/dist-packages/interfaces_pkg/action/_rail_approach.py'...\n"}
[28.482744] (interfaces_pkg) StdoutLine: {'line': b"Listing '/home/jeff/theimc_robot/install/interfaces_pkg/local/lib/python3.10/dist-packages/interfaces_pkg/msg'...\n"}
[28.482930] (interfaces_pkg) StdoutLine: {'line': b"Compiling '/home/jeff/theimc_robot/install/interfaces_pkg/local/lib/python3.10/dist-packages/interfaces_pkg/msg/__init__.py'...\n"}
[28.483071] (interfaces_pkg) StdoutLine: {'line': b"Compiling '/home/jeff/theimc_robot/install/interfaces_pkg/local/lib/python3.10/dist-packages/interfaces_pkg/msg/_bounding_box2_d.py'...\n"}
[28.483206] (interfaces_pkg) StdoutLine: {'line': b"Compiling '/home/jeff/theimc_robot/install/interfaces_pkg/local/lib/python3.10/dist-packages/interfaces_pkg/msg/_bounding_box3_d.py'...\n"}
[28.483339] (interfaces_pkg) StdoutLine: {'line': b"Compiling '/home/jeff/theimc_robot/install/interfaces_pkg/local/lib/python3.10/dist-packages/interfaces_pkg/msg/_detection.py'...\n"}
[28.483469] (interfaces_pkg) StdoutLine: {'line': b"Compiling '/home/jeff/theimc_robot/install/interfaces_pkg/local/lib/python3.10/dist-packages/interfaces_pkg/msg/_detection_array.py'...\n"}
[28.483613] (interfaces_pkg) StdoutLine: {'line': b"Compiling '/home/jeff/theimc_robot/install/interfaces_pkg/local/lib/python3.10/dist-packages/interfaces_pkg/msg/_key_point2_d.py'...\n"}
[28.483747] (interfaces_pkg) StdoutLine: {'line': b"Compiling '/home/jeff/theimc_robot/install/interfaces_pkg/local/lib/python3.10/dist-packages/interfaces_pkg/msg/_key_point2_d_array.py'...\n"}
[28.483882] (interfaces_pkg) StdoutLine: {'line': b"Compiling '/home/jeff/theimc_robot/install/interfaces_pkg/local/lib/python3.10/dist-packages/interfaces_pkg/msg/_key_point3_d.py'...\n"}
[28.484013] (interfaces_pkg) StdoutLine: {'line': b"Compiling '/home/jeff/theimc_robot/install/interfaces_pkg/local/lib/python3.10/dist-packages/interfaces_pkg/msg/_key_point3_d_array.py'...\n"}
[28.484143] (interfaces_pkg) StdoutLine: {'line': b"Compiling '/home/jeff/theimc_robot/install/interfaces_pkg/local/lib/python3.10/dist-packages/interfaces_pkg/msg/_lane_info.py'...\n"}
[28.484274] (interfaces_pkg) StdoutLine: {'line': b"Compiling '/home/jeff/theimc_robot/install/interfaces_pkg/local/lib/python3.10/dist-packages/interfaces_pkg/msg/_mask.py'...\n"}
[28.484405] (interfaces_pkg) StdoutLine: {'line': b"Compiling '/home/jeff/theimc_robot/install/interfaces_pkg/local/lib/python3.10/dist-packages/interfaces_pkg/msg/_motion_command.py'...\n"}
[28.484537] (interfaces_pkg) StdoutLine: {'line': b"Compiling '/home/jeff/theimc_robot/install/interfaces_pkg/local/lib/python3.10/dist-packages/interfaces_pkg/msg/_path_planning_result.py'...\n"}
[28.484668] (interfaces_pkg) StdoutLine: {'line': b"Compiling '/home/jeff/theimc_robot/install/interfaces_pkg/local/lib/python3.10/dist-packages/interfaces_pkg/msg/_point2_d.py'...\n"}
[28.484800] (interfaces_pkg) StdoutLine: {'line': b"Compiling '/home/jeff/theimc_robot/install/interfaces_pkg/local/lib/python3.10/dist-packages/interfaces_pkg/msg/_pose2_d.py'...\n"}
[28.484932] (interfaces_pkg) StdoutLine: {'line': b"Compiling '/home/jeff/theimc_robot/install/interfaces_pkg/local/lib/python3.10/dist-packages/interfaces_pkg/msg/_rail_info.py'...\n"}
[28.485060] (interfaces_pkg) StdoutLine: {'line': b"Compiling '/home/jeff/theimc_robot/install/interfaces_pkg/local/lib/python3.10/dist-packages/interfaces_pkg/msg/_target_point.py'...\n"}
[28.485186] (interfaces_pkg) StdoutLine: {'line': b"Compiling '/home/jeff/theimc_robot/install/interfaces_pkg/local/lib/python3.10/dist-packages/interfaces_pkg/msg/_vector2.py'...\n"}
[28.496403] (interfaces_pkg) StdoutLine: {'line': b'-- Installing: /home/jeff/theimc_robot/install/interfaces_pkg/lib/libinterfaces_pkg__rosidl_generator_py.so\n'}
[28.497452] (interfaces_pkg) StdoutLine: {'line': b'-- Set runtime path of "/home/jeff/theimc_robot/install/interfaces_pkg/lib/libinterfaces_pkg__rosidl_generator_py.so" to ""\n'}
[28.497858] (interfaces_pkg) StdoutLine: {'line': b'-- Up-to-date: /home/jeff/theimc_robot/install/interfaces_pkg/share/interfaces_pkg/cmake/export_interfaces_pkg__rosidl_generator_cExport.cmake\n'}
[28.498163] (interfaces_pkg) StdoutLine: {'line': b'-- Up-to-date: /home/jeff/theimc_robot/install/interfaces_pkg/share/interfaces_pkg/cmake/export_interfaces_pkg__rosidl_generator_cExport-noconfig.cmake\n'}
[28.498457] (interfaces_pkg) StdoutLine: {'line': b'-- Up-to-date: /home/jeff/theimc_robot/install/interfaces_pkg/share/interfaces_pkg/cmake/export_interfaces_pkg__rosidl_typesupport_fastrtps_cExport.cmake\n'}
[28.498745] (interfaces_pkg) StdoutLine: {'line': b'-- Up-to-date: /home/jeff/theimc_robot/install/interfaces_pkg/share/interfaces_pkg/cmake/export_interfaces_pkg__rosidl_typesupport_fastrtps_cExport-noconfig.cmake\n'}
[28.498993] (interfaces_pkg) StdoutLine: {'line': b'-- Up-to-date: /home/jeff/theimc_robot/install/interfaces_pkg/share/interfaces_pkg/cmake/interfaces_pkg__rosidl_typesupport_introspection_cExport.cmake\n'}
[28.499263] (interfaces_pkg) StdoutLine: {'line': b'-- Up-to-date: /home/jeff/theimc_robot/install/interfaces_pkg/share/interfaces_pkg/cmake/interfaces_pkg__rosidl_typesupport_introspection_cExport-noconfig.cmake\n'}
[28.499536] (interfaces_pkg) StdoutLine: {'line': b'-- Up-to-date: /home/jeff/theimc_robot/install/interfaces_pkg/share/interfaces_pkg/cmake/interfaces_pkg__rosidl_typesupport_cExport.cmake\n'}
[28.499802] (interfaces_pkg) StdoutLine: {'line': b'-- Up-to-date: /home/jeff/theimc_robot/install/interfaces_pkg/share/interfaces_pkg/cmake/interfaces_pkg__rosidl_typesupport_cExport-noconfig.cmake\n'}
[28.500045] (interfaces_pkg) StdoutLine: {'line': b'-- Up-to-date: /home/jeff/theimc_robot/install/interfaces_pkg/share/interfaces_pkg/cmake/export_interfaces_pkg__rosidl_generator_cppExport.cmake\n'}
[28.500188] (interfaces_pkg) StdoutLine: {'line': b'-- Up-to-date: /home/jeff/theimc_robot/install/interfaces_pkg/share/interfaces_pkg/cmake/export_interfaces_pkg__rosidl_typesupport_fastrtps_cppExport.cmake\n'}
[28.500371] (interfaces_pkg) StdoutLine: {'line': b'-- Up-to-date: /home/jeff/theimc_robot/install/interfaces_pkg/share/interfaces_pkg/cmake/export_interfaces_pkg__rosidl_typesupport_fastrtps_cppExport-noconfig.cmake\n'}
[28.500514] (interfaces_pkg) StdoutLine: {'line': b'-- Up-to-date: /home/jeff/theimc_robot/install/interfaces_pkg/share/interfaces_pkg/cmake/interfaces_pkg__rosidl_typesupport_introspection_cppExport.cmake\n'}
[28.500648] (interfaces_pkg) StdoutLine: {'line': b'-- Up-to-date: /home/jeff/theimc_robot/install/interfaces_pkg/share/interfaces_pkg/cmake/interfaces_pkg__rosidl_typesupport_introspection_cppExport-noconfig.cmake\n'}
[28.500868] (interfaces_pkg) StdoutLine: {'line': b'-- Up-to-date: /home/jeff/theimc_robot/install/interfaces_pkg/share/interfaces_pkg/cmake/interfaces_pkg__rosidl_typesupport_cppExport.cmake\n'}
[28.501012] (interfaces_pkg) StdoutLine: {'line': b'-- Up-to-date: /home/jeff/theimc_robot/install/interfaces_pkg/share/interfaces_pkg/cmake/interfaces_pkg__rosidl_typesupport_cppExport-noconfig.cmake\n'}
[28.501147] (interfaces_pkg) StdoutLine: {'line': b'-- Up-to-date: /home/jeff/theimc_robot/install/interfaces_pkg/share/interfaces_pkg/cmake/export_interfaces_pkg__rosidl_generator_pyExport.cmake\n'}
[28.501280] (interfaces_pkg) StdoutLine: {'line': b'-- Up-to-date: /home/jeff/theimc_robot/install/interfaces_pkg/share/interfaces_pkg/cmake/export_interfaces_pkg__rosidl_generator_pyExport-noconfig.cmake\n'}
[28.505362] (interfaces_pkg) CommandEnded: {'returncode': 0}
[28.518908] (-) TimerEvent: {}
[28.555691] (interfaces_pkg) JobEnded: {'identifier': 'interfaces_pkg', 'rc': 0}
[28.557213] (decision_making_pkg) JobStarted: {'identifier': 'decision_making_pkg'}
[28.619104] (-) TimerEvent: {}
[28.719754] (-) TimerEvent: {}
[28.820400] (-) TimerEvent: {}
[28.921054] (-) TimerEvent: {}
[29.021753] (-) TimerEvent: {}
[29.122453] (-) TimerEvent: {}
[29.223089] (-) TimerEvent: {}
[29.323736] (-) TimerEvent: {}
[29.355840] (theimc_navigation2) StdoutLine: {'line': b'[ 75%] Built target theimc_speed_limit_panel\n'}
[29.423901] (-) TimerEvent: {}
[29.524545] (-) TimerEvent: {}
[29.625179] (-) TimerEvent: {}
[29.725788] (-) TimerEvent: {}
[29.826383] (-) TimerEvent: {}
[29.927024] (-) TimerEvent: {}
[30.027657] (-) TimerEvent: {}
[30.128287] (-) TimerEvent: {}
[30.228890] (-) TimerEvent: {}
[30.329443] (-) TimerEvent: {}
[30.430045] (-) TimerEvent: {}
[30.530617] (-) TimerEvent: {}
[30.609369] (decision_making_pkg) Command: {'cmd': ['/usr/bin/python3', '-W', 'ignore:setup.py install is deprecated', '-W', 'ignore:easy_install command is deprecated', 'setup.py', 'develop', '--editable', '--build-directory', '/home/jeff/theimc_robot/build/decision_making_pkg/build', '--no-deps', 'symlink_data'], 'cwd': '/home/jeff/theimc_robot/build/decision_making_pkg', 'env': {'LESSOPEN': '| /usr/bin/lesspipe %s', 'USER': 'jeff', 'SSH_CLIENT': '192.168.0.8 39154 22', 'LC_TIME': 'ko_KR.UTF-8', 'XDG_SESSION_TYPE': 'tty', 'GIT_ASKPASS': '/home/jeff/.vscode-server/cli/servers/Stable-0958016b2af9f09bb4257e0df4a95e2f90590f9f/server/extensions/git/dist/askpass.sh', 'SHLVL': '2', 'LD_LIBRARY_PATH': '/home/jeff/theimc_robot/install/interfaces_pkg/lib:/home/jeff/theimc_robot/install/theimc_bt_nodes/lib:/home/jeff/theimc_robot/install/theimc_navigation2/lib:/opt/ros/humble/opt/rviz_ogre_vendor/lib:/opt/ros/humble/lib/aarch64-linux-gnu:/opt/ros/humble/lib', 'BROWSER': '/home/jeff/.vscode-server/cli/servers/Stable-0958016b2af9f09bb4257e0df4a95e2f90590f9f/server/bin/helpers/browser.sh', 'MOTD_SHOWN': 'pam', 'HOME': '/home/jeff', 'TERM_PROGRAM_VERSION': '1.120.0', 'VSCODE_IPC_HOOK_CLI': '/run/user/1002/vscode-ipc-2cae8003-01de-433d-a510-70591381ea1a.sock', 'ROS_PYTHON_VERSION': '3', 'VSCODE_GIT_ASKPASS_MAIN': '/home/jeff/.vscode-server/cli/servers/Stable-0958016b2af9f09bb4257e0df4a95e2f90590f9f/server/extensions/git/dist/askpass-main.js', 'LC_MONETARY': 'ko_KR.UTF-8', 'VSCODE_GIT_ASKPASS_NODE': '/home/jeff/.vscode-server/cli/servers/Stable-0958016b2af9f09bb4257e0df4a95e2f90590f9f/server/node', 'VSCODE_PYTHON_AUTOACTIVATE_GUARD': '1', 'DBUS_SESSION_BUS_ADDRESS': 'unix:path=/run/user/1002/bus', 'COLORTERM': 'truecolor', 'COLCON_PREFIX_PATH': '/home/jeff/theimc_robot/install', 'ROS_DISTRO': 'humble', 'LOGNAME': 'jeff', '_': '/usr/bin/colcon', 'ROS_VERSION': '2', 'XDG_SESSION_CLASS': 'user', 'TERM': 'xterm-256color', 'XDG_SESSION_ID': '5', 'ROS_LOCALHOST_ONLY': '0', 'PATH': '/home/jeff/.vscode-server/data/User/globalStorage/github.copilot-chat/debugCommand:/home/jeff/.vscode-server/data/User/globalStorage/github.copilot-chat/copilotCli:/home/jeff/.vscode-server/cli/servers/Stable-0958016b2af9f09bb4257e0df4a95e2f90590f9f/server/bin/remote-cli:/opt/ros/humble/bin:/usr/local/sbin:/usr/local/bin:/usr/sbin:/usr/bin:/sbin:/bin:/usr/games:/usr/local/games:/snap/bin', 'LC_ADDRESS': 'ko_KR.UTF-8', 'XDG_RUNTIME_DIR': '/run/user/1002', 'LANG': 'en_US.UTF-8', 'LC_TELEPHONE': 'ko_KR.UTF-8', 'LS_COLORS': 'rs=0:di=01;34:ln=01;36:mh=00:pi=40;33:so=01;35:do=01;35:bd=40;33;01:cd=40;33;01:or=40;31;01:mi=00:su=37;41:sg=30;43:ca=30;41:tw=30;42:ow=34;42:st=37;44:ex=01;32:*.tar=01;31:*.tgz=01;31:*.arc=01;31:*.arj=01;31:*.taz=01;31:*.lha=01;31:*.lz4=01;31:*.lzh=01;31:*.lzma=01;31:*.tlz=01;31:*.txz=01;31:*.tzo=01;31:*.t7z=01;31:*.zip=01;31:*.z=01;31:*.dz=01;31:*.gz=01;31:*.lrz=01;31:*.lz=01;31:*.lzo=01;31:*.xz=01;31:*.zst=01;31:*.tzst=01;31:*.bz2=01;31:*.bz=01;31:*.tbz=01;31:*.tbz2=01;31:*.tz=01;31:*.deb=01;31:*.rpm=01;31:*.jar=01;31:*.war=01;31:*.ear=01;31:*.sar=01;31:*.rar=01;31:*.alz=01;31:*.ace=01;31:*.zoo=01;31:*.cpio=01;31:*.7z=01;31:*.rz=01;31:*.cab=01;31:*.wim=01;31:*.swm=01;31:*.dwm=01;31:*.esd=01;31:*.jpg=01;35:*.jpeg=01;35:*.mjpg=01;35:*.mjpeg=01;35:*.gif=01;35:*.bmp=01;35:*.pbm=01;35:*.pgm=01;35:*.ppm=01;35:*.tga=01;35:*.xbm=01;35:*.xpm=01;35:*.tif=01;35:*.tiff=01;35:*.png=01;35:*.svg=01;35:*.svgz=01;35:*.mng=01;35:*.pcx=01;35:*.mov=01;35:*.mpg=01;35:*.mpeg=01;35:*.m2v=01;35:*.mkv=01;35:*.webm=01;35:*.webp=01;35:*.ogm=01;35:*.mp4=01;35:*.m4v=01;35:*.mp4v=01;35:*.vob=01;35:*.qt=01;35:*.nuv=01;35:*.wmv=01;35:*.asf=01;35:*.rm=01;35:*.rmvb=01;35:*.flc=01;35:*.avi=01;35:*.fli=01;35:*.flv=01;35:*.gl=01;35:*.dl=01;35:*.xcf=01;35:*.xwd=01;35:*.yuv=01;35:*.cgm=01;35:*.emf=01;35:*.ogv=01;35:*.ogx=01;35:*.aac=00;36:*.au=00;36:*.flac=00;36:*.m4a=00;36:*.mid=00;36:*.midi=00;36:*.mka=00;36:*.mp3=00;36:*.mpc=00;36:*.ogg=00;36:*.ra=00;36:*.wav=00;36:*.oga=00;36:*.opus=00;36:*.spx=00;36:*.xspf=00;36:', 'VSCODE_GIT_IPC_HANDLE': '/run/user/1002/vscode-git-e19acbb9aa.sock', 'TERM_PROGRAM': 'vscode', 'ROS_DOMAIN_ID': '25', 'AMENT_PREFIX_PATH': '/home/jeff/theimc_robot/install/theimc_teleop:/home/jeff/theimc_robot/install/theimc_bt_nodes:/home/jeff/theimc_robot/install/theimc_navigation2:/home/jeff/theimc_robot/install/theimc_description:/home/jeff/theimc_robot/install/theimc_bringup:/home/jeff/theimc_robot/install/sllidar_ros2:/home/jeff/theimc_robot/install/localizer_server:/home/jeff/theimc_robot/install/decision_making_pkg:/home/jeff/theimc_robot/install/interfaces_pkg:/home/jeff/theimc_robot/install/debug_pkg:/home/jeff/theimc_robot/install/camera_perception_pkg:/opt/ros/humble', 'SHELL': '/bin/bash', 'LC_NAME': 'ko_KR.UTF-8', 'LESSCLOSE': '/usr/bin/lesspipe %s %s', 'LC_MEASUREMENT': 'ko_KR.UTF-8', 'LC_IDENTIFICATION': 'ko_KR.UTF-8', 'VSCODE_GIT_ASKPASS_EXTRA_ARGS': '', 'PWD': '/home/jeff/theimc_robot/build/decision_making_pkg', 'LC_ALL': 'en_US.UTF-8', 'SSH_CONNECTION': '192.168.0.8 39154 192.168.0.81 22', 'XDG_DATA_DIRS': '/usr/share/gnome:/usr/local/share:/usr/share:/var/lib/snapd/desktop', 'PYTHONPATH': '/home/jeff/theimc_robot/build/decision_making_pkg/prefix_override:/usr/lib/python3/dist-packages/colcon_core/task/python/colcon_distutils_commands:/home/jeff/theimc_robot/install/decision_making_pkg/lib/python3.10/site-packages:/home/jeff/theimc_robot/build/theimc_teleop:/home/jeff/theimc_robot/install/theimc_teleop/lib/python3.10/site-packages:/home/jeff/theimc_robot/build/theimc_bringup:/home/jeff/theimc_robot/install/theimc_bringup/lib/python3.10/site-packages:/home/jeff/theimc_robot/build/localizer_server:/home/jeff/theimc_robot/install/localizer_server/lib/python3.10/site-packages:/home/jeff/theimc_robot/build/decision_making_pkg:/home/jeff/theimc_robot/install/decision_making_pkg/lib/python3.10/site-packages:/home/jeff/theimc_robot/install/interfaces_pkg/local/lib/python3.10/dist-packages:/home/jeff/theimc_robot/build/debug_pkg:/home/jeff/theimc_robot/install/debug_pkg/lib/python3.10/site-packages:/home/jeff/theimc_robot/build/camera_perception_pkg:/home/jeff/theimc_robot/install/camera_perception_pkg/lib/python3.10/site-packages:/opt/ros/humble/lib/python3.10/site-packages:/opt/ros/humble/local/lib/python3.10/dist-packages', 'LC_NUMERIC': 'ko_KR.UTF-8', 'LC_PAPER': 'ko_KR.UTF-8', 'COLCON': '1', 'CMAKE_PREFIX_PATH': '/home/jeff/theimc_robot/install/interfaces_pkg:/home/jeff/theimc_robot/install/theimc_bt_nodes:/home/jeff/theimc_robot/install/theimc_navigation2:/home/jeff/theimc_robot/install/theimc_description:/home/jeff/theimc_robot/install/sllidar_ros2'}, 'shell': False}
[30.630735] (-) TimerEvent: {}
[30.731313] (-) TimerEvent: {}
[30.831906] (-) TimerEvent: {}
[30.932520] (-) TimerEvent: {}
[31.033124] (-) TimerEvent: {}
[31.133746] (-) TimerEvent: {}
[31.203725] (decision_making_pkg) StdoutLine: {'line': b'running develop\n'}
[31.233899] (-) TimerEvent: {}
[31.334530] (-) TimerEvent: {}
[31.435128] (-) TimerEvent: {}
[31.535726] (-) TimerEvent: {}
[31.563234] (decision_making_pkg) StdoutLine: {'line': b'running egg_info\n'}
[31.563768] (decision_making_pkg) StdoutLine: {'line': b'writing decision_making_pkg.egg-info/PKG-INFO\n'}
[31.564337] (decision_making_pkg) StdoutLine: {'line': b'writing dependency_links to decision_making_pkg.egg-info/dependency_links.txt\n'}
[31.564761] (decision_making_pkg) StdoutLine: {'line': b'writing entry points to decision_making_pkg.egg-info/entry_points.txt\n'}
[31.565115] (decision_making_pkg) StdoutLine: {'line': b'writing requirements to decision_making_pkg.egg-info/requires.txt\n'}
[31.565327] (decision_making_pkg) StdoutLine: {'line': b'writing top-level names to decision_making_pkg.egg-info/top_level.txt\n'}
[31.569792] (decision_making_pkg) StdoutLine: {'line': b"reading manifest file 'decision_making_pkg.egg-info/SOURCES.txt'\n"}
[31.571653] (decision_making_pkg) StdoutLine: {'line': b"writing manifest file 'decision_making_pkg.egg-info/SOURCES.txt'\n"}
[31.575216] (decision_making_pkg) StdoutLine: {'line': b'running build_ext\n'}
[31.575693] (decision_making_pkg) StdoutLine: {'line': b'Creating /home/jeff/theimc_robot/install/decision_making_pkg/lib/python3.10/site-packages/decision-making-pkg.egg-link (link to .)\n'}
[31.577700] (decision_making_pkg) StdoutLine: {'line': b'Installing aruco_docker_node script to /home/jeff/theimc_robot/install/decision_making_pkg/lib/decision_making_pkg\n'}
[31.578129] (decision_making_pkg) StdoutLine: {'line': b'Installing rail_approach_action_server_node script to /home/jeff/theimc_robot/install/decision_making_pkg/lib/decision_making_pkg\n'}
[31.578529] (decision_making_pkg) StdoutLine: {'line': b'Installing rail_pd_controller_node script to /home/jeff/theimc_robot/install/decision_making_pkg/lib/decision_making_pkg\n'}
[31.579061] (decision_making_pkg) StdoutLine: {'line': b'\n'}
[31.579279] (decision_making_pkg) StdoutLine: {'line': b'Installed /home/jeff/theimc_robot/build/decision_making_pkg\n'}
[31.579433] (decision_making_pkg) StdoutLine: {'line': b'running symlink_data\n'}
[31.635906] (-) TimerEvent: {}
[31.668975] (decision_making_pkg) CommandEnded: {'returncode': 0}
[31.689542] (decision_making_pkg) JobEnded: {'identifier': 'decision_making_pkg', 'rc': 0}
[31.736081] (-) TimerEvent: {}
[31.836766] (-) TimerEvent: {}
[31.937443] (-) TimerEvent: {}
[32.038115] (-) TimerEvent: {}
[32.138915] (-) TimerEvent: {}
[32.239619] (-) TimerEvent: {}
[32.340314] (-) TimerEvent: {}
[32.441010] (-) TimerEvent: {}
[32.541729] (-) TimerEvent: {}
[32.642453] (-) TimerEvent: {}
[32.743168] (-) TimerEvent: {}
[32.843879] (-) TimerEvent: {}
[32.944561] (-) TimerEvent: {}
[33.045239] (-) TimerEvent: {}
[33.145934] (-) TimerEvent: {}
[33.246631] (-) TimerEvent: {}
[33.347498] (-) TimerEvent: {}
[33.448376] (-) TimerEvent: {}
[33.549256] (-) TimerEvent: {}
[33.650150] (-) TimerEvent: {}
[33.751038] (-) TimerEvent: {}
[33.796875] (theimc_navigation2) StdoutLine: {'line': b'[100%] \x1b[32m\x1b[1mLinking CXX shared library libcheck_button_condition_plugin.so\x1b[0m\n'}
[33.851215] (-) TimerEvent: {}
[33.951908] (-) TimerEvent: {}
[34.052593] (-) TimerEvent: {}
[34.153299] (-) TimerEvent: {}
[34.254029] (-) TimerEvent: {}
[34.354842] (-) TimerEvent: {}
[34.455582] (-) TimerEvent: {}
[34.556317] (-) TimerEvent: {}
[34.657071] (-) TimerEvent: {}
[34.757788] (-) TimerEvent: {}
[34.858496] (-) TimerEvent: {}
[34.959199] (-) TimerEvent: {}
[35.059904] (-) TimerEvent: {}
[35.160631] (-) TimerEvent: {}
[35.242408] (theimc_navigation2) StdoutLine: {'line': b'[100%] Built target check_button_condition_plugin\n'}
[35.260786] (-) TimerEvent: {}
[35.275122] (theimc_navigation2) CommandEnded: {'returncode': 0}
[35.277954] (theimc_navigation2) JobProgress: {'identifier': 'theimc_navigation2', 'progress': 'install'}
[35.278176] (theimc_navigation2) Command: {'cmd': ['/usr/bin/cmake', '--install', '/home/jeff/theimc_robot/build/theimc_navigation2'], 'cwd': '/home/jeff/theimc_robot/build/theimc_navigation2', 'env': OrderedDict([('LESSOPEN', '| /usr/bin/lesspipe %s'), ('USER', 'jeff'), ('SSH_CLIENT', '192.168.0.8 39154 22'), ('LC_TIME', 'ko_KR.UTF-8'), ('XDG_SESSION_TYPE', 'tty'), ('GIT_ASKPASS', '/home/jeff/.vscode-server/cli/servers/Stable-0958016b2af9f09bb4257e0df4a95e2f90590f9f/server/extensions/git/dist/askpass.sh'), ('SHLVL', '2'), ('LD_LIBRARY_PATH', '/home/jeff/theimc_robot/install/theimc_bt_nodes/lib:/home/jeff/theimc_robot/install/theimc_navigation2/lib:/home/jeff/theimc_robot/install/interfaces_pkg/lib:/opt/ros/humble/opt/rviz_ogre_vendor/lib:/opt/ros/humble/lib/aarch64-linux-gnu:/opt/ros/humble/lib'), ('BROWSER', '/home/jeff/.vscode-server/cli/servers/Stable-0958016b2af9f09bb4257e0df4a95e2f90590f9f/server/bin/helpers/browser.sh'), ('MOTD_SHOWN', 'pam'), ('HOME', '/home/jeff'), ('TERM_PROGRAM_VERSION', '1.120.0'), ('VSCODE_IPC_HOOK_CLI', '/run/user/1002/vscode-ipc-2cae8003-01de-433d-a510-70591381ea1a.sock'), ('ROS_PYTHON_VERSION', '3'), ('VSCODE_GIT_ASKPASS_MAIN', '/home/jeff/.vscode-server/cli/servers/Stable-0958016b2af9f09bb4257e0df4a95e2f90590f9f/server/extensions/git/dist/askpass-main.js'), ('LC_MONETARY', 'ko_KR.UTF-8'), ('VSCODE_GIT_ASKPASS_NODE', '/home/jeff/.vscode-server/cli/servers/Stable-0958016b2af9f09bb4257e0df4a95e2f90590f9f/server/node'), ('VSCODE_PYTHON_AUTOACTIVATE_GUARD', '1'), ('DBUS_SESSION_BUS_ADDRESS', 'unix:path=/run/user/1002/bus'), ('COLORTERM', 'truecolor'), ('COLCON_PREFIX_PATH', '/home/jeff/theimc_robot/install'), ('ROS_DISTRO', 'humble'), ('LOGNAME', 'jeff'), ('_', '/usr/bin/colcon'), ('ROS_VERSION', '2'), ('XDG_SESSION_CLASS', 'user'), ('TERM', 'xterm-256color'), ('XDG_SESSION_ID', '5'), ('ROS_LOCALHOST_ONLY', '0'), ('PATH', '/home/jeff/.vscode-server/data/User/globalStorage/github.copilot-chat/debugCommand:/home/jeff/.vscode-server/data/User/globalStorage/github.copilot-chat/copilotCli:/home/jeff/.vscode-server/cli/servers/Stable-0958016b2af9f09bb4257e0df4a95e2f90590f9f/server/bin/remote-cli:/opt/ros/humble/bin:/usr/local/sbin:/usr/local/bin:/usr/sbin:/usr/bin:/sbin:/bin:/usr/games:/usr/local/games:/snap/bin'), ('LC_ADDRESS', 'ko_KR.UTF-8'), ('XDG_RUNTIME_DIR', '/run/user/1002'), ('LANG', 'en_US.UTF-8'), ('LC_TELEPHONE', 'ko_KR.UTF-8'), ('LS_COLORS', 'rs=0:di=01;34:ln=01;36:mh=00:pi=40;33:so=01;35:do=01;35:bd=40;33;01:cd=40;33;01:or=40;31;01:mi=00:su=37;41:sg=30;43:ca=30;41:tw=30;42:ow=34;42:st=37;44:ex=01;32:*.tar=01;31:*.tgz=01;31:*.arc=01;31:*.arj=01;31:*.taz=01;31:*.lha=01;31:*.lz4=01;31:*.lzh=01;31:*.lzma=01;31:*.tlz=01;31:*.txz=01;31:*.tzo=01;31:*.t7z=01;31:*.zip=01;31:*.z=01;31:*.dz=01;31:*.gz=01;31:*.lrz=01;31:*.lz=01;31:*.lzo=01;31:*.xz=01;31:*.zst=01;31:*.tzst=01;31:*.bz2=01;31:*.bz=01;31:*.tbz=01;31:*.tbz2=01;31:*.tz=01;31:*.deb=01;31:*.rpm=01;31:*.jar=01;31:*.war=01;31:*.ear=01;31:*.sar=01;31:*.rar=01;31:*.alz=01;31:*.ace=01;31:*.zoo=01;31:*.cpio=01;31:*.7z=01;31:*.rz=01;31:*.cab=01;31:*.wim=01;31:*.swm=01;31:*.dwm=01;31:*.esd=01;31:*.jpg=01;35:*.jpeg=01;35:*.mjpg=01;35:*.mjpeg=01;35:*.gif=01;35:*.bmp=01;35:*.pbm=01;35:*.pgm=01;35:*.ppm=01;35:*.tga=01;35:*.xbm=01;35:*.xpm=01;35:*.tif=01;35:*.tiff=01;35:*.png=01;35:*.svg=01;35:*.svgz=01;35:*.mng=01;35:*.pcx=01;35:*.mov=01;35:*.mpg=01;35:*.mpeg=01;35:*.m2v=01;35:*.mkv=01;35:*.webm=01;35:*.webp=01;35:*.ogm=01;35:*.mp4=01;35:*.m4v=01;35:*.mp4v=01;35:*.vob=01;35:*.qt=01;35:*.nuv=01;35:*.wmv=01;35:*.asf=01;35:*.rm=01;35:*.rmvb=01;35:*.flc=01;35:*.avi=01;35:*.fli=01;35:*.flv=01;35:*.gl=01;35:*.dl=01;35:*.xcf=01;35:*.xwd=01;35:*.yuv=01;35:*.cgm=01;35:*.emf=01;35:*.ogv=01;35:*.ogx=01;35:*.aac=00;36:*.au=00;36:*.flac=00;36:*.m4a=00;36:*.mid=00;36:*.midi=00;36:*.mka=00;36:*.mp3=00;36:*.mpc=00;36:*.ogg=00;36:*.ra=00;36:*.wav=00;36:*.oga=00;36:*.opus=00;36:*.spx=00;36:*.xspf=00;36:'), ('VSCODE_GIT_IPC_HANDLE', '/run/user/1002/vscode-git-e19acbb9aa.sock'), ('TERM_PROGRAM', 'vscode'), ('ROS_DOMAIN_ID', '25'), ('AMENT_PREFIX_PATH', '/home/jeff/theimc_robot/install/theimc_teleop:/home/jeff/theimc_robot/install/theimc_bt_nodes:/home/jeff/theimc_robot/install/theimc_navigation2:/home/jeff/theimc_robot/install/theimc_description:/home/jeff/theimc_robot/install/theimc_bringup:/home/jeff/theimc_robot/install/sllidar_ros2:/home/jeff/theimc_robot/install/localizer_server:/home/jeff/theimc_robot/install/decision_making_pkg:/home/jeff/theimc_robot/install/interfaces_pkg:/home/jeff/theimc_robot/install/debug_pkg:/home/jeff/theimc_robot/install/camera_perception_pkg:/opt/ros/humble'), ('SHELL', '/bin/bash'), ('LC_NAME', 'ko_KR.UTF-8'), ('LESSCLOSE', '/usr/bin/lesspipe %s %s'), ('LC_MEASUREMENT', 'ko_KR.UTF-8'), ('LC_IDENTIFICATION', 'ko_KR.UTF-8'), ('VSCODE_GIT_ASKPASS_EXTRA_ARGS', ''), ('PWD', '/home/jeff/theimc_robot/build/theimc_navigation2'), ('LC_ALL', 'en_US.UTF-8'), ('SSH_CONNECTION', '192.168.0.8 39154 192.168.0.81 22'), ('XDG_DATA_DIRS', '/usr/share/gnome:/usr/local/share:/usr/share:/var/lib/snapd/desktop'), ('PYTHONPATH', '/home/jeff/theimc_robot/build/theimc_teleop:/home/jeff/theimc_robot/install/theimc_teleop/lib/python3.10/site-packages:/home/jeff/theimc_robot/build/theimc_bringup:/home/jeff/theimc_robot/install/theimc_bringup/lib/python3.10/site-packages:/home/jeff/theimc_robot/build/localizer_server:/home/jeff/theimc_robot/install/localizer_server/lib/python3.10/site-packages:/home/jeff/theimc_robot/build/decision_making_pkg:/home/jeff/theimc_robot/install/decision_making_pkg/lib/python3.10/site-packages:/home/jeff/theimc_robot/install/interfaces_pkg/local/lib/python3.10/dist-packages:/home/jeff/theimc_robot/build/debug_pkg:/home/jeff/theimc_robot/install/debug_pkg/lib/python3.10/site-packages:/home/jeff/theimc_robot/build/camera_perception_pkg:/home/jeff/theimc_robot/install/camera_perception_pkg/lib/python3.10/site-packages:/opt/ros/humble/lib/python3.10/site-packages:/opt/ros/humble/local/lib/python3.10/dist-packages'), ('LC_NUMERIC', 'ko_KR.UTF-8'), ('LC_PAPER', 'ko_KR.UTF-8'), ('COLCON', '1'), ('CMAKE_PREFIX_PATH', '/home/jeff/theimc_robot/install/theimc_bt_nodes:/home/jeff/theimc_robot/install/theimc_navigation2:/home/jeff/theimc_robot/install/theimc_description:/home/jeff/theimc_robot/install/sllidar_ros2:/home/jeff/theimc_robot/install/interfaces_pkg:/home/jeff/theimc_robot/install/theimc_teleop:/home/jeff/theimc_robot/install/theimc_bringup:/home/jeff/theimc_robot/install/localizer_server:/home/jeff/theimc_robot/install/decision_making_pkg:/home/jeff/theimc_robot/install/debug_pkg:/home/jeff/theimc_robot/install/camera_perception_pkg:/opt/ros/humble')]), 'shell': False}
[35.292337] (theimc_navigation2) StdoutLine: {'line': b'-- Install configuration: ""\n'}
[35.293366] (theimc_navigation2) StdoutLine: {'line': b'-- Execute custom install script\n'}
[35.293873] (theimc_navigation2) StdoutLine: {'line': b'-- Up-to-date symlink: /home/jeff/theimc_robot/install/theimc_navigation2/share/theimc_navigation2//rviz_plugins.xml\n'}
[35.294481] (theimc_navigation2) StdoutLine: {'line': b'-- Up-to-date symlink: /home/jeff/theimc_robot/install/theimc_navigation2/lib/libcheck_button_condition_plugin.so\n'}
[35.294795] (theimc_navigation2) StdoutLine: {'line': b'-- Up-to-date symlink: /home/jeff/theimc_robot/install/theimc_navigation2/lib/libtheimc_speed_limit_panel.so\n'}
[35.295509] (theimc_navigation2) StdoutLine: {'line': b'-- Up-to-date symlink: /home/jeff/theimc_robot/install/theimc_navigation2/include/theimc_navigation2/speed_limit_panel.hpp\n'}
[35.295843] (theimc_navigation2) StdoutLine: {'line': b'-- Up-to-date symlink: /home/jeff/theimc_robot/install/theimc_navigation2/lib/theimc_navigation2/button_publisher.py\n'}
[35.296460] (theimc_navigation2) StdoutLine: {'line': b'-- Up-to-date symlink: /home/jeff/theimc_robot/install/theimc_navigation2/share/theimc_navigation2/launch/_bringup_all.launch.py\n'}
[35.296696] (theimc_navigation2) StdoutLine: {'line': b'-- Up-to-date symlink: /home/jeff/theimc_robot/install/theimc_navigation2/share/theimc_navigation2/launch/_theimc_cmd_mux.launch.py\n'}
[35.296932] (theimc_navigation2) StdoutLine: {'line': b'-- Up-to-date symlink: /home/jeff/theimc_robot/install/theimc_navigation2/share/theimc_navigation2/launch/theimc_nav2_without_obstacle.launch.py\n'}
[35.297582] (theimc_navigation2) StdoutLine: {'line': b'-- Up-to-date symlink: /home/jeff/theimc_robot/install/theimc_navigation2/share/theimc_navigation2/maps/2f/keepout_map.pgm\n'}
[35.297823] (theimc_navigation2) StdoutLine: {'line': b'-- Up-to-date symlink: /home/jeff/theimc_robot/install/theimc_navigation2/share/theimc_navigation2/maps/2f/map.pgm\n'}
[35.298058] (theimc_navigation2) StdoutLine: {'line': b'-- Up-to-date symlink: /home/jeff/theimc_robot/install/theimc_navigation2/share/theimc_navigation2/maps/2f/map.png\n'}
[35.298295] (theimc_navigation2) StdoutLine: {'line': b'-- Up-to-date symlink: /home/jeff/theimc_robot/install/theimc_navigation2/share/theimc_navigation2/maps/2f/map.yaml\n'}
[35.298765] (theimc_navigation2) StdoutLine: {'line': b'-- Up-to-date symlink: /home/jeff/theimc_robot/install/theimc_navigation2/share/theimc_navigation2/maps/__keepout_map.pgm\n'}
[35.298986] (theimc_navigation2) StdoutLine: {'line': b'-- Up-to-date symlink: /home/jeff/theimc_robot/install/theimc_navigation2/share/theimc_navigation2/maps/keepout_map.pgm\n'}
[35.299210] (theimc_navigation2) StdoutLine: {'line': b'-- Up-to-date symlink: /home/jeff/theimc_robot/install/theimc_navigation2/share/theimc_navigation2/maps/keepout_map.yaml\n'}
[35.299426] (theimc_navigation2) StdoutLine: {'line': b'-- Up-to-date symlink: /home/jeff/theimc_robot/install/theimc_navigation2/share/theimc_navigation2/maps/map.pgm\n'}
[35.299646] (theimc_navigation2) StdoutLine: {'line': b'-- Up-to-date symlink: /home/jeff/theimc_robot/install/theimc_navigation2/share/theimc_navigation2/maps/map.yaml\n'}
[35.299862] (theimc_navigation2) StdoutLine: {'line': b'-- Up-to-date symlink: /home/jeff/theimc_robot/install/theimc_navigation2/share/theimc_navigation2/maps/route_graph.geojson\n'}
[35.300435] (theimc_navigation2) StdoutLine: {'line': b'-- Up-to-date symlink: /home/jeff/theimc_robot/install/theimc_navigation2/share/theimc_navigation2/params/keepout_filter.yaml\n'}
[35.300667] (theimc_navigation2) StdoutLine: {'line': b'-- Up-to-date symlink: /home/jeff/theimc_robot/install/theimc_navigation2/share/theimc_navigation2/params/theimc_nav2_obstacle_avoidance_params copy.yaml\n'}
[35.300891] (theimc_navigation2) StdoutLine: {'line': b'-- Up-to-date symlink: /home/jeff/theimc_robot/install/theimc_navigation2/share/theimc_navigation2/params/theimc_nav2_obstacle_avoidance_params.yaml\n'}
[35.301116] (theimc_navigation2) StdoutLine: {'line': b'-- Up-to-date symlink: /home/jeff/theimc_robot/install/theimc_navigation2/share/theimc_navigation2/params/theimc_nav2_obstacle_avoidance_params.yaml.bak-before-mppi-20260724\n'}
[35.301337] (theimc_navigation2) StdoutLine: {'line': b'-- Up-to-date symlink: /home/jeff/theimc_robot/install/theimc_navigation2/share/theimc_navigation2/params/theimc_nav2_params.yaml\n'}
[35.301557] (theimc_navigation2) StdoutLine: {'line': b'-- Up-to-date symlink: /home/jeff/theimc_robot/install/theimc_navigation2/share/theimc_navigation2/params/theimc_nav2_params_RPP.yaml\n'}
[35.301772] (theimc_navigation2) StdoutLine: {'line': b'-- Up-to-date symlink: /home/jeff/theimc_robot/install/theimc_navigation2/share/theimc_navigation2/params/theimc_nav2_params_mppi.yaml\n'}
[35.301988] (theimc_navigation2) StdoutLine: {'line': b'-- Up-to-date symlink: /home/jeff/theimc_robot/install/theimc_navigation2/share/theimc_navigation2/params/waypoints.yaml\n'}
[35.302471] (theimc_navigation2) StdoutLine: {'line': b'-- Up-to-date symlink: /home/jeff/theimc_robot/install/theimc_navigation2/share/theimc_navigation2/rviz/demo_robot.rviz\n'}
[35.302934] (theimc_navigation2) StdoutLine: {'line': b'-- Up-to-date symlink: /home/jeff/theimc_robot/install/theimc_navigation2/share/theimc_navigation2/scripts/button_publisher.py\n'}
[35.303147] (theimc_navigation2) StdoutLine: {'line': b'-- Up-to-date symlink: /home/jeff/theimc_robot/install/theimc_navigation2/share/theimc_navigation2/scripts/example_route.py\n'}
[35.303388] (theimc_navigation2) StdoutLine: {'line': b'-- Up-to-date symlink: /home/jeff/theimc_robot/install/theimc_navigation2/share/theimc_navigation2/scripts/waypoint_sender.py\n'}
[35.303897] (theimc_navigation2) StdoutLine: {'line': b'-- Up-to-date symlink: /home/jeff/theimc_robot/install/theimc_navigation2/share/theimc_navigation2/behavior_trees/custom_button_bt.xml\n'}
[35.304110] (theimc_navigation2) StdoutLine: {'line': b'-- Up-to-date symlink: /home/jeff/theimc_robot/install/theimc_navigation2/share/theimc_navigation2/behavior_trees/nav_through_poses_no_spin.xml\n'}
[35.304320] (theimc_navigation2) StdoutLine: {'line': b'-- Up-to-date symlink: /home/jeff/theimc_robot/install/theimc_navigation2/share/theimc_navigation2/behavior_trees/nav_to_pose_no_spin.xml\n'}
[35.304541] (theimc_navigation2) StdoutLine: {'line': b'-- Up-to-date symlink: /home/jeff/theimc_robot/install/theimc_navigation2/share/theimc_navigation2/behavior_trees/nav_to_pose_obstacle_avoidance.xml\n'}
[35.304742] (theimc_navigation2) StdoutLine: {'line': b'-- Up-to-date symlink: /home/jeff/theimc_robot/install/theimc_navigation2/share/theimc_navigation2/behavior_trees/nav_to_pose_obstacle_avoidance.xml.bak-before-mppi-20260724\n'}
[35.304953] (theimc_navigation2) StdoutLine: {'line': b'-- Up-to-date symlink: /home/jeff/theimc_robot/install/theimc_navigation2/share/theimc_navigation2/behavior_trees/nav_to_pose_with_spin.xml\n'}
[35.305156] (theimc_navigation2) StdoutLine: {'line': b'-- Up-to-date symlink: /home/jeff/theimc_robot/install/theimc_navigation2/share/theimc_navigation2/behavior_trees/navigate_via_route.xml\n'}
[35.305365] (theimc_navigation2) StdoutLine: {'line': b'-- Up-to-date symlink: /home/jeff/theimc_robot/install/theimc_navigation2/share/theimc_navigation2/behavior_trees/navigate_w_replanning_and_recovery.xml\n'}
[35.305742] (theimc_navigation2) StdoutLine: {'line': b'-- Up-to-date symlink: /home/jeff/theimc_robot/install/theimc_navigation2/share/ament_index/resource_index/package_run_dependencies/theimc_navigation2\n'}
[35.306083] (theimc_navigation2) StdoutLine: {'line': b'-- Up-to-date symlink: /home/jeff/theimc_robot/install/theimc_navigation2/share/ament_index/resource_index/parent_prefix_path/theimc_navigation2\n'}
[35.306580] (theimc_navigation2) StdoutLine: {'line': b'-- Up-to-date symlink: /home/jeff/theimc_robot/install/theimc_navigation2/share/theimc_navigation2/environment/ament_prefix_path.sh\n'}
[35.306890] (theimc_navigation2) StdoutLine: {'line': b'-- Up-to-date symlink: /home/jeff/theimc_robot/install/theimc_navigation2/share/theimc_navigation2/environment/ament_prefix_path.dsv\n'}
[35.307195] (theimc_navigation2) StdoutLine: {'line': b'-- Up-to-date symlink: /home/jeff/theimc_robot/install/theimc_navigation2/share/theimc_navigation2/environment/path.sh\n'}
[35.307484] (theimc_navigation2) StdoutLine: {'line': b'-- Up-to-date symlink: /home/jeff/theimc_robot/install/theimc_navigation2/share/theimc_navigation2/environment/path.dsv\n'}
[35.307771] (theimc_navigation2) StdoutLine: {'line': b'-- Up-to-date symlink: /home/jeff/theimc_robot/install/theimc_navigation2/share/theimc_navigation2/local_setup.bash\n'}
[35.308056] (theimc_navigation2) StdoutLine: {'line': b'-- Up-to-date symlink: /home/jeff/theimc_robot/install/theimc_navigation2/share/theimc_navigation2/local_setup.sh\n'}
[35.308336] (theimc_navigation2) StdoutLine: {'line': b'-- Up-to-date symlink: /home/jeff/theimc_robot/install/theimc_navigation2/share/theimc_navigation2/local_setup.zsh\n'}
[35.308616] (theimc_navigation2) StdoutLine: {'line': b'-- Up-to-date symlink: /home/jeff/theimc_robot/install/theimc_navigation2/share/theimc_navigation2/local_setup.dsv\n'}
[35.308830] (theimc_navigation2) StdoutLine: {'line': b'-- Symlinking: /home/jeff/theimc_robot/install/theimc_navigation2/share/theimc_navigation2/package.dsv\n'}
[35.327596] (theimc_navigation2) StdoutLine: {'line': b'-- Up-to-date symlink: /home/jeff/theimc_robot/install/theimc_navigation2/share/ament_index/resource_index/packages/theimc_navigation2\n'}
[35.328099] (theimc_navigation2) StdoutLine: {'line': b'-- Up-to-date symlink: /home/jeff/theimc_robot/install/theimc_navigation2/share/ament_index/resource_index/rviz_common__pluginlib__plugin/theimc_navigation2\n'}
[35.328355] (theimc_navigation2) StdoutLine: {'line': b'-- Up-to-date symlink: /home/jeff/theimc_robot/install/theimc_navigation2/share/theimc_navigation2/cmake/theimc_navigation2Config.cmake\n'}
[35.328570] (theimc_navigation2) StdoutLine: {'line': b'-- Up-to-date symlink: /home/jeff/theimc_robot/install/theimc_navigation2/share/theimc_navigation2/cmake/theimc_navigation2Config-version.cmake\n'}
[35.328827] (theimc_navigation2) StdoutLine: {'line': b'-- Up-to-date symlink: /home/jeff/theimc_robot/install/theimc_navigation2/share/theimc_navigation2/package.xml\n'}
[35.332855] (theimc_navigation2) CommandEnded: {'returncode': 0}
[35.361344] (-) TimerEvent: {}
[35.381210] (theimc_navigation2) JobEnded: {'identifier': 'theimc_navigation2', 'rc': 0}
[35.384015] (theimc_bt_nodes) JobStarted: {'identifier': 'theimc_bt_nodes'}
[35.405824] (theimc_bt_nodes) JobProgress: {'identifier': 'theimc_bt_nodes', 'progress': 'cmake'}
[35.407689] (theimc_bt_nodes) JobProgress: {'identifier': 'theimc_bt_nodes', 'progress': 'build'}
[35.408248] (theimc_bt_nodes) Command: {'cmd': ['/usr/bin/cmake', '--build', '/home/jeff/theimc_robot/build/theimc_bt_nodes', '--', '-j6', '-l6'], 'cwd': '/home/jeff/theimc_robot/build/theimc_bt_nodes', 'env': OrderedDict([('LESSOPEN', '| /usr/bin/lesspipe %s'), ('USER', 'jeff'), ('SSH_CLIENT', '192.168.0.8 39154 22'), ('LC_TIME', 'ko_KR.UTF-8'), ('XDG_SESSION_TYPE', 'tty'), ('GIT_ASKPASS', '/home/jeff/.vscode-server/cli/servers/Stable-0958016b2af9f09bb4257e0df4a95e2f90590f9f/server/extensions/git/dist/askpass.sh'), ('SHLVL', '2'), ('LD_LIBRARY_PATH', '/home/jeff/theimc_robot/install/theimc_navigation2/lib:/home/jeff/theimc_robot/install/interfaces_pkg/lib:/home/jeff/theimc_robot/install/theimc_bt_nodes/lib:/opt/ros/humble/opt/rviz_ogre_vendor/lib:/opt/ros/humble/lib/aarch64-linux-gnu:/opt/ros/humble/lib'), ('BROWSER', '/home/jeff/.vscode-server/cli/servers/Stable-0958016b2af9f09bb4257e0df4a95e2f90590f9f/server/bin/helpers/browser.sh'), ('MOTD_SHOWN', 'pam'), ('HOME', '/home/jeff'), ('TERM_PROGRAM_VERSION', '1.120.0'), ('VSCODE_IPC_HOOK_CLI', '/run/user/1002/vscode-ipc-2cae8003-01de-433d-a510-70591381ea1a.sock'), ('ROS_PYTHON_VERSION', '3'), ('VSCODE_GIT_ASKPASS_MAIN', '/home/jeff/.vscode-server/cli/servers/Stable-0958016b2af9f09bb4257e0df4a95e2f90590f9f/server/extensions/git/dist/askpass-main.js'), ('LC_MONETARY', 'ko_KR.UTF-8'), ('VSCODE_GIT_ASKPASS_NODE', '/home/jeff/.vscode-server/cli/servers/Stable-0958016b2af9f09bb4257e0df4a95e2f90590f9f/server/node'), ('VSCODE_PYTHON_AUTOACTIVATE_GUARD', '1'), ('DBUS_SESSION_BUS_ADDRESS', 'unix:path=/run/user/1002/bus'), ('COLORTERM', 'truecolor'), ('COLCON_PREFIX_PATH', '/home/jeff/theimc_robot/install'), ('ROS_DISTRO', 'humble'), ('LOGNAME', 'jeff'), ('_', '/usr/bin/colcon'), ('ROS_VERSION', '2'), ('XDG_SESSION_CLASS', 'user'), ('TERM', 'xterm-256color'), ('XDG_SESSION_ID', '5'), ('ROS_LOCALHOST_ONLY', '0'), ('PATH', '/home/jeff/.vscode-server/data/User/globalStorage/github.copilot-chat/debugCommand:/home/jeff/.vscode-server/data/User/globalStorage/github.copilot-chat/copilotCli:/home/jeff/.vscode-server/cli/servers/Stable-0958016b2af9f09bb4257e0df4a95e2f90590f9f/server/bin/remote-cli:/opt/ros/humble/bin:/usr/local/sbin:/usr/local/bin:/usr/sbin:/usr/bin:/sbin:/bin:/usr/games:/usr/local/games:/snap/bin'), ('LC_ADDRESS', 'ko_KR.UTF-8'), ('XDG_RUNTIME_DIR', '/run/user/1002'), ('LANG', 'en_US.UTF-8'), ('LC_TELEPHONE', 'ko_KR.UTF-8'), ('LS_COLORS', 'rs=0:di=01;34:ln=01;36:mh=00:pi=40;33:so=01;35:do=01;35:bd=40;33;01:cd=40;33;01:or=40;31;01:mi=00:su=37;41:sg=30;43:ca=30;41:tw=30;42:ow=34;42:st=37;44:ex=01;32:*.tar=01;31:*.tgz=01;31:*.arc=01;31:*.arj=01;31:*.taz=01;31:*.lha=01;31:*.lz4=01;31:*.lzh=01;31:*.lzma=01;31:*.tlz=01;31:*.txz=01;31:*.tzo=01;31:*.t7z=01;31:*.zip=01;31:*.z=01;31:*.dz=01;31:*.gz=01;31:*.lrz=01;31:*.lz=01;31:*.lzo=01;31:*.xz=01;31:*.zst=01;31:*.tzst=01;31:*.bz2=01;31:*.bz=01;31:*.tbz=01;31:*.tbz2=01;31:*.tz=01;31:*.deb=01;31:*.rpm=01;31:*.jar=01;31:*.war=01;31:*.ear=01;31:*.sar=01;31:*.rar=01;31:*.alz=01;31:*.ace=01;31:*.zoo=01;31:*.cpio=01;31:*.7z=01;31:*.rz=01;31:*.cab=01;31:*.wim=01;31:*.swm=01;31:*.dwm=01;31:*.esd=01;31:*.jpg=01;35:*.jpeg=01;35:*.mjpg=01;35:*.mjpeg=01;35:*.gif=01;35:*.bmp=01;35:*.pbm=01;35:*.pgm=01;35:*.ppm=01;35:*.tga=01;35:*.xbm=01;35:*.xpm=01;35:*.tif=01;35:*.tiff=01;35:*.png=01;35:*.svg=01;35:*.svgz=01;35:*.mng=01;35:*.pcx=01;35:*.mov=01;35:*.mpg=01;35:*.mpeg=01;35:*.m2v=01;35:*.mkv=01;35:*.webm=01;35:*.webp=01;35:*.ogm=01;35:*.mp4=01;35:*.m4v=01;35:*.mp4v=01;35:*.vob=01;35:*.qt=01;35:*.nuv=01;35:*.wmv=01;35:*.asf=01;35:*.rm=01;35:*.rmvb=01;35:*.flc=01;35:*.avi=01;35:*.fli=01;35:*.flv=01;35:*.gl=01;35:*.dl=01;35:*.xcf=01;35:*.xwd=01;35:*.yuv=01;35:*.cgm=01;35:*.emf=01;35:*.ogv=01;35:*.ogx=01;35:*.aac=00;36:*.au=00;36:*.flac=00;36:*.m4a=00;36:*.mid=00;36:*.midi=00;36:*.mka=00;36:*.mp3=00;36:*.mpc=00;36:*.ogg=00;36:*.ra=00;36:*.wav=00;36:*.oga=00;36:*.opus=00;36:*.spx=00;36:*.xspf=00;36:'), ('VSCODE_GIT_IPC_HANDLE', '/run/user/1002/vscode-git-e19acbb9aa.sock'), ('TERM_PROGRAM', 'vscode'), ('ROS_DOMAIN_ID', '25'), ('AMENT_PREFIX_PATH', '/home/jeff/theimc_robot/install/theimc_teleop:/home/jeff/theimc_robot/install/theimc_bt_nodes:/home/jeff/theimc_robot/install/theimc_navigation2:/home/jeff/theimc_robot/install/theimc_description:/home/jeff/theimc_robot/install/theimc_bringup:/home/jeff/theimc_robot/install/sllidar_ros2:/home/jeff/theimc_robot/install/localizer_server:/home/jeff/theimc_robot/install/decision_making_pkg:/home/jeff/theimc_robot/install/interfaces_pkg:/home/jeff/theimc_robot/install/debug_pkg:/home/jeff/theimc_robot/install/camera_perception_pkg:/opt/ros/humble'), ('SHELL', '/bin/bash'), ('LC_NAME', 'ko_KR.UTF-8'), ('LESSCLOSE', '/usr/bin/lesspipe %s %s'), ('LC_MEASUREMENT', 'ko_KR.UTF-8'), ('LC_IDENTIFICATION', 'ko_KR.UTF-8'), ('VSCODE_GIT_ASKPASS_EXTRA_ARGS', ''), ('PWD', '/home/jeff/theimc_robot/build/theimc_bt_nodes'), ('LC_ALL', 'en_US.UTF-8'), ('SSH_CONNECTION', '192.168.0.8 39154 192.168.0.81 22'), ('XDG_DATA_DIRS', '/usr/share/gnome:/usr/local/share:/usr/share:/var/lib/snapd/desktop'), ('PYTHONPATH', '/home/jeff/theimc_robot/build/theimc_teleop:/home/jeff/theimc_robot/install/theimc_teleop/lib/python3.10/site-packages:/home/jeff/theimc_robot/build/theimc_bringup:/home/jeff/theimc_robot/install/theimc_bringup/lib/python3.10/site-packages:/home/jeff/theimc_robot/build/localizer_server:/home/jeff/theimc_robot/install/localizer_server/lib/python3.10/site-packages:/home/jeff/theimc_robot/build/decision_making_pkg:/home/jeff/theimc_robot/install/decision_making_pkg/lib/python3.10/site-packages:/home/jeff/theimc_robot/install/interfaces_pkg/local/lib/python3.10/dist-packages:/home/jeff/theimc_robot/build/debug_pkg:/home/jeff/theimc_robot/install/debug_pkg/lib/python3.10/site-packages:/home/jeff/theimc_robot/build/camera_perception_pkg:/home/jeff/theimc_robot/install/camera_perception_pkg/lib/python3.10/site-packages:/opt/ros/humble/lib/python3.10/site-packages:/opt/ros/humble/local/lib/python3.10/dist-packages'), ('LC_NUMERIC', 'ko_KR.UTF-8'), ('LC_PAPER', 'ko_KR.UTF-8'), ('COLCON', '1'), ('CMAKE_PREFIX_PATH', '/home/jeff/theimc_robot/install/theimc_navigation2:/home/jeff/theimc_robot/install/interfaces_pkg:/home/jeff/theimc_robot/install/theimc_bt_nodes:/home/jeff/theimc_robot/install/theimc_description:/home/jeff/theimc_robot/install/sllidar_ros2:/home/jeff/theimc_robot/install/theimc_teleop:/home/jeff/theimc_robot/install/theimc_bringup:/home/jeff/theimc_robot/install/localizer_server:/home/jeff/theimc_robot/install/decision_making_pkg:/home/jeff/theimc_robot/install/debug_pkg:/home/jeff/theimc_robot/install/camera_perception_pkg:/opt/ros/humble')]), 'shell': False}
[35.461529] (-) TimerEvent: {}
[35.463273] (theimc_bt_nodes) StdoutLine: {'line': b'-- Found ament_cmake: 1.3.14 (/opt/ros/humble/share/ament_cmake/cmake)\n'}
[35.561681] (-) TimerEvent: {}
[35.662312] (-) TimerEvent: {}
[35.755996] (theimc_bt_nodes) StdoutLine: {'line': b'-- Override CMake install command with custom implementation using symlinks instead of copying resources\n'}
[35.762414] (-) TimerEvent: {}
[35.779722] (theimc_bt_nodes) StdoutLine: {'line': b'-- Found ament_index_cpp: 1.4.1 (/opt/ros/humble/share/ament_index_cpp/cmake)\n'}
[35.783518] (theimc_bt_nodes) StdoutLine: {'line': b'-- Found geometry_msgs: 4.9.1 (/opt/ros/humble/share/geometry_msgs/cmake)\n'}
[35.850983] (theimc_bt_nodes) StdoutLine: {'line': b'-- Found rosidl_generator_c: 3.1.9 (/opt/ros/humble/share/rosidl_generator_c/cmake)\n'}
[35.856008] (theimc_bt_nodes) StdoutLine: {'line': b'-- Found rosidl_adapter: 3.1.9 (/opt/ros/humble/share/rosidl_adapter/cmake)\n'}
[35.862555] (-) TimerEvent: {}
[35.867955] (theimc_bt_nodes) StdoutLine: {'line': b'-- Found rosidl_generator_cpp: 3.1.9 (/opt/ros/humble/share/rosidl_generator_cpp/cmake)\n'}
[35.886301] (theimc_bt_nodes) StdoutLine: {'line': b'-- Using all available rosidl_typesupport_c: rosidl_typesupport_fastrtps_c;rosidl_typesupport_introspection_c\n'}
[35.909465] (theimc_bt_nodes) StdoutLine: {'line': b'-- Using all available rosidl_typesupport_cpp: rosidl_typesupport_fastrtps_cpp;rosidl_typesupport_introspection_cpp\n'}
[35.962734] (-) TimerEvent: {}
[35.977385] (theimc_bt_nodes) StdoutLine: {'line': b'-- Found interfaces_pkg: 0.0.0 (/home/jeff/theimc_robot/install/interfaces_pkg/share/interfaces_pkg/cmake)\n'}
[36.047327] (theimc_bt_nodes) StdoutLine: {'line': b'-- Found nav2_behavior_tree: 1.1.20 (/opt/ros/humble/share/nav2_behavior_tree/cmake)\n'}
[36.062805] (-) TimerEvent: {}
[36.106266] (theimc_bt_nodes) StdoutLine: {'line': b'-- Found rmw_implementation_cmake: 6.1.2 (/opt/ros/humble/share/rmw_implementation_cmake/cmake)\n'}
[36.109259] (theimc_bt_nodes) StdoutLine: {'line': b'-- Found rmw_fastrtps_cpp: 6.2.10 (/opt/ros/humble/share/rmw_fastrtps_cpp/cmake)\n'}
[36.163055] (-) TimerEvent: {}
[36.263864] (-) TimerEvent: {}
[36.298929] (theimc_bt_nodes) StdoutLine: {'line': b"-- Using RMW implementation 'rmw_fastrtps_cpp' as default\n"}
[36.364033] (-) TimerEvent: {}
[36.464677] (-) TimerEvent: {}
[36.565334] (-) TimerEvent: {}
[36.631363] (theimc_bt_nodes) StdoutLine: {'line': b'-- Found eigen3_cmake_module: 0.1.1 (/opt/ros/humble/share/eigen3_cmake_module/cmake)\n'}
[36.633719] (theimc_bt_nodes) StdoutLine: {'line': b'-- Ensuring Eigen3 include directory is part of orocos-kdl CMake target\n'}
[36.665485] (-) TimerEvent: {}
[36.718980] (theimc_bt_nodes) StdoutLine: {'line': b'-- Found pluginlib: 5.1.4 (/opt/ros/humble/share/pluginlib/cmake)\n'}
[36.744647] (theimc_bt_nodes) StdoutLine: {'line': b'-- Found yaml_cpp_vendor: 8.0.2 (/opt/ros/humble/share/yaml_cpp_vendor/cmake)\n'}
[36.765608] (-) TimerEvent: {}
[36.866172] (-) TimerEvent: {}
[36.966828] (-) TimerEvent: {}
[36.991065] (theimc_bt_nodes) StdoutLine: {'line': b'-- Configuring done\n'}
[37.067006] (-) TimerEvent: {}
[37.148265] (theimc_bt_nodes) StdoutLine: {'line': b'-- Generating done\n'}
[37.166966] (theimc_bt_nodes) StdoutLine: {'line': b'-- Build files have been written to: /home/jeff/theimc_robot/build/theimc_bt_nodes\n'}
[37.167362] (-) TimerEvent: {}
[37.234629] (theimc_bt_nodes) StdoutLine: {'line': b'\x1b[35m\x1b[1mConsolidate compiler generated dependencies of target mission_bt_runner\x1b[0m\n'}
[37.251927] (theimc_bt_nodes) StdoutLine: {'line': b'\x1b[35m\x1b[1mConsolidate compiler generated dependencies of target theimc_bt_nodes\x1b[0m\n'}
[37.267573] (-) TimerEvent: {}
[37.274259] (theimc_bt_nodes) StdoutLine: {'line': b'[  5%] \x1b[32mBuilding CXX object CMakeFiles/mission_bt_runner.dir/src/mission_bt_runner.cpp.o\x1b[0m\n'}
[37.361581] (theimc_bt_nodes) StdoutLine: {'line': b'[ 17%] \x1b[32mBuilding CXX object CMakeFiles/theimc_bt_nodes.dir/src/drive_cmd_vel.cpp.o\x1b[0m\n'}
[37.362123] (theimc_bt_nodes) StdoutLine: {'line': b'[ 23%] \x1b[32mBuilding CXX object CMakeFiles/theimc_bt_nodes.dir/src/get_rail_pose.cpp.o\x1b[0m\n'}
[37.364018] (theimc_bt_nodes) StdoutLine: {'line': b'[ 17%] \x1b[32mBuilding CXX object CMakeFiles/theimc_bt_nodes.dir/src/for_each_rail.cpp.o\x1b[0m\n'}
[37.367720] (-) TimerEvent: {}
[37.376944] (theimc_bt_nodes) StdoutLine: {'line': b'[ 29%] \x1b[32mBuilding CXX object CMakeFiles/theimc_bt_nodes.dir/src/publish_rail_command.cpp.o\x1b[0m\n'}
[37.379042] (theimc_bt_nodes) StdoutLine: {'line': b'[ 35%] \x1b[32mBuilding CXX object CMakeFiles/theimc_bt_nodes.dir/src/go_to_pose.cpp.o\x1b[0m\n'}
[37.467919] (-) TimerEvent: {}
[37.568613] (-) TimerEvent: {}
[37.669318] (-) TimerEvent: {}
[37.770022] (-) TimerEvent: {}
[37.870854] (-) TimerEvent: {}
[37.971563] (-) TimerEvent: {}
[38.072281] (-) TimerEvent: {}
[38.173041] (-) TimerEvent: {}
[38.273780] (-) TimerEvent: {}
[38.374536] (-) TimerEvent: {}
[38.475283] (-) TimerEvent: {}
[38.576053] (-) TimerEvent: {}
[38.676831] (-) TimerEvent: {}
[38.777573] (-) TimerEvent: {}
[38.878320] (-) TimerEvent: {}
[38.979107] (-) TimerEvent: {}
[39.079874] (-) TimerEvent: {}
[39.180620] (-) TimerEvent: {}
[39.281389] (-) TimerEvent: {}
[39.382137] (-) TimerEvent: {}
[39.482909] (-) TimerEvent: {}
[39.583659] (-) TimerEvent: {}
[39.684433] (-) TimerEvent: {}
[39.785209] (-) TimerEvent: {}
[39.885980] (-) TimerEvent: {}
[39.986766] (-) TimerEvent: {}
[40.087488] (-) TimerEvent: {}
[40.188263] (-) TimerEvent: {}
[40.289002] (-) TimerEvent: {}
[40.389774] (-) TimerEvent: {}
[40.490590] (-) TimerEvent: {}
[40.591346] (-) TimerEvent: {}
[40.692087] (-) TimerEvent: {}
[40.792831] (-) TimerEvent: {}
[40.893581] (-) TimerEvent: {}
[40.994366] (-) TimerEvent: {}
[41.095104] (-) TimerEvent: {}
[41.195854] (-) TimerEvent: {}
[41.296616] (-) TimerEvent: {}
[41.397376] (-) TimerEvent: {}
[41.498173] (-) TimerEvent: {}
[41.598916] (-) TimerEvent: {}
[41.699642] (-) TimerEvent: {}
[41.800394] (-) TimerEvent: {}
[41.901157] (-) TimerEvent: {}
[42.001924] (-) TimerEvent: {}
[42.102681] (-) TimerEvent: {}
[42.203428] (-) TimerEvent: {}
[42.304162] (-) TimerEvent: {}
[42.404919] (-) TimerEvent: {}
[42.505637] (-) TimerEvent: {}
[42.606412] (-) TimerEvent: {}
[42.707162] (-) TimerEvent: {}
[42.807937] (-) TimerEvent: {}
[42.908687] (-) TimerEvent: {}
[43.009460] (-) TimerEvent: {}
[43.110195] (-) TimerEvent: {}
[43.210936] (-) TimerEvent: {}
[43.311676] (-) TimerEvent: {}
[43.412409] (-) TimerEvent: {}
[43.513190] (-) TimerEvent: {}
[43.613941] (-) TimerEvent: {}
[43.714666] (-) TimerEvent: {}
[43.815392] (-) TimerEvent: {}
[43.916117] (-) TimerEvent: {}
[44.016872] (-) TimerEvent: {}
[44.117634] (-) TimerEvent: {}
[44.218412] (-) TimerEvent: {}
[44.319143] (-) TimerEvent: {}
[44.419892] (-) TimerEvent: {}
[44.520657] (-) TimerEvent: {}
[44.621432] (-) TimerEvent: {}
[44.722208] (-) TimerEvent: {}
[44.823027] (-) TimerEvent: {}
[44.923789] (-) TimerEvent: {}
[45.024564] (-) TimerEvent: {}
[45.125322] (-) TimerEvent: {}
[45.226036] (-) TimerEvent: {}
[45.326765] (-) TimerEvent: {}
[45.427499] (-) TimerEvent: {}
[45.528240] (-) TimerEvent: {}
[45.628939] (-) TimerEvent: {}
[45.729655] (-) TimerEvent: {}
[45.830427] (-) TimerEvent: {}
[45.931140] (-) TimerEvent: {}
[46.031867] (-) TimerEvent: {}
[46.132613] (-) TimerEvent: {}
[46.233336] (-) TimerEvent: {}
[46.334081] (-) TimerEvent: {}
[46.434827] (-) TimerEvent: {}
[46.535570] (-) TimerEvent: {}
[46.636324] (-) TimerEvent: {}
[46.737079] (-) TimerEvent: {}
[46.837824] (-) TimerEvent: {}
[46.938537] (-) TimerEvent: {}
[47.039267] (-) TimerEvent: {}
[47.140024] (-) TimerEvent: {}
[47.240785] (-) TimerEvent: {}
[47.341581] (-) TimerEvent: {}
[47.442459] (-) TimerEvent: {}
[47.543172] (-) TimerEvent: {}
[47.643953] (-) TimerEvent: {}
[47.744717] (-) TimerEvent: {}
[47.845464] (-) TimerEvent: {}
[47.946191] (-) TimerEvent: {}
[48.046908] (-) TimerEvent: {}
[48.147613] (-) TimerEvent: {}
[48.248335] (-) TimerEvent: {}
[48.349231] (-) TimerEvent: {}
[48.449968] (-) TimerEvent: {}
[48.550689] (-) TimerEvent: {}
[48.651438] (-) TimerEvent: {}
[48.752249] (-) TimerEvent: {}
[48.852995] (-) TimerEvent: {}
[48.854036] (theimc_bt_nodes) StdoutLine: {'line': b'[ 41%] \x1b[32mBuilding CXX object CMakeFiles/theimc_bt_nodes.dir/src/rail_approach.cpp.o\x1b[0m\n'}
[48.953232] (-) TimerEvent: {}
[49.054029] (-) TimerEvent: {}
[49.154768] (-) TimerEvent: {}
[49.255506] (-) TimerEvent: {}
[49.356229] (-) TimerEvent: {}
[49.457027] (-) TimerEvent: {}
[49.561159] (-) TimerEvent: {}
[49.661872] (-) TimerEvent: {}
[49.762590] (-) TimerEvent: {}
[49.863292] (-) TimerEvent: {}
[49.964004] (-) TimerEvent: {}
[50.064753] (-) TimerEvent: {}
[50.165477] (-) TimerEvent: {}
[50.266256] (-) TimerEvent: {}
[50.273565] (theimc_bt_nodes) StdoutLine: {'line': b'[ 47%] \x1b[32mBuilding CXX object CMakeFiles/theimc_bt_nodes.dir/src/return_home_requested.cpp.o\x1b[0m\n'}
[50.366495] (-) TimerEvent: {}
[50.671390] (-) TimerEvent: {}
[50.772111] (-) TimerEvent: {}
[50.872883] (-) TimerEvent: {}
[50.973614] (-) TimerEvent: {}
[51.074405] (-) TimerEvent: {}
[51.175160] (-) TimerEvent: {}
[51.275886] (-) TimerEvent: {}
[51.376642] (-) TimerEvent: {}
[51.477389] (-) TimerEvent: {}
[51.578139] (-) TimerEvent: {}
[51.678899] (-) TimerEvent: {}
[51.733314] (theimc_bt_nodes) StdoutLine: {'line': b'[ 52%] \x1b[32mBuilding CXX object CMakeFiles/theimc_bt_nodes.dir/src/register_nodes.cpp.o\x1b[0m\n'}
[51.779097] (-) TimerEvent: {}
[51.879796] (-) TimerEvent: {}
[51.980512] (-) TimerEvent: {}
[52.081804] (-) TimerEvent: {}
[52.182516] (-) TimerEvent: {}
[52.283237] (-) TimerEvent: {}
[52.300779] (theimc_bt_nodes) StdoutLine: {'line': b'[ 58%] \x1b[32mBuilding CXX object CMakeFiles/theimc_bt_nodes.dir/src/wait_for_rail_state.cpp.o\x1b[0m\n'}
[52.383443] (-) TimerEvent: {}
[52.484161] (-) TimerEvent: {}
[52.584897] (-) TimerEvent: {}
[52.685672] (-) TimerEvent: {}
[52.786398] (-) TimerEvent: {}
[52.887126] (-) TimerEvent: {}
[52.987846] (-) TimerEvent: {}
[53.088693] (-) TimerEvent: {}
[53.189454] (-) TimerEvent: {}
[53.290155] (-) TimerEvent: {}
[53.390888] (-) TimerEvent: {}
[53.491597] (-) TimerEvent: {}
[53.540575] (theimc_bt_nodes) StdoutLine: {'line': b'[ 64%] \x1b[32mBuilding CXX object CMakeFiles/theimc_bt_nodes.dir/src/wait_for_mission_trigger.cpp.o\x1b[0m\n'}
[53.591965] (-) TimerEvent: {}
[53.692690] (-) TimerEvent: {}
[53.793456] (-) TimerEvent: {}
[53.894270] (-) TimerEvent: {}
[53.994988] (-) TimerEvent: {}
[54.095697] (-) TimerEvent: {}
[54.196446] (-) TimerEvent: {}
[54.297220] (-) TimerEvent: {}
[54.398000] (-) TimerEvent: {}
[54.498720] (-) TimerEvent: {}
[54.599446] (-) TimerEvent: {}
[54.700166] (-) TimerEvent: {}
[54.800893] (-) TimerEvent: {}
[54.901640] (-) TimerEvent: {}
[55.002395] (-) TimerEvent: {}
[55.103080] (-) TimerEvent: {}
[55.203798] (-) TimerEvent: {}
[55.304556] (-) TimerEvent: {}
[55.405327] (-) TimerEvent: {}
[55.506061] (-) TimerEvent: {}
[55.606786] (-) TimerEvent: {}
[55.707478] (-) TimerEvent: {}
[55.808211] (-) TimerEvent: {}
[55.908984] (-) TimerEvent: {}
[56.009738] (-) TimerEvent: {}
[56.110504] (-) TimerEvent: {}
[56.211212] (-) TimerEvent: {}
[56.311940] (-) TimerEvent: {}
[56.412706] (-) TimerEvent: {}
[56.513454] (-) TimerEvent: {}
[56.614240] (-) TimerEvent: {}
[56.715035] (-) TimerEvent: {}
[56.815748] (-) TimerEvent: {}
[56.916474] (-) TimerEvent: {}
[57.017217] (-) TimerEvent: {}
[57.117988] (-) TimerEvent: {}
[57.218705] (-) TimerEvent: {}
[57.319430] (-) TimerEvent: {}
[57.420156] (-) TimerEvent: {}
[57.520903] (-) TimerEvent: {}
[57.621680] (-) TimerEvent: {}
[57.722455] (-) TimerEvent: {}
[57.823169] (-) TimerEvent: {}
[57.923932] (-) TimerEvent: {}
[58.024710] (-) TimerEvent: {}
[58.125464] (-) TimerEvent: {}
[58.226210] (-) TimerEvent: {}
[58.326952] (-) TimerEvent: {}
[58.427669] (-) TimerEvent: {}
[58.528398] (-) TimerEvent: {}
[58.629133] (-) TimerEvent: {}
[58.729855] (-) TimerEvent: {}
[58.830600] (-) TimerEvent: {}
[58.931328] (-) TimerEvent: {}
[59.032070] (-) TimerEvent: {}
[59.132825] (-) TimerEvent: {}
[59.233569] (-) TimerEvent: {}
[59.334323] (-) TimerEvent: {}
[59.435095] (-) TimerEvent: {}
[59.535819] (-) TimerEvent: {}
[59.636552] (-) TimerEvent: {}
[59.737294] (-) TimerEvent: {}
[59.838038] (-) TimerEvent: {}
[59.938745] (-) TimerEvent: {}
[60.039446] (-) TimerEvent: {}
[60.140169] (-) TimerEvent: {}
[60.240909] (-) TimerEvent: {}
[60.341652] (-) TimerEvent: {}
[60.442442] (-) TimerEvent: {}
[60.543153] (-) TimerEvent: {}
[60.643888] (-) TimerEvent: {}
[60.744638] (-) TimerEvent: {}
[60.845399] (-) TimerEvent: {}
[60.946102] (-) TimerEvent: {}
[61.046815] (-) TimerEvent: {}
[61.147533] (-) TimerEvent: {}
[61.248250] (-) TimerEvent: {}
[61.348961] (-) TimerEvent: {}
[61.449671] (-) TimerEvent: {}
[61.550380] (-) TimerEvent: {}
[61.651082] (-) TimerEvent: {}
[61.751821] (-) TimerEvent: {}
[61.852547] (-) TimerEvent: {}
[61.953273] (-) TimerEvent: {}
[62.053983] (-) TimerEvent: {}
[62.154711] (-) TimerEvent: {}
[62.255441] (-) TimerEvent: {}
[62.356145] (-) TimerEvent: {}
[62.456868] (-) TimerEvent: {}
[62.557601] (-) TimerEvent: {}
[62.658371] (-) TimerEvent: {}
[62.759112] (-) TimerEvent: {}
[62.859865] (-) TimerEvent: {}
[62.960599] (-) TimerEvent: {}
[63.061321] (-) TimerEvent: {}
[63.162084] (-) TimerEvent: {}
[63.262832] (-) TimerEvent: {}
[63.363577] (-) TimerEvent: {}
[63.464291] (-) TimerEvent: {}
[63.564994] (-) TimerEvent: {}
[63.665719] (-) TimerEvent: {}
[63.766501] (-) TimerEvent: {}
[63.867197] (-) TimerEvent: {}
[63.967916] (-) TimerEvent: {}
[64.068623] (-) TimerEvent: {}
[64.169360] (-) TimerEvent: {}
[64.270135] (-) TimerEvent: {}
[64.370930] (-) TimerEvent: {}
[64.471653] (-) TimerEvent: {}
[64.572375] (-) TimerEvent: {}
[64.673129] (-) TimerEvent: {}
[64.773908] (-) TimerEvent: {}
[64.865313] (theimc_bt_nodes) StdoutLine: {'line': b'[ 70%] \x1b[32mBuilding CXX object CMakeFiles/theimc_bt_nodes.dir/src/wait_seconds.cpp.o\x1b[0m\n'}
[64.874122] (-) TimerEvent: {}
[64.974845] (-) TimerEvent: {}
[65.075571] (-) TimerEvent: {}
[65.176240] (-) TimerEvent: {}
[65.241310] (theimc_bt_nodes) StdoutLine: {'line': b'[ 76%] \x1b[32m\x1b[1mLinking CXX executable mission_bt_runner\x1b[0m\n'}
[65.276457] (-) TimerEvent: {}
[65.377892] (-) TimerEvent: {}
[65.478593] (-) TimerEvent: {}
[65.579315] (-) TimerEvent: {}
[65.680069] (-) TimerEvent: {}
[65.780812] (-) TimerEvent: {}
[65.881562] (-) TimerEvent: {}
[65.982369] (-) TimerEvent: {}
[66.083296] (-) TimerEvent: {}
[66.184011] (-) TimerEvent: {}
[66.284742] (-) TimerEvent: {}
[66.385542] (-) TimerEvent: {}
[66.425139] (theimc_bt_nodes) StdoutLine: {'line': b'[ 82%] \x1b[32mBuilding CXX object CMakeFiles/theimc_bt_nodes.dir/src/is_battery_low.cpp.o\x1b[0m\n'}
[66.485769] (-) TimerEvent: {}
[66.586536] (-) TimerEvent: {}
[66.687269] (-) TimerEvent: {}
[66.788000] (-) TimerEvent: {}
[66.888726] (-) TimerEvent: {}
[66.989469] (-) TimerEvent: {}
[67.090230] (-) TimerEvent: {}
[67.191017] (-) TimerEvent: {}
[67.291809] (-) TimerEvent: {}
[67.392606] (-) TimerEvent: {}
[67.493368] (-) TimerEvent: {}
[67.594096] (-) TimerEvent: {}
[67.694795] (-) TimerEvent: {}
[67.795482] (-) TimerEvent: {}
[67.804257] (theimc_bt_nodes) StdoutLine: {'line': b'[ 82%] Built target mission_bt_runner\n'}
[67.851641] (theimc_bt_nodes) StdoutLine: {'line': b'[ 88%] \x1b[32mBuilding CXX object CMakeFiles/theimc_bt_nodes.dir/src/wait_for_charge.cpp.o\x1b[0m\n'}
[67.895679] (-) TimerEvent: {}
[67.996420] (-) TimerEvent: {}
[68.097207] (-) TimerEvent: {}
[68.197969] (-) TimerEvent: {}
[68.298722] (-) TimerEvent: {}
[68.399425] (-) TimerEvent: {}
[68.500167] (-) TimerEvent: {}
[68.600890] (-) TimerEvent: {}
[68.701670] (-) TimerEvent: {}
[68.802434] (-) TimerEvent: {}
[68.903135] (-) TimerEvent: {}
[69.003846] (-) TimerEvent: {}
[69.104577] (-) TimerEvent: {}
[69.205333] (-) TimerEvent: {}
[69.306126] (-) TimerEvent: {}
[69.406876] (-) TimerEvent: {}
[69.507627] (-) TimerEvent: {}
[69.608375] (-) TimerEvent: {}
[69.709136] (-) TimerEvent: {}
[69.809830] (-) TimerEvent: {}
[69.910532] (-) TimerEvent: {}
[70.011235] (-) TimerEvent: {}
[70.111983] (-) TimerEvent: {}
[70.212728] (-) TimerEvent: {}
[70.313461] (-) TimerEvent: {}
[70.414223] (-) TimerEvent: {}
[70.514972] (-) TimerEvent: {}
[70.615861] (-) TimerEvent: {}
[70.716616] (-) TimerEvent: {}
[70.817356] (-) TimerEvent: {}
[70.918088] (-) TimerEvent: {}
[71.018838] (-) TimerEvent: {}
[71.119552] (-) TimerEvent: {}
[71.220268] (-) TimerEvent: {}
[71.320996] (-) TimerEvent: {}
[71.421733] (-) TimerEvent: {}
[71.522468] (-) TimerEvent: {}
[71.623151] (-) TimerEvent: {}
[71.723869] (-) TimerEvent: {}
[71.824733] (-) TimerEvent: {}
[71.925700] (-) TimerEvent: {}
[72.026450] (-) TimerEvent: {}
[72.127157] (-) TimerEvent: {}
[72.227862] (-) TimerEvent: {}
[72.328571] (-) TimerEvent: {}
[72.429306] (-) TimerEvent: {}
[72.530054] (-) TimerEvent: {}
[72.630801] (-) TimerEvent: {}
[72.731974] (-) TimerEvent: {}
[72.832719] (-) TimerEvent: {}
[72.933426] (-) TimerEvent: {}
[73.034188] (-) TimerEvent: {}
[73.134912] (-) TimerEvent: {}
[73.235650] (-) TimerEvent: {}
[73.336361] (-) TimerEvent: {}
[73.437031] (-) TimerEvent: {}
[73.537752] (-) TimerEvent: {}
[73.638514] (-) TimerEvent: {}
[73.739254] (-) TimerEvent: {}
[73.839982] (-) TimerEvent: {}
[73.940715] (-) TimerEvent: {}
[74.041440] (-) TimerEvent: {}
[74.142182] (-) TimerEvent: {}
[74.242929] (-) TimerEvent: {}
[74.343655] (-) TimerEvent: {}
[74.444405] (-) TimerEvent: {}
[74.545166] (-) TimerEvent: {}
[74.645940] (-) TimerEvent: {}
[74.746675] (-) TimerEvent: {}
[74.847391] (-) TimerEvent: {}
[74.948198] (-) TimerEvent: {}
[75.048960] (-) TimerEvent: {}
[75.149742] (-) TimerEvent: {}
[75.250510] (-) TimerEvent: {}
[75.283227] (theimc_bt_nodes) StdoutLine: {'line': b'[ 94%] \x1b[32mBuilding CXX object CMakeFiles/theimc_bt_nodes.dir/src/save_current_pose.cpp.o\x1b[0m\n'}
[75.350706] (-) TimerEvent: {}
[75.451416] (-) TimerEvent: {}
[75.552296] (-) TimerEvent: {}
[75.652982] (-) TimerEvent: {}
[75.753857] (-) TimerEvent: {}
[75.854566] (-) TimerEvent: {}
[75.955267] (-) TimerEvent: {}
[76.056017] (-) TimerEvent: {}
[76.156780] (-) TimerEvent: {}
[76.257542] (-) TimerEvent: {}
[76.358287] (-) TimerEvent: {}
[76.459050] (-) TimerEvent: {}
[76.559739] (-) TimerEvent: {}
[76.660404] (-) TimerEvent: {}
[76.761114] (-) TimerEvent: {}
[76.861858] (-) TimerEvent: {}
[76.962605] (-) TimerEvent: {}
[77.063344] (-) TimerEvent: {}
[77.164085] (-) TimerEvent: {}
[77.264799] (-) TimerEvent: {}
[77.365808] (-) TimerEvent: {}
[77.466530] (-) TimerEvent: {}
[77.567243] (-) TimerEvent: {}
[77.667980] (-) TimerEvent: {}
[77.768724] (-) TimerEvent: {}
[77.869476] (-) TimerEvent: {}
[77.970197] (-) TimerEvent: {}
[78.070953] (-) TimerEvent: {}
[78.171691] (-) TimerEvent: {}
[78.272449] (-) TimerEvent: {}
[78.373203] (-) TimerEvent: {}
[78.473946] (-) TimerEvent: {}
[78.574710] (-) TimerEvent: {}
[78.675404] (-) TimerEvent: {}
[78.776119] (-) TimerEvent: {}
[78.876885] (-) TimerEvent: {}
[78.977640] (-) TimerEvent: {}
[79.078408] (-) TimerEvent: {}
[79.179346] (-) TimerEvent: {}
[79.280064] (-) TimerEvent: {}
[79.380800] (-) TimerEvent: {}
[79.481560] (-) TimerEvent: {}
[79.582353] (-) TimerEvent: {}
[79.683050] (-) TimerEvent: {}
[79.783783] (-) TimerEvent: {}
[79.884484] (-) TimerEvent: {}
[79.985237] (-) TimerEvent: {}
[80.085966] (-) TimerEvent: {}
[80.186770] (-) TimerEvent: {}
[80.287489] (-) TimerEvent: {}
[80.388204] (-) TimerEvent: {}
[80.488895] (-) TimerEvent: {}
[80.589607] (-) TimerEvent: {}
[80.690304] (-) TimerEvent: {}
[80.791244] (-) TimerEvent: {}
[80.891978] (-) TimerEvent: {}
[80.992668] (-) TimerEvent: {}
[81.093371] (-) TimerEvent: {}
[81.194069] (-) TimerEvent: {}
[81.294802] (-) TimerEvent: {}
[81.395519] (-) TimerEvent: {}
[81.496242] (-) TimerEvent: {}
[81.596979] (-) TimerEvent: {}
[81.697681] (-) TimerEvent: {}
[81.798412] (-) TimerEvent: {}
[81.899083] (-) TimerEvent: {}
[81.999793] (-) TimerEvent: {}
[82.100491] (-) TimerEvent: {}
[82.201218] (-) TimerEvent: {}
[82.301926] (-) TimerEvent: {}
[82.402682] (-) TimerEvent: {}
[82.503383] (-) TimerEvent: {}
[82.604086] (-) TimerEvent: {}
[82.704806] (-) TimerEvent: {}
[82.805716] (-) TimerEvent: {}
[82.906472] (-) TimerEvent: {}
[83.007151] (-) TimerEvent: {}
[83.107840] (-) TimerEvent: {}
[83.208546] (-) TimerEvent: {}
[83.309313] (-) TimerEvent: {}
[83.410020] (-) TimerEvent: {}
[83.510770] (-) TimerEvent: {}
[83.611487] (-) TimerEvent: {}
[83.712180] (-) TimerEvent: {}
[83.813005] (-) TimerEvent: {}
[83.913688] (-) TimerEvent: {}
[84.014446] (-) TimerEvent: {}
[84.115189] (-) TimerEvent: {}
[84.216053] (-) TimerEvent: {}
[84.316742] (-) TimerEvent: {}
[84.417449] (-) TimerEvent: {}
[84.518141] (-) TimerEvent: {}
[84.618853] (-) TimerEvent: {}
[84.719558] (-) TimerEvent: {}
[84.820231] (-) TimerEvent: {}
[84.920936] (-) TimerEvent: {}
[85.021644] (-) TimerEvent: {}
[85.122347] (-) TimerEvent: {}
[85.223028] (-) TimerEvent: {}
[85.323727] (-) TimerEvent: {}
[85.424417] (-) TimerEvent: {}
[85.525124] (-) TimerEvent: {}
[85.625893] (-) TimerEvent: {}
[85.726666] (-) TimerEvent: {}
[85.827389] (-) TimerEvent: {}
[85.928134] (-) TimerEvent: {}
[86.028856] (-) TimerEvent: {}
[86.129547] (-) TimerEvent: {}
[86.230209] (-) TimerEvent: {}
[86.330894] (-) TimerEvent: {}
[86.431557] (-) TimerEvent: {}
[86.532230] (-) TimerEvent: {}
[86.632894] (-) TimerEvent: {}
[86.733576] (-) TimerEvent: {}
[86.834229] (-) TimerEvent: {}
[86.934912] (-) TimerEvent: {}
[87.035593] (-) TimerEvent: {}
[87.136297] (-) TimerEvent: {}
[87.236974] (-) TimerEvent: {}
[87.337645] (-) TimerEvent: {}
[87.438382] (-) TimerEvent: {}
[87.539065] (-) TimerEvent: {}
[87.639738] (-) TimerEvent: {}
[87.740421] (-) TimerEvent: {}
[87.841104] (-) TimerEvent: {}
[87.941778] (-) TimerEvent: {}
[88.042477] (-) TimerEvent: {}
[88.143130] (-) TimerEvent: {}
[88.243788] (-) TimerEvent: {}
[88.344465] (-) TimerEvent: {}
[88.445182] (-) TimerEvent: {}
[88.545846] (-) TimerEvent: {}
[88.646536] (-) TimerEvent: {}
[88.747196] (-) TimerEvent: {}
[88.847854] (-) TimerEvent: {}
[88.948511] (-) TimerEvent: {}
[89.049181] (-) TimerEvent: {}
[89.149849] (-) TimerEvent: {}
[89.250503] (-) TimerEvent: {}
[89.351178] (-) TimerEvent: {}
[89.451848] (-) TimerEvent: {}
[89.552505] (-) TimerEvent: {}
[89.653155] (-) TimerEvent: {}
[89.753821] (-) TimerEvent: {}
[89.854496] (-) TimerEvent: {}
[89.955140] (-) TimerEvent: {}
[90.055973] (-) TimerEvent: {}
[90.156655] (-) TimerEvent: {}
[90.257310] (-) TimerEvent: {}
[90.357962] (-) TimerEvent: {}
[90.458642] (-) TimerEvent: {}
[90.559289] (-) TimerEvent: {}
[90.659940] (-) TimerEvent: {}
[90.760598] (-) TimerEvent: {}
[90.861247] (-) TimerEvent: {}
[90.961897] (-) TimerEvent: {}
[91.062581] (-) TimerEvent: {}
[91.163266] (-) TimerEvent: {}
[91.263936] (-) TimerEvent: {}
[91.364630] (-) TimerEvent: {}
[91.465275] (-) TimerEvent: {}
[91.499221] (theimc_bt_nodes) StdoutLine: {'line': b'[100%] \x1b[32m\x1b[1mLinking CXX shared library libtheimc_bt_nodes.so\x1b[0m\n'}
[91.565466] (-) TimerEvent: {}
[91.666147] (-) TimerEvent: {}
[91.766833] (-) TimerEvent: {}
[91.867517] (-) TimerEvent: {}
[91.968199] (-) TimerEvent: {}
[92.068899] (-) TimerEvent: {}
[92.169601] (-) TimerEvent: {}
[92.270575] (-) TimerEvent: {}
[92.371280] (-) TimerEvent: {}
[92.472001] (-) TimerEvent: {}
[92.572736] (-) TimerEvent: {}
[92.673460] (-) TimerEvent: {}
[92.774175] (-) TimerEvent: {}
[92.875100] (-) TimerEvent: {}
[92.975873] (-) TimerEvent: {}
[93.076604] (-) TimerEvent: {}
[93.177344] (-) TimerEvent: {}
[93.278061] (-) TimerEvent: {}
[93.378911] (-) TimerEvent: {}
[93.479749] (-) TimerEvent: {}
[93.580551] (-) TimerEvent: {}
[93.681242] (-) TimerEvent: {}
[93.782068] (-) TimerEvent: {}
[93.882936] (-) TimerEvent: {}
[93.983751] (-) TimerEvent: {}
[94.084552] (-) TimerEvent: {}
[94.185364] (-) TimerEvent: {}
[94.286163] (-) TimerEvent: {}
[94.387006] (-) TimerEvent: {}
[94.487818] (-) TimerEvent: {}
[94.588627] (-) TimerEvent: {}
[94.689413] (-) TimerEvent: {}
[94.790209] (-) TimerEvent: {}
[94.891009] (-) TimerEvent: {}
[94.991785] (-) TimerEvent: {}
[95.092560] (-) TimerEvent: {}
[95.193310] (-) TimerEvent: {}
[95.294150] (-) TimerEvent: {}
[95.394936] (-) TimerEvent: {}
[95.495691] (-) TimerEvent: {}
[95.596431] (-) TimerEvent: {}
[95.697152] (-) TimerEvent: {}
[95.797848] (-) TimerEvent: {}
[95.898629] (-) TimerEvent: {}
[95.999376] (-) TimerEvent: {}
[96.100103] (-) TimerEvent: {}
[96.200822] (-) TimerEvent: {}
[96.301557] (-) TimerEvent: {}
[96.402300] (-) TimerEvent: {}
[96.503089] (-) TimerEvent: {}
[96.603921] (-) TimerEvent: {}
[96.704728] (-) TimerEvent: {}
[96.805544] (-) TimerEvent: {}
[96.906312] (-) TimerEvent: {}
[97.007112] (-) TimerEvent: {}
[97.107900] (-) TimerEvent: {}
[97.151254] (theimc_bt_nodes) StdoutLine: {'line': b'[100%] Built target theimc_bt_nodes\n'}
[97.179219] (theimc_bt_nodes) CommandEnded: {'returncode': 0}
[97.182044] (theimc_bt_nodes) JobProgress: {'identifier': 'theimc_bt_nodes', 'progress': 'install'}
[97.182593] (theimc_bt_nodes) Command: {'cmd': ['/usr/bin/cmake', '--install', '/home/jeff/theimc_robot/build/theimc_bt_nodes'], 'cwd': '/home/jeff/theimc_robot/build/theimc_bt_nodes', 'env': OrderedDict([('LESSOPEN', '| /usr/bin/lesspipe %s'), ('USER', 'jeff'), ('SSH_CLIENT', '192.168.0.8 39154 22'), ('LC_TIME', 'ko_KR.UTF-8'), ('XDG_SESSION_TYPE', 'tty'), ('GIT_ASKPASS', '/home/jeff/.vscode-server/cli/servers/Stable-0958016b2af9f09bb4257e0df4a95e2f90590f9f/server/extensions/git/dist/askpass.sh'), ('SHLVL', '2'), ('LD_LIBRARY_PATH', '/home/jeff/theimc_robot/install/theimc_navigation2/lib:/home/jeff/theimc_robot/install/interfaces_pkg/lib:/home/jeff/theimc_robot/install/theimc_bt_nodes/lib:/opt/ros/humble/opt/rviz_ogre_vendor/lib:/opt/ros/humble/lib/aarch64-linux-gnu:/opt/ros/humble/lib'), ('BROWSER', '/home/jeff/.vscode-server/cli/servers/Stable-0958016b2af9f09bb4257e0df4a95e2f90590f9f/server/bin/helpers/browser.sh'), ('MOTD_SHOWN', 'pam'), ('HOME', '/home/jeff'), ('TERM_PROGRAM_VERSION', '1.120.0'), ('VSCODE_IPC_HOOK_CLI', '/run/user/1002/vscode-ipc-2cae8003-01de-433d-a510-70591381ea1a.sock'), ('ROS_PYTHON_VERSION', '3'), ('VSCODE_GIT_ASKPASS_MAIN', '/home/jeff/.vscode-server/cli/servers/Stable-0958016b2af9f09bb4257e0df4a95e2f90590f9f/server/extensions/git/dist/askpass-main.js'), ('LC_MONETARY', 'ko_KR.UTF-8'), ('VSCODE_GIT_ASKPASS_NODE', '/home/jeff/.vscode-server/cli/servers/Stable-0958016b2af9f09bb4257e0df4a95e2f90590f9f/server/node'), ('VSCODE_PYTHON_AUTOACTIVATE_GUARD', '1'), ('DBUS_SESSION_BUS_ADDRESS', 'unix:path=/run/user/1002/bus'), ('COLORTERM', 'truecolor'), ('COLCON_PREFIX_PATH', '/home/jeff/theimc_robot/install'), ('ROS_DISTRO', 'humble'), ('LOGNAME', 'jeff'), ('_', '/usr/bin/colcon'), ('ROS_VERSION', '2'), ('XDG_SESSION_CLASS', 'user'), ('TERM', 'xterm-256color'), ('XDG_SESSION_ID', '5'), ('ROS_LOCALHOST_ONLY', '0'), ('PATH', '/home/jeff/.vscode-server/data/User/globalStorage/github.copilot-chat/debugCommand:/home/jeff/.vscode-server/data/User/globalStorage/github.copilot-chat/copilotCli:/home/jeff/.vscode-server/cli/servers/Stable-0958016b2af9f09bb4257e0df4a95e2f90590f9f/server/bin/remote-cli:/opt/ros/humble/bin:/usr/local/sbin:/usr/local/bin:/usr/sbin:/usr/bin:/sbin:/bin:/usr/games:/usr/local/games:/snap/bin'), ('LC_ADDRESS', 'ko_KR.UTF-8'), ('XDG_RUNTIME_DIR', '/run/user/1002'), ('LANG', 'en_US.UTF-8'), ('LC_TELEPHONE', 'ko_KR.UTF-8'), ('LS_COLORS', 'rs=0:di=01;34:ln=01;36:mh=00:pi=40;33:so=01;35:do=01;35:bd=40;33;01:cd=40;33;01:or=40;31;01:mi=00:su=37;41:sg=30;43:ca=30;41:tw=30;42:ow=34;42:st=37;44:ex=01;32:*.tar=01;31:*.tgz=01;31:*.arc=01;31:*.arj=01;31:*.taz=01;31:*.lha=01;31:*.lz4=01;31:*.lzh=01;31:*.lzma=01;31:*.tlz=01;31:*.txz=01;31:*.tzo=01;31:*.t7z=01;31:*.zip=01;31:*.z=01;31:*.dz=01;31:*.gz=01;31:*.lrz=01;31:*.lz=01;31:*.lzo=01;31:*.xz=01;31:*.zst=01;31:*.tzst=01;31:*.bz2=01;31:*.bz=01;31:*.tbz=01;31:*.tbz2=01;31:*.tz=01;31:*.deb=01;31:*.rpm=01;31:*.jar=01;31:*.war=01;31:*.ear=01;31:*.sar=01;31:*.rar=01;31:*.alz=01;31:*.ace=01;31:*.zoo=01;31:*.cpio=01;31:*.7z=01;31:*.rz=01;31:*.cab=01;31:*.wim=01;31:*.swm=01;31:*.dwm=01;31:*.esd=01;31:*.jpg=01;35:*.jpeg=01;35:*.mjpg=01;35:*.mjpeg=01;35:*.gif=01;35:*.bmp=01;35:*.pbm=01;35:*.pgm=01;35:*.ppm=01;35:*.tga=01;35:*.xbm=01;35:*.xpm=01;35:*.tif=01;35:*.tiff=01;35:*.png=01;35:*.svg=01;35:*.svgz=01;35:*.mng=01;35:*.pcx=01;35:*.mov=01;35:*.mpg=01;35:*.mpeg=01;35:*.m2v=01;35:*.mkv=01;35:*.webm=01;35:*.webp=01;35:*.ogm=01;35:*.mp4=01;35:*.m4v=01;35:*.mp4v=01;35:*.vob=01;35:*.qt=01;35:*.nuv=01;35:*.wmv=01;35:*.asf=01;35:*.rm=01;35:*.rmvb=01;35:*.flc=01;35:*.avi=01;35:*.fli=01;35:*.flv=01;35:*.gl=01;35:*.dl=01;35:*.xcf=01;35:*.xwd=01;35:*.yuv=01;35:*.cgm=01;35:*.emf=01;35:*.ogv=01;35:*.ogx=01;35:*.aac=00;36:*.au=00;36:*.flac=00;36:*.m4a=00;36:*.mid=00;36:*.midi=00;36:*.mka=00;36:*.mp3=00;36:*.mpc=00;36:*.ogg=00;36:*.ra=00;36:*.wav=00;36:*.oga=00;36:*.opus=00;36:*.spx=00;36:*.xspf=00;36:'), ('VSCODE_GIT_IPC_HANDLE', '/run/user/1002/vscode-git-e19acbb9aa.sock'), ('TERM_PROGRAM', 'vscode'), ('ROS_DOMAIN_ID', '25'), ('AMENT_PREFIX_PATH', '/home/jeff/theimc_robot/install/theimc_teleop:/home/jeff/theimc_robot/install/theimc_bt_nodes:/home/jeff/theimc_robot/install/theimc_navigation2:/home/jeff/theimc_robot/install/theimc_description:/home/jeff/theimc_robot/install/theimc_bringup:/home/jeff/theimc_robot/install/sllidar_ros2:/home/jeff/theimc_robot/install/localizer_server:/home/jeff/theimc_robot/install/decision_making_pkg:/home/jeff/theimc_robot/install/interfaces_pkg:/home/jeff/theimc_robot/install/debug_pkg:/home/jeff/theimc_robot/install/camera_perception_pkg:/opt/ros/humble'), ('SHELL', '/bin/bash'), ('LC_NAME', 'ko_KR.UTF-8'), ('LESSCLOSE', '/usr/bin/lesspipe %s %s'), ('LC_MEASUREMENT', 'ko_KR.UTF-8'), ('LC_IDENTIFICATION', 'ko_KR.UTF-8'), ('VSCODE_GIT_ASKPASS_EXTRA_ARGS', ''), ('PWD', '/home/jeff/theimc_robot/build/theimc_bt_nodes'), ('LC_ALL', 'en_US.UTF-8'), ('SSH_CONNECTION', '192.168.0.8 39154 192.168.0.81 22'), ('XDG_DATA_DIRS', '/usr/share/gnome:/usr/local/share:/usr/share:/var/lib/snapd/desktop'), ('PYTHONPATH', '/home/jeff/theimc_robot/build/theimc_teleop:/home/jeff/theimc_robot/install/theimc_teleop/lib/python3.10/site-packages:/home/jeff/theimc_robot/build/theimc_bringup:/home/jeff/theimc_robot/install/theimc_bringup/lib/python3.10/site-packages:/home/jeff/theimc_robot/build/localizer_server:/home/jeff/theimc_robot/install/localizer_server/lib/python3.10/site-packages:/home/jeff/theimc_robot/build/decision_making_pkg:/home/jeff/theimc_robot/install/decision_making_pkg/lib/python3.10/site-packages:/home/jeff/theimc_robot/install/interfaces_pkg/local/lib/python3.10/dist-packages:/home/jeff/theimc_robot/build/debug_pkg:/home/jeff/theimc_robot/install/debug_pkg/lib/python3.10/site-packages:/home/jeff/theimc_robot/build/camera_perception_pkg:/home/jeff/theimc_robot/install/camera_perception_pkg/lib/python3.10/site-packages:/opt/ros/humble/lib/python3.10/site-packages:/opt/ros/humble/local/lib/python3.10/dist-packages'), ('LC_NUMERIC', 'ko_KR.UTF-8'), ('LC_PAPER', 'ko_KR.UTF-8'), ('COLCON', '1'), ('CMAKE_PREFIX_PATH', '/home/jeff/theimc_robot/install/theimc_navigation2:/home/jeff/theimc_robot/install/interfaces_pkg:/home/jeff/theimc_robot/install/theimc_bt_nodes:/home/jeff/theimc_robot/install/theimc_description:/home/jeff/theimc_robot/install/sllidar_ros2:/home/jeff/theimc_robot/install/theimc_teleop:/home/jeff/theimc_robot/install/theimc_bringup:/home/jeff/theimc_robot/install/localizer_server:/home/jeff/theimc_robot/install/decision_making_pkg:/home/jeff/theimc_robot/install/debug_pkg:/home/jeff/theimc_robot/install/camera_perception_pkg:/opt/ros/humble')]), 'shell': False}
[97.205079] (theimc_bt_nodes) StdoutLine: {'line': b'-- Install configuration: ""\n'}
[97.205936] (theimc_bt_nodes) StdoutLine: {'line': b'-- Execute custom install script\n'}
[97.206373] (theimc_bt_nodes) StdoutLine: {'line': b'-- Up-to-date symlink: /home/jeff/theimc_robot/install/theimc_bt_nodes/share/theimc_bt_nodes//plugins.xml\n'}
[97.207196] (theimc_bt_nodes) StdoutLine: {'line': b'-- Up-to-date symlink: /home/jeff/theimc_robot/install/theimc_bt_nodes/lib/libtheimc_bt_nodes.so\n'}
[97.207571] (theimc_bt_nodes) StdoutLine: {'line': b'-- Up-to-date symlink: /home/jeff/theimc_robot/install/theimc_bt_nodes/lib/theimc_bt_nodes/mission_bt_runner\n'}
[97.207942] (-) TimerEvent: {}
[97.208664] (theimc_bt_nodes) StdoutLine: {'line': b'-- Up-to-date symlink: /home/jeff/theimc_robot/install/theimc_bt_nodes/include/theimc_bt_nodes/drive_cmd_vel.hpp\n'}
[97.208965] (theimc_bt_nodes) StdoutLine: {'line': b'-- Up-to-date symlink: /home/jeff/theimc_robot/install/theimc_bt_nodes/include/theimc_bt_nodes/for_each_rail.hpp\n'}
[97.209208] (theimc_bt_nodes) StdoutLine: {'line': b'-- Up-to-date symlink: /home/jeff/theimc_robot/install/theimc_bt_nodes/include/theimc_bt_nodes/get_rail_pose.hpp\n'}
[97.209480] (theimc_bt_nodes) StdoutLine: {'line': b'-- Up-to-date symlink: /home/jeff/theimc_robot/install/theimc_bt_nodes/include/theimc_bt_nodes/go_to_pose.hpp\n'}
[97.209727] (theimc_bt_nodes) StdoutLine: {'line': b'-- Up-to-date symlink: /home/jeff/theimc_robot/install/theimc_bt_nodes/include/theimc_bt_nodes/is_battery_low.hpp\n'}
[97.209976] (theimc_bt_nodes) StdoutLine: {'line': b'-- Up-to-date symlink: /home/jeff/theimc_robot/install/theimc_bt_nodes/include/theimc_bt_nodes/publish_rail_command.hpp\n'}
[97.210223] (theimc_bt_nodes) StdoutLine: {'line': b'-- Up-to-date symlink: /home/jeff/theimc_robot/install/theimc_bt_nodes/include/theimc_bt_nodes/rail_approach.hpp\n'}
[97.210507] (theimc_bt_nodes) StdoutLine: {'line': b'-- Up-to-date symlink: /home/jeff/theimc_robot/install/theimc_bt_nodes/include/theimc_bt_nodes/return_home_requested.hpp\n'}
[97.210790] (theimc_bt_nodes) StdoutLine: {'line': b'-- Up-to-date symlink: /home/jeff/theimc_robot/install/theimc_bt_nodes/include/theimc_bt_nodes/save_current_pose.hpp\n'}
[97.211023] (theimc_bt_nodes) StdoutLine: {'line': b'-- Symlinking: /home/jeff/theimc_robot/install/theimc_bt_nodes/include/theimc_bt_nodes/toggle_docking.hpp\n'}
[97.230821] (theimc_bt_nodes) StdoutLine: {'line': b'-- Up-to-date symlink: /home/jeff/theimc_robot/install/theimc_bt_nodes/include/theimc_bt_nodes/wait_for_charge.hpp\n'}
[97.231294] (theimc_bt_nodes) StdoutLine: {'line': b'-- Up-to-date symlink: /home/jeff/theimc_robot/install/theimc_bt_nodes/include/theimc_bt_nodes/wait_for_mission_trigger.hpp\n'}
[97.231549] (theimc_bt_nodes) StdoutLine: {'line': b'-- Up-to-date symlink: /home/jeff/theimc_robot/install/theimc_bt_nodes/include/theimc_bt_nodes/wait_for_rail_state.hpp\n'}
[97.231743] (theimc_bt_nodes) StdoutLine: {'line': b'-- Up-to-date symlink: /home/jeff/theimc_robot/install/theimc_bt_nodes/include/theimc_bt_nodes/wait_seconds.hpp\n'}
[97.232352] (theimc_bt_nodes) StdoutLine: {'line': b'-- Up-to-date symlink: /home/jeff/theimc_robot/install/theimc_bt_nodes/share/theimc_bt_nodes/launch/__pycache__/mission_bt_with_nav2.launch.cpython-310.pyc\n'}
[97.232609] (theimc_bt_nodes) StdoutLine: {'line': b'-- Up-to-date symlink: /home/jeff/theimc_robot/install/theimc_bt_nodes/share/theimc_bt_nodes/launch/mission_bt_runner.launch.py\n'}
[97.233176] (theimc_bt_nodes) StdoutLine: {'line': b'-- Up-to-date symlink: /home/jeff/theimc_robot/install/theimc_bt_nodes/share/theimc_bt_nodes/bt_xml/one_rail.xml\n'}
[97.233431] (theimc_bt_nodes) StdoutLine: {'line': b'-- Up-to-date symlink: /home/jeff/theimc_robot/install/theimc_bt_nodes/share/theimc_bt_nodes/bt_xml/one_routine.xml\n'}
[97.233683] (theimc_bt_nodes) StdoutLine: {'line': b'-- Up-to-date symlink: /home/jeff/theimc_robot/install/theimc_bt_nodes/share/theimc_bt_nodes/bt_xml/simple_home_rail_3times_bt.xml\n'}
[97.233933] (theimc_bt_nodes) StdoutLine: {'line': b'-- Up-to-date symlink: /home/jeff/theimc_robot/install/theimc_bt_nodes/share/theimc_bt_nodes/bt_xml/theimc_bt.xml\n'}
[97.234483] (theimc_bt_nodes) StdoutLine: {'line': b'-- Up-to-date symlink: /home/jeff/theimc_robot/install/theimc_bt_nodes/share/theimc_bt_nodes/config/rails.yaml\n'}
[97.234927] (theimc_bt_nodes) StdoutLine: {'line': b'-- Up-to-date symlink: /home/jeff/theimc_robot/install/theimc_bt_nodes/share/theimc_bt_nodes/environment/library_path.sh\n'}
[97.235295] (theimc_bt_nodes) StdoutLine: {'line': b'-- Up-to-date symlink: /home/jeff/theimc_robot/install/theimc_bt_nodes/share/theimc_bt_nodes/environment/library_path.dsv\n'}
[97.235726] (theimc_bt_nodes) StdoutLine: {'line': b'-- Up-to-date symlink: /home/jeff/theimc_robot/install/theimc_bt_nodes/share/ament_index/resource_index/package_run_dependencies/theimc_bt_nodes\n'}
[97.236100] (theimc_bt_nodes) StdoutLine: {'line': b'-- Up-to-date symlink: /home/jeff/theimc_robot/install/theimc_bt_nodes/share/ament_index/resource_index/parent_prefix_path/theimc_bt_nodes\n'}
[97.236482] (theimc_bt_nodes) StdoutLine: {'line': b'-- Up-to-date symlink: /home/jeff/theimc_robot/install/theimc_bt_nodes/share/theimc_bt_nodes/environment/ament_prefix_path.sh\n'}
[97.236831] (theimc_bt_nodes) StdoutLine: {'line': b'-- Up-to-date symlink: /home/jeff/theimc_robot/install/theimc_bt_nodes/share/theimc_bt_nodes/environment/ament_prefix_path.dsv\n'}
[97.237196] (theimc_bt_nodes) StdoutLine: {'line': b'-- Up-to-date symlink: /home/jeff/theimc_robot/install/theimc_bt_nodes/share/theimc_bt_nodes/environment/path.sh\n'}
[97.237551] (theimc_bt_nodes) StdoutLine: {'line': b'-- Up-to-date symlink: /home/jeff/theimc_robot/install/theimc_bt_nodes/share/theimc_bt_nodes/environment/path.dsv\n'}
[97.237887] (theimc_bt_nodes) StdoutLine: {'line': b'-- Up-to-date symlink: /home/jeff/theimc_robot/install/theimc_bt_nodes/share/theimc_bt_nodes/local_setup.bash\n'}
[97.238222] (theimc_bt_nodes) StdoutLine: {'line': b'-- Up-to-date symlink: /home/jeff/theimc_robot/install/theimc_bt_nodes/share/theimc_bt_nodes/local_setup.sh\n'}
[97.238718] (theimc_bt_nodes) StdoutLine: {'line': b'-- Up-to-date symlink: /home/jeff/theimc_robot/install/theimc_bt_nodes/share/theimc_bt_nodes/local_setup.zsh\n'}
[97.238974] (theimc_bt_nodes) StdoutLine: {'line': b'-- Up-to-date symlink: /home/jeff/theimc_robot/install/theimc_bt_nodes/share/theimc_bt_nodes/local_setup.dsv\n'}
[97.239220] (theimc_bt_nodes) StdoutLine: {'line': b'-- Symlinking: /home/jeff/theimc_robot/install/theimc_bt_nodes/share/theimc_bt_nodes/package.dsv\n'}
[97.259092] (theimc_bt_nodes) StdoutLine: {'line': b'-- Up-to-date symlink: /home/jeff/theimc_robot/install/theimc_bt_nodes/share/ament_index/resource_index/packages/theimc_bt_nodes\n'}
[97.259665] (theimc_bt_nodes) StdoutLine: {'line': b'-- Up-to-date symlink: /home/jeff/theimc_robot/install/theimc_bt_nodes/share/ament_index/resource_index/nav2_behavior_tree__pluginlib__plugin/theimc_bt_nodes\n'}
[97.260020] (theimc_bt_nodes) StdoutLine: {'line': b'-- Up-to-date symlink: /home/jeff/theimc_robot/install/theimc_bt_nodes/share/theimc_bt_nodes/cmake/ament_cmake_export_include_directories-extras.cmake\n'}
[97.260457] (theimc_bt_nodes) StdoutLine: {'line': b'-- Up-to-date symlink: /home/jeff/theimc_robot/install/theimc_bt_nodes/share/theimc_bt_nodes/cmake/ament_cmake_export_libraries-extras.cmake\n'}
[97.261000] (theimc_bt_nodes) StdoutLine: {'line': b'-- Up-to-date symlink: /home/jeff/theimc_robot/install/theimc_bt_nodes/share/theimc_bt_nodes/cmake/ament_cmake_export_dependencies-extras.cmake\n'}
[97.261432] (theimc_bt_nodes) StdoutLine: {'line': b'-- Up-to-date symlink: /home/jeff/theimc_robot/install/theimc_bt_nodes/share/theimc_bt_nodes/cmake/theimc_bt_nodesConfig.cmake\n'}
[97.261750] (theimc_bt_nodes) StdoutLine: {'line': b'-- Up-to-date symlink: /home/jeff/theimc_robot/install/theimc_bt_nodes/share/theimc_bt_nodes/cmake/theimc_bt_nodesConfig-version.cmake\n'}
[97.262175] (theimc_bt_nodes) StdoutLine: {'line': b'-- Up-to-date symlink: /home/jeff/theimc_robot/install/theimc_bt_nodes/share/theimc_bt_nodes/package.xml\n'}
[97.267050] (theimc_bt_nodes) CommandEnded: {'returncode': 0}
[97.308069] (-) TimerEvent: {}
[97.313566] (theimc_bt_nodes) JobEnded: {'identifier': 'theimc_bt_nodes', 'rc': 0}
[97.316197] (-) EventReactorShutdown: {}
