[0.228s] DEBUG:colcon:Command line arguments: ['/usr/bin/colcon', 'build', '--symlink-install']
[0.229s] DEBUG:colcon:Parsed command line arguments: Namespace(log_base=None, log_level=None, verb_name='build', build_base='build', install_base='install', merge_install=False, symlink_install=True, test_result_base=None, continue_on_error=False, executor='parallel', parallel_workers=6, event_handlers=None, ignore_user_meta=False, metas=['./colcon.meta'], base_paths=['.'], packages_ignore=None, packages_ignore_regex=None, paths=None, packages_up_to=None, packages_up_to_regex=None, packages_above=None, packages_above_and_dependencies=None, packages_above_depth=None, packages_select_by_dep=None, packages_skip_by_dep=None, packages_skip_up_to=None, packages_select_build_failed=False, packages_skip_build_finished=False, packages_select_test_failures=False, packages_skip_test_passed=False, packages_select=None, packages_skip=None, packages_select_regex=None, packages_skip_regex=None, packages_start=None, packages_end=None, allow_overriding=[], cmake_args=None, cmake_target=None, cmake_target_skip_unavailable=False, cmake_clean_cache=False, cmake_clean_first=False, cmake_force_configure=False, ament_cmake_args=None, catkin_cmake_args=None, catkin_skip_building_tests=False, verb_parser=<colcon_defaults.argument_parser.defaults.DefaultArgumentsDecorator object at 0xffff92e5df90>, verb_extension=<colcon_core.verb.build.BuildVerb object at 0xffff92e5da50>, main=<bound method BuildVerb.main of <colcon_core.verb.build.BuildVerb object at 0xffff92e5da50>>)
[0.582s] Level 1:colcon.colcon_core.package_discovery:discover_packages(colcon_meta) check parameters
[0.582s] Level 1:colcon.colcon_core.package_discovery:discover_packages(recursive) check parameters
[0.582s] Level 1:colcon.colcon_core.package_discovery:discover_packages(ignore) check parameters
[0.583s] Level 1:colcon.colcon_core.package_discovery:discover_packages(path) check parameters
[0.583s] Level 1:colcon.colcon_core.package_discovery:discover_packages(colcon_meta) discover
[0.583s] Level 1:colcon.colcon_core.package_discovery:discover_packages(recursive) discover
[0.583s] INFO:colcon.colcon_core.package_discovery:Crawling recursively for packages in '/home/jeff/theimc_robot'
[0.583s] Level 1:colcon.colcon_core.package_identification:_identify(.) by extensions ['ignore', 'ignore_ament_install']
[0.583s] Level 1:colcon.colcon_core.package_identification:_identify(.) by extension 'ignore'
[0.584s] Level 1:colcon.colcon_core.package_identification:_identify(.) by extension 'ignore_ament_install'
[0.584s] Level 1:colcon.colcon_core.package_identification:_identify(.) by extensions ['colcon_pkg']
[0.584s] Level 1:colcon.colcon_core.package_identification:_identify(.) by extension 'colcon_pkg'
[0.584s] Level 1:colcon.colcon_core.package_identification:_identify(.) by extensions ['colcon_meta']
[0.584s] Level 1:colcon.colcon_core.package_identification:_identify(.) by extension 'colcon_meta'
[0.584s] Level 1:colcon.colcon_core.package_identification:_identify(.) by extensions ['ros']
[0.584s] Level 1:colcon.colcon_core.package_identification:_identify(.) by extension 'ros'
[0.607s] Level 1:colcon.colcon_core.package_identification:_identify(.) by extensions ['cmake', 'python']
[0.608s] Level 1:colcon.colcon_core.package_identification:_identify(.) by extension 'cmake'
[0.608s] Level 1:colcon.colcon_core.package_identification:_identify(.) by extension 'python'
[0.608s] Level 1:colcon.colcon_core.package_identification:_identify(.) by extensions ['python_setup_py']
[0.608s] Level 1:colcon.colcon_core.package_identification:_identify(.) by extension 'python_setup_py'
[0.608s] Level 1:colcon.colcon_core.package_identification:_identify(bags) by extensions ['ignore', 'ignore_ament_install']
[0.609s] Level 1:colcon.colcon_core.package_identification:_identify(bags) by extension 'ignore'
[0.609s] Level 1:colcon.colcon_core.package_identification:_identify(bags) by extension 'ignore_ament_install'
[0.609s] Level 1:colcon.colcon_core.package_identification:_identify(bags) by extensions ['colcon_pkg']
[0.609s] Level 1:colcon.colcon_core.package_identification:_identify(bags) by extension 'colcon_pkg'
[0.609s] Level 1:colcon.colcon_core.package_identification:_identify(bags) by extensions ['colcon_meta']
[0.609s] Level 1:colcon.colcon_core.package_identification:_identify(bags) by extension 'colcon_meta'
[0.609s] Level 1:colcon.colcon_core.package_identification:_identify(bags) by extensions ['ros']
[0.609s] Level 1:colcon.colcon_core.package_identification:_identify(bags) by extension 'ros'
[0.610s] Level 1:colcon.colcon_core.package_identification:_identify(bags) by extensions ['cmake', 'python']
[0.610s] Level 1:colcon.colcon_core.package_identification:_identify(bags) by extension 'cmake'
[0.610s] Level 1:colcon.colcon_core.package_identification:_identify(bags) by extension 'python'
[0.610s] Level 1:colcon.colcon_core.package_identification:_identify(bags) by extensions ['python_setup_py']
[0.610s] Level 1:colcon.colcon_core.package_identification:_identify(bags) by extension 'python_setup_py'
[0.610s] Level 1:colcon.colcon_core.package_identification:_identify(bags/camera_odom) by extensions ['ignore', 'ignore_ament_install']
[0.610s] Level 1:colcon.colcon_core.package_identification:_identify(bags/camera_odom) by extension 'ignore'
[0.610s] Level 1:colcon.colcon_core.package_identification:_identify(bags/camera_odom) by extension 'ignore_ament_install'
[0.610s] Level 1:colcon.colcon_core.package_identification:_identify(bags/camera_odom) by extensions ['colcon_pkg']
[0.611s] Level 1:colcon.colcon_core.package_identification:_identify(bags/camera_odom) by extension 'colcon_pkg'
[0.611s] Level 1:colcon.colcon_core.package_identification:_identify(bags/camera_odom) by extensions ['colcon_meta']
[0.611s] Level 1:colcon.colcon_core.package_identification:_identify(bags/camera_odom) by extension 'colcon_meta'
[0.611s] Level 1:colcon.colcon_core.package_identification:_identify(bags/camera_odom) by extensions ['ros']
[0.611s] Level 1:colcon.colcon_core.package_identification:_identify(bags/camera_odom) by extension 'ros'
[0.611s] Level 1:colcon.colcon_core.package_identification:_identify(bags/camera_odom) by extensions ['cmake', 'python']
[0.611s] Level 1:colcon.colcon_core.package_identification:_identify(bags/camera_odom) by extension 'cmake'
[0.611s] Level 1:colcon.colcon_core.package_identification:_identify(bags/camera_odom) by extension 'python'
[0.611s] Level 1:colcon.colcon_core.package_identification:_identify(bags/camera_odom) by extensions ['python_setup_py']
[0.611s] Level 1:colcon.colcon_core.package_identification:_identify(bags/camera_odom) by extension 'python_setup_py'
[0.612s] Level 1:colcon.colcon_core.package_identification:_identify(bags/ekf_raw_teleop_01) by extensions ['ignore', 'ignore_ament_install']
[0.612s] Level 1:colcon.colcon_core.package_identification:_identify(bags/ekf_raw_teleop_01) by extension 'ignore'
[0.612s] Level 1:colcon.colcon_core.package_identification:_identify(bags/ekf_raw_teleop_01) by extension 'ignore_ament_install'
[0.612s] Level 1:colcon.colcon_core.package_identification:_identify(bags/ekf_raw_teleop_01) by extensions ['colcon_pkg']
[0.612s] Level 1:colcon.colcon_core.package_identification:_identify(bags/ekf_raw_teleop_01) by extension 'colcon_pkg'
[0.612s] Level 1:colcon.colcon_core.package_identification:_identify(bags/ekf_raw_teleop_01) by extensions ['colcon_meta']
[0.612s] Level 1:colcon.colcon_core.package_identification:_identify(bags/ekf_raw_teleop_01) by extension 'colcon_meta'
[0.612s] Level 1:colcon.colcon_core.package_identification:_identify(bags/ekf_raw_teleop_01) by extensions ['ros']
[0.612s] Level 1:colcon.colcon_core.package_identification:_identify(bags/ekf_raw_teleop_01) by extension 'ros'
[0.613s] Level 1:colcon.colcon_core.package_identification:_identify(bags/ekf_raw_teleop_01) by extensions ['cmake', 'python']
[0.613s] Level 1:colcon.colcon_core.package_identification:_identify(bags/ekf_raw_teleop_01) by extension 'cmake'
[0.613s] Level 1:colcon.colcon_core.package_identification:_identify(bags/ekf_raw_teleop_01) by extension 'python'
[0.613s] Level 1:colcon.colcon_core.package_identification:_identify(bags/ekf_raw_teleop_01) by extensions ['python_setup_py']
[0.613s] Level 1:colcon.colcon_core.package_identification:_identify(bags/ekf_raw_teleop_01) by extension 'python_setup_py'
[0.613s] Level 1:colcon.colcon_core.package_identification:_identify(bags/result_wheel_ekf) by extensions ['ignore', 'ignore_ament_install']
[0.613s] Level 1:colcon.colcon_core.package_identification:_identify(bags/result_wheel_ekf) by extension 'ignore'
[0.613s] Level 1:colcon.colcon_core.package_identification:_identify(bags/result_wheel_ekf) by extension 'ignore_ament_install'
[0.614s] Level 1:colcon.colcon_core.package_identification:_identify(bags/result_wheel_ekf) by extensions ['colcon_pkg']
[0.614s] Level 1:colcon.colcon_core.package_identification:_identify(bags/result_wheel_ekf) by extension 'colcon_pkg'
[0.614s] Level 1:colcon.colcon_core.package_identification:_identify(bags/result_wheel_ekf) by extensions ['colcon_meta']
[0.614s] Level 1:colcon.colcon_core.package_identification:_identify(bags/result_wheel_ekf) by extension 'colcon_meta'
[0.614s] Level 1:colcon.colcon_core.package_identification:_identify(bags/result_wheel_ekf) by extensions ['ros']
[0.614s] Level 1:colcon.colcon_core.package_identification:_identify(bags/result_wheel_ekf) by extension 'ros'
[0.614s] Level 1:colcon.colcon_core.package_identification:_identify(bags/result_wheel_ekf) by extensions ['cmake', 'python']
[0.614s] Level 1:colcon.colcon_core.package_identification:_identify(bags/result_wheel_ekf) by extension 'cmake'
[0.614s] Level 1:colcon.colcon_core.package_identification:_identify(bags/result_wheel_ekf) by extension 'python'
[0.614s] Level 1:colcon.colcon_core.package_identification:_identify(bags/result_wheel_ekf) by extensions ['python_setup_py']
[0.614s] Level 1:colcon.colcon_core.package_identification:_identify(bags/result_wheel_ekf) by extension 'python_setup_py'
[0.615s] Level 1:colcon.colcon_core.package_identification:_identify(bags/rotation_with_camera) by extensions ['ignore', 'ignore_ament_install']
[0.615s] Level 1:colcon.colcon_core.package_identification:_identify(bags/rotation_with_camera) by extension 'ignore'
[0.615s] Level 1:colcon.colcon_core.package_identification:_identify(bags/rotation_with_camera) by extension 'ignore_ament_install'
[0.615s] Level 1:colcon.colcon_core.package_identification:_identify(bags/rotation_with_camera) by extensions ['colcon_pkg']
[0.615s] Level 1:colcon.colcon_core.package_identification:_identify(bags/rotation_with_camera) by extension 'colcon_pkg'
[0.615s] Level 1:colcon.colcon_core.package_identification:_identify(bags/rotation_with_camera) by extensions ['colcon_meta']
[0.615s] Level 1:colcon.colcon_core.package_identification:_identify(bags/rotation_with_camera) by extension 'colcon_meta'
[0.615s] Level 1:colcon.colcon_core.package_identification:_identify(bags/rotation_with_camera) by extensions ['ros']
[0.615s] Level 1:colcon.colcon_core.package_identification:_identify(bags/rotation_with_camera) by extension 'ros'
[0.616s] Level 1:colcon.colcon_core.package_identification:_identify(bags/rotation_with_camera) by extensions ['cmake', 'python']
[0.616s] Level 1:colcon.colcon_core.package_identification:_identify(bags/rotation_with_camera) by extension 'cmake'
[0.616s] Level 1:colcon.colcon_core.package_identification:_identify(bags/rotation_with_camera) by extension 'python'
[0.616s] Level 1:colcon.colcon_core.package_identification:_identify(bags/rotation_with_camera) by extensions ['python_setup_py']
[0.616s] Level 1:colcon.colcon_core.package_identification:_identify(bags/rotation_with_camera) by extension 'python_setup_py'
[0.616s] Level 1:colcon.colcon_core.package_identification:_identify(bags/rotation_with_camera_retry) by extensions ['ignore', 'ignore_ament_install']
[0.616s] Level 1:colcon.colcon_core.package_identification:_identify(bags/rotation_with_camera_retry) by extension 'ignore'
[0.616s] Level 1:colcon.colcon_core.package_identification:_identify(bags/rotation_with_camera_retry) by extension 'ignore_ament_install'
[0.617s] Level 1:colcon.colcon_core.package_identification:_identify(bags/rotation_with_camera_retry) by extensions ['colcon_pkg']
[0.617s] Level 1:colcon.colcon_core.package_identification:_identify(bags/rotation_with_camera_retry) by extension 'colcon_pkg'
[0.617s] Level 1:colcon.colcon_core.package_identification:_identify(bags/rotation_with_camera_retry) by extensions ['colcon_meta']
[0.617s] Level 1:colcon.colcon_core.package_identification:_identify(bags/rotation_with_camera_retry) by extension 'colcon_meta'
[0.617s] Level 1:colcon.colcon_core.package_identification:_identify(bags/rotation_with_camera_retry) by extensions ['ros']
[0.617s] Level 1:colcon.colcon_core.package_identification:_identify(bags/rotation_with_camera_retry) by extension 'ros'
[0.617s] Level 1:colcon.colcon_core.package_identification:_identify(bags/rotation_with_camera_retry) by extensions ['cmake', 'python']
[0.617s] Level 1:colcon.colcon_core.package_identification:_identify(bags/rotation_with_camera_retry) by extension 'cmake'
[0.617s] Level 1:colcon.colcon_core.package_identification:_identify(bags/rotation_with_camera_retry) by extension 'python'
[0.617s] Level 1:colcon.colcon_core.package_identification:_identify(bags/rotation_with_camera_retry) by extensions ['python_setup_py']
[0.617s] Level 1:colcon.colcon_core.package_identification:_identify(bags/rotation_with_camera_retry) by extension 'python_setup_py'
[0.618s] Level 1:colcon.colcon_core.package_identification:_identify(bags/rotation_with_camera_retry2) by extensions ['ignore', 'ignore_ament_install']
[0.618s] Level 1:colcon.colcon_core.package_identification:_identify(bags/rotation_with_camera_retry2) by extension 'ignore'
[0.618s] Level 1:colcon.colcon_core.package_identification:_identify(bags/rotation_with_camera_retry2) by extension 'ignore_ament_install'
[0.618s] Level 1:colcon.colcon_core.package_identification:_identify(bags/rotation_with_camera_retry2) by extensions ['colcon_pkg']
[0.618s] Level 1:colcon.colcon_core.package_identification:_identify(bags/rotation_with_camera_retry2) by extension 'colcon_pkg'
[0.618s] Level 1:colcon.colcon_core.package_identification:_identify(bags/rotation_with_camera_retry2) by extensions ['colcon_meta']
[0.618s] Level 1:colcon.colcon_core.package_identification:_identify(bags/rotation_with_camera_retry2) by extension 'colcon_meta'
[0.618s] Level 1:colcon.colcon_core.package_identification:_identify(bags/rotation_with_camera_retry2) by extensions ['ros']
[0.618s] Level 1:colcon.colcon_core.package_identification:_identify(bags/rotation_with_camera_retry2) by extension 'ros'
[0.619s] Level 1:colcon.colcon_core.package_identification:_identify(bags/rotation_with_camera_retry2) by extensions ['cmake', 'python']
[0.619s] Level 1:colcon.colcon_core.package_identification:_identify(bags/rotation_with_camera_retry2) by extension 'cmake'
[0.619s] Level 1:colcon.colcon_core.package_identification:_identify(bags/rotation_with_camera_retry2) by extension 'python'
[0.619s] Level 1:colcon.colcon_core.package_identification:_identify(bags/rotation_with_camera_retry2) by extensions ['python_setup_py']
[0.619s] Level 1:colcon.colcon_core.package_identification:_identify(bags/rotation_with_camera_retry2) by extension 'python_setup_py'
[0.619s] Level 1:colcon.colcon_core.package_identification:_identify(bags/rotation_without_camera) by extensions ['ignore', 'ignore_ament_install']
[0.619s] Level 1:colcon.colcon_core.package_identification:_identify(bags/rotation_without_camera) by extension 'ignore'
[0.619s] Level 1:colcon.colcon_core.package_identification:_identify(bags/rotation_without_camera) by extension 'ignore_ament_install'
[0.620s] Level 1:colcon.colcon_core.package_identification:_identify(bags/rotation_without_camera) by extensions ['colcon_pkg']
[0.620s] Level 1:colcon.colcon_core.package_identification:_identify(bags/rotation_without_camera) by extension 'colcon_pkg'
[0.620s] Level 1:colcon.colcon_core.package_identification:_identify(bags/rotation_without_camera) by extensions ['colcon_meta']
[0.620s] Level 1:colcon.colcon_core.package_identification:_identify(bags/rotation_without_camera) by extension 'colcon_meta'
[0.620s] Level 1:colcon.colcon_core.package_identification:_identify(bags/rotation_without_camera) by extensions ['ros']
[0.620s] Level 1:colcon.colcon_core.package_identification:_identify(bags/rotation_without_camera) by extension 'ros'
[0.620s] Level 1:colcon.colcon_core.package_identification:_identify(bags/rotation_without_camera) by extensions ['cmake', 'python']
[0.620s] Level 1:colcon.colcon_core.package_identification:_identify(bags/rotation_without_camera) by extension 'cmake'
[0.620s] Level 1:colcon.colcon_core.package_identification:_identify(bags/rotation_without_camera) by extension 'python'
[0.620s] Level 1:colcon.colcon_core.package_identification:_identify(bags/rotation_without_camera) by extensions ['python_setup_py']
[0.620s] Level 1:colcon.colcon_core.package_identification:_identify(bags/rotation_without_camera) by extension 'python_setup_py'
[0.621s] Level 1:colcon.colcon_core.package_identification:_identify(bags/rotation_without_camera_retry) by extensions ['ignore', 'ignore_ament_install']
[0.621s] Level 1:colcon.colcon_core.package_identification:_identify(bags/rotation_without_camera_retry) by extension 'ignore'
[0.621s] Level 1:colcon.colcon_core.package_identification:_identify(bags/rotation_without_camera_retry) by extension 'ignore_ament_install'
[0.621s] Level 1:colcon.colcon_core.package_identification:_identify(bags/rotation_without_camera_retry) by extensions ['colcon_pkg']
[0.621s] Level 1:colcon.colcon_core.package_identification:_identify(bags/rotation_without_camera_retry) by extension 'colcon_pkg'
[0.621s] Level 1:colcon.colcon_core.package_identification:_identify(bags/rotation_without_camera_retry) by extensions ['colcon_meta']
[0.621s] Level 1:colcon.colcon_core.package_identification:_identify(bags/rotation_without_camera_retry) by extension 'colcon_meta'
[0.621s] Level 1:colcon.colcon_core.package_identification:_identify(bags/rotation_without_camera_retry) by extensions ['ros']
[0.621s] Level 1:colcon.colcon_core.package_identification:_identify(bags/rotation_without_camera_retry) by extension 'ros'
[0.622s] Level 1:colcon.colcon_core.package_identification:_identify(bags/rotation_without_camera_retry) by extensions ['cmake', 'python']
[0.622s] Level 1:colcon.colcon_core.package_identification:_identify(bags/rotation_without_camera_retry) by extension 'cmake'
[0.622s] Level 1:colcon.colcon_core.package_identification:_identify(bags/rotation_without_camera_retry) by extension 'python'
[0.622s] Level 1:colcon.colcon_core.package_identification:_identify(bags/rotation_without_camera_retry) by extensions ['python_setup_py']
[0.622s] Level 1:colcon.colcon_core.package_identification:_identify(bags/rotation_without_camera_retry) by extension 'python_setup_py'
[0.622s] Level 1:colcon.colcon_core.package_identification:_identify(bags/wheel_odom) by extensions ['ignore', 'ignore_ament_install']
[0.623s] Level 1:colcon.colcon_core.package_identification:_identify(bags/wheel_odom) by extension 'ignore'
[0.623s] Level 1:colcon.colcon_core.package_identification:_identify(bags/wheel_odom) by extension 'ignore_ament_install'
[0.623s] Level 1:colcon.colcon_core.package_identification:_identify(bags/wheel_odom) by extensions ['colcon_pkg']
[0.623s] Level 1:colcon.colcon_core.package_identification:_identify(bags/wheel_odom) by extension 'colcon_pkg'
[0.623s] Level 1:colcon.colcon_core.package_identification:_identify(bags/wheel_odom) by extensions ['colcon_meta']
[0.623s] Level 1:colcon.colcon_core.package_identification:_identify(bags/wheel_odom) by extension 'colcon_meta'
[0.623s] Level 1:colcon.colcon_core.package_identification:_identify(bags/wheel_odom) by extensions ['ros']
[0.623s] Level 1:colcon.colcon_core.package_identification:_identify(bags/wheel_odom) by extension 'ros'
[0.623s] Level 1:colcon.colcon_core.package_identification:_identify(bags/wheel_odom) by extensions ['cmake', 'python']
[0.623s] Level 1:colcon.colcon_core.package_identification:_identify(bags/wheel_odom) by extension 'cmake'
[0.624s] Level 1:colcon.colcon_core.package_identification:_identify(bags/wheel_odom) by extension 'python'
[0.624s] Level 1:colcon.colcon_core.package_identification:_identify(bags/wheel_odom) by extensions ['python_setup_py']
[0.624s] Level 1:colcon.colcon_core.package_identification:_identify(bags/wheel_odom) by extension 'python_setup_py'
[0.624s] Level 1:colcon.colcon_core.package_identification:_identify(build) by extensions ['ignore', 'ignore_ament_install']
[0.624s] Level 1:colcon.colcon_core.package_identification:_identify(build) by extension 'ignore'
[0.624s] Level 1:colcon.colcon_core.package_identification:_identify(build) ignored
[0.624s] Level 1:colcon.colcon_core.package_identification:_identify(config) by extensions ['ignore', 'ignore_ament_install']
[0.625s] Level 1:colcon.colcon_core.package_identification:_identify(config) by extension 'ignore'
[0.625s] Level 1:colcon.colcon_core.package_identification:_identify(config) by extension 'ignore_ament_install'
[0.625s] Level 1:colcon.colcon_core.package_identification:_identify(config) by extensions ['colcon_pkg']
[0.625s] Level 1:colcon.colcon_core.package_identification:_identify(config) by extension 'colcon_pkg'
[0.625s] Level 1:colcon.colcon_core.package_identification:_identify(config) by extensions ['colcon_meta']
[0.625s] Level 1:colcon.colcon_core.package_identification:_identify(config) by extension 'colcon_meta'
[0.625s] Level 1:colcon.colcon_core.package_identification:_identify(config) by extensions ['ros']
[0.625s] Level 1:colcon.colcon_core.package_identification:_identify(config) by extension 'ros'
[0.625s] Level 1:colcon.colcon_core.package_identification:_identify(config) by extensions ['cmake', 'python']
[0.625s] Level 1:colcon.colcon_core.package_identification:_identify(config) by extension 'cmake'
[0.626s] Level 1:colcon.colcon_core.package_identification:_identify(config) by extension 'python'
[0.626s] Level 1:colcon.colcon_core.package_identification:_identify(config) by extensions ['python_setup_py']
[0.626s] Level 1:colcon.colcon_core.package_identification:_identify(config) by extension 'python_setup_py'
[0.626s] Level 1:colcon.colcon_core.package_identification:_identify(debug) by extensions ['ignore', 'ignore_ament_install']
[0.626s] Level 1:colcon.colcon_core.package_identification:_identify(debug) by extension 'ignore'
[0.626s] Level 1:colcon.colcon_core.package_identification:_identify(debug) by extension 'ignore_ament_install'
[0.626s] Level 1:colcon.colcon_core.package_identification:_identify(debug) by extensions ['colcon_pkg']
[0.626s] Level 1:colcon.colcon_core.package_identification:_identify(debug) by extension 'colcon_pkg'
[0.626s] Level 1:colcon.colcon_core.package_identification:_identify(debug) by extensions ['colcon_meta']
[0.627s] Level 1:colcon.colcon_core.package_identification:_identify(debug) by extension 'colcon_meta'
[0.627s] Level 1:colcon.colcon_core.package_identification:_identify(debug) by extensions ['ros']
[0.627s] Level 1:colcon.colcon_core.package_identification:_identify(debug) by extension 'ros'
[0.627s] Level 1:colcon.colcon_core.package_identification:_identify(debug) by extensions ['cmake', 'python']
[0.627s] Level 1:colcon.colcon_core.package_identification:_identify(debug) by extension 'cmake'
[0.627s] Level 1:colcon.colcon_core.package_identification:_identify(debug) by extension 'python'
[0.627s] Level 1:colcon.colcon_core.package_identification:_identify(debug) by extensions ['python_setup_py']
[0.627s] Level 1:colcon.colcon_core.package_identification:_identify(debug) by extension 'python_setup_py'
[0.627s] Level 1:colcon.colcon_core.package_identification:_identify(install) by extensions ['ignore', 'ignore_ament_install']
[0.628s] Level 1:colcon.colcon_core.package_identification:_identify(install) by extension 'ignore'
[0.628s] Level 1:colcon.colcon_core.package_identification:_identify(install) ignored
[0.628s] Level 1:colcon.colcon_core.package_identification:_identify(log) by extensions ['ignore', 'ignore_ament_install']
[0.628s] Level 1:colcon.colcon_core.package_identification:_identify(log) by extension 'ignore'
[0.628s] Level 1:colcon.colcon_core.package_identification:_identify(log) ignored
[0.628s] Level 1:colcon.colcon_core.package_identification:_identify(ros_logs) by extensions ['ignore', 'ignore_ament_install']
[0.629s] Level 1:colcon.colcon_core.package_identification:_identify(ros_logs) by extension 'ignore'
[0.629s] Level 1:colcon.colcon_core.package_identification:_identify(ros_logs) by extension 'ignore_ament_install'
[0.629s] Level 1:colcon.colcon_core.package_identification:_identify(ros_logs) by extensions ['colcon_pkg']
[0.629s] Level 1:colcon.colcon_core.package_identification:_identify(ros_logs) by extension 'colcon_pkg'
[0.629s] Level 1:colcon.colcon_core.package_identification:_identify(ros_logs) by extensions ['colcon_meta']
[0.629s] Level 1:colcon.colcon_core.package_identification:_identify(ros_logs) by extension 'colcon_meta'
[0.629s] Level 1:colcon.colcon_core.package_identification:_identify(ros_logs) by extensions ['ros']
[0.629s] Level 1:colcon.colcon_core.package_identification:_identify(ros_logs) by extension 'ros'
[0.629s] Level 1:colcon.colcon_core.package_identification:_identify(ros_logs) by extensions ['cmake', 'python']
[0.629s] Level 1:colcon.colcon_core.package_identification:_identify(ros_logs) by extension 'cmake'
[0.630s] Level 1:colcon.colcon_core.package_identification:_identify(ros_logs) by extension 'python'
[0.630s] Level 1:colcon.colcon_core.package_identification:_identify(ros_logs) by extensions ['python_setup_py']
[0.630s] Level 1:colcon.colcon_core.package_identification:_identify(ros_logs) by extension 'python_setup_py'
[0.630s] Level 1:colcon.colcon_core.package_identification:_identify(src) by extensions ['ignore', 'ignore_ament_install']
[0.630s] Level 1:colcon.colcon_core.package_identification:_identify(src) by extension 'ignore'
[0.630s] Level 1:colcon.colcon_core.package_identification:_identify(src) by extension 'ignore_ament_install'
[0.630s] Level 1:colcon.colcon_core.package_identification:_identify(src) by extensions ['colcon_pkg']
[0.630s] Level 1:colcon.colcon_core.package_identification:_identify(src) by extension 'colcon_pkg'
[0.630s] Level 1:colcon.colcon_core.package_identification:_identify(src) by extensions ['colcon_meta']
[0.631s] Level 1:colcon.colcon_core.package_identification:_identify(src) by extension 'colcon_meta'
[0.631s] Level 1:colcon.colcon_core.package_identification:_identify(src) by extensions ['ros']
[0.631s] Level 1:colcon.colcon_core.package_identification:_identify(src) by extension 'ros'
[0.631s] Level 1:colcon.colcon_core.package_identification:_identify(src) by extensions ['cmake', 'python']
[0.631s] Level 1:colcon.colcon_core.package_identification:_identify(src) by extension 'cmake'
[0.631s] Level 1:colcon.colcon_core.package_identification:_identify(src) by extension 'python'
[0.631s] Level 1:colcon.colcon_core.package_identification:_identify(src) by extensions ['python_setup_py']
[0.631s] Level 1:colcon.colcon_core.package_identification:_identify(src) by extension 'python_setup_py'
[0.631s] Level 1:colcon.colcon_core.package_identification:_identify(src/camera_perception_pkg) by extensions ['ignore', 'ignore_ament_install']
[0.632s] Level 1:colcon.colcon_core.package_identification:_identify(src/camera_perception_pkg) by extension 'ignore'
[0.632s] Level 1:colcon.colcon_core.package_identification:_identify(src/camera_perception_pkg) by extension 'ignore_ament_install'
[0.632s] Level 1:colcon.colcon_core.package_identification:_identify(src/camera_perception_pkg) by extensions ['colcon_pkg']
[0.632s] Level 1:colcon.colcon_core.package_identification:_identify(src/camera_perception_pkg) by extension 'colcon_pkg'
[0.632s] Level 1:colcon.colcon_core.package_identification:_identify(src/camera_perception_pkg) by extensions ['colcon_meta']
[0.632s] Level 1:colcon.colcon_core.package_identification:_identify(src/camera_perception_pkg) by extension 'colcon_meta'
[0.632s] Level 1:colcon.colcon_core.package_identification:_identify(src/camera_perception_pkg) by extensions ['ros']
[0.632s] Level 1:colcon.colcon_core.package_identification:_identify(src/camera_perception_pkg) by extension 'ros'
[0.638s] DEBUG:colcon.colcon_core.package_identification:Package 'src/camera_perception_pkg' with type 'ros.ament_python' and name 'camera_perception_pkg'
[0.638s] Level 1:colcon.colcon_core.package_identification:_identify(src/config) by extensions ['ignore', 'ignore_ament_install']
[0.638s] Level 1:colcon.colcon_core.package_identification:_identify(src/config) by extension 'ignore'
[0.638s] Level 1:colcon.colcon_core.package_identification:_identify(src/config) by extension 'ignore_ament_install'
[0.638s] Level 1:colcon.colcon_core.package_identification:_identify(src/config) by extensions ['colcon_pkg']
[0.638s] Level 1:colcon.colcon_core.package_identification:_identify(src/config) by extension 'colcon_pkg'
[0.638s] Level 1:colcon.colcon_core.package_identification:_identify(src/config) by extensions ['colcon_meta']
[0.639s] Level 1:colcon.colcon_core.package_identification:_identify(src/config) by extension 'colcon_meta'
[0.639s] Level 1:colcon.colcon_core.package_identification:_identify(src/config) by extensions ['ros']
[0.639s] Level 1:colcon.colcon_core.package_identification:_identify(src/config) by extension 'ros'
[0.639s] Level 1:colcon.colcon_core.package_identification:_identify(src/config) by extensions ['cmake', 'python']
[0.639s] Level 1:colcon.colcon_core.package_identification:_identify(src/config) by extension 'cmake'
[0.639s] Level 1:colcon.colcon_core.package_identification:_identify(src/config) by extension 'python'
[0.639s] Level 1:colcon.colcon_core.package_identification:_identify(src/config) by extensions ['python_setup_py']
[0.639s] Level 1:colcon.colcon_core.package_identification:_identify(src/config) by extension 'python_setup_py'
[0.639s] Level 1:colcon.colcon_core.package_identification:_identify(src/debug_pkg) by extensions ['ignore', 'ignore_ament_install']
[0.640s] Level 1:colcon.colcon_core.package_identification:_identify(src/debug_pkg) by extension 'ignore'
[0.640s] Level 1:colcon.colcon_core.package_identification:_identify(src/debug_pkg) by extension 'ignore_ament_install'
[0.640s] Level 1:colcon.colcon_core.package_identification:_identify(src/debug_pkg) by extensions ['colcon_pkg']
[0.640s] Level 1:colcon.colcon_core.package_identification:_identify(src/debug_pkg) by extension 'colcon_pkg'
[0.640s] Level 1:colcon.colcon_core.package_identification:_identify(src/debug_pkg) by extensions ['colcon_meta']
[0.640s] Level 1:colcon.colcon_core.package_identification:_identify(src/debug_pkg) by extension 'colcon_meta'
[0.640s] Level 1:colcon.colcon_core.package_identification:_identify(src/debug_pkg) by extensions ['ros']
[0.641s] Level 1:colcon.colcon_core.package_identification:_identify(src/debug_pkg) by extension 'ros'
[0.642s] DEBUG:colcon.colcon_core.package_identification:Package 'src/debug_pkg' with type 'ros.ament_python' and name 'debug_pkg'
[0.642s] Level 1:colcon.colcon_core.package_identification:_identify(src/decision_making_pkg) by extensions ['ignore', 'ignore_ament_install']
[0.642s] Level 1:colcon.colcon_core.package_identification:_identify(src/decision_making_pkg) by extension 'ignore'
[0.642s] Level 1:colcon.colcon_core.package_identification:_identify(src/decision_making_pkg) by extension 'ignore_ament_install'
[0.642s] Level 1:colcon.colcon_core.package_identification:_identify(src/decision_making_pkg) by extensions ['colcon_pkg']
[0.642s] Level 1:colcon.colcon_core.package_identification:_identify(src/decision_making_pkg) by extension 'colcon_pkg'
[0.642s] Level 1:colcon.colcon_core.package_identification:_identify(src/decision_making_pkg) by extensions ['colcon_meta']
[0.643s] Level 1:colcon.colcon_core.package_identification:_identify(src/decision_making_pkg) by extension 'colcon_meta'
[0.643s] Level 1:colcon.colcon_core.package_identification:_identify(src/decision_making_pkg) by extensions ['ros']
[0.643s] Level 1:colcon.colcon_core.package_identification:_identify(src/decision_making_pkg) by extension 'ros'
[0.645s] DEBUG:colcon.colcon_core.package_identification:Package 'src/decision_making_pkg' with type 'ros.ament_python' and name 'decision_making_pkg'
[0.645s] Level 1:colcon.colcon_core.package_identification:_identify(src/interfaces_pkg) by extensions ['ignore', 'ignore_ament_install']
[0.645s] Level 1:colcon.colcon_core.package_identification:_identify(src/interfaces_pkg) by extension 'ignore'
[0.645s] Level 1:colcon.colcon_core.package_identification:_identify(src/interfaces_pkg) by extension 'ignore_ament_install'
[0.645s] Level 1:colcon.colcon_core.package_identification:_identify(src/interfaces_pkg) by extensions ['colcon_pkg']
[0.645s] Level 1:colcon.colcon_core.package_identification:_identify(src/interfaces_pkg) by extension 'colcon_pkg'
[0.646s] Level 1:colcon.colcon_core.package_identification:_identify(src/interfaces_pkg) by extensions ['colcon_meta']
[0.646s] Level 1:colcon.colcon_core.package_identification:_identify(src/interfaces_pkg) by extension 'colcon_meta'
[0.646s] Level 1:colcon.colcon_core.package_identification:_identify(src/interfaces_pkg) by extensions ['ros']
[0.646s] Level 1:colcon.colcon_core.package_identification:_identify(src/interfaces_pkg) by extension 'ros'
[0.647s] DEBUG:colcon.colcon_core.package_identification:Package 'src/interfaces_pkg' with type 'ros.ament_cmake' and name 'interfaces_pkg'
[0.647s] Level 1:colcon.colcon_core.package_identification:_identify(src/localizer_server) by extensions ['ignore', 'ignore_ament_install']
[0.647s] Level 1:colcon.colcon_core.package_identification:_identify(src/localizer_server) by extension 'ignore'
[0.648s] Level 1:colcon.colcon_core.package_identification:_identify(src/localizer_server) by extension 'ignore_ament_install'
[0.648s] Level 1:colcon.colcon_core.package_identification:_identify(src/localizer_server) by extensions ['colcon_pkg']
[0.648s] Level 1:colcon.colcon_core.package_identification:_identify(src/localizer_server) by extension 'colcon_pkg'
[0.648s] Level 1:colcon.colcon_core.package_identification:_identify(src/localizer_server) by extensions ['colcon_meta']
[0.648s] Level 1:colcon.colcon_core.package_identification:_identify(src/localizer_server) by extension 'colcon_meta'
[0.648s] Level 1:colcon.colcon_core.package_identification:_identify(src/localizer_server) by extensions ['ros']
[0.648s] Level 1:colcon.colcon_core.package_identification:_identify(src/localizer_server) by extension 'ros'
[0.649s] DEBUG:colcon.colcon_core.package_identification:Package 'src/localizer_server' with type 'ros.ament_python' and name 'localizer_server'
[0.650s] Level 1:colcon.colcon_core.package_identification:_identify(src/sllidar_ros2) by extensions ['ignore', 'ignore_ament_install']
[0.650s] Level 1:colcon.colcon_core.package_identification:_identify(src/sllidar_ros2) by extension 'ignore'
[0.650s] Level 1:colcon.colcon_core.package_identification:_identify(src/sllidar_ros2) by extension 'ignore_ament_install'
[0.650s] Level 1:colcon.colcon_core.package_identification:_identify(src/sllidar_ros2) by extensions ['colcon_pkg']
[0.650s] Level 1:colcon.colcon_core.package_identification:_identify(src/sllidar_ros2) by extension 'colcon_pkg'
[0.650s] Level 1:colcon.colcon_core.package_identification:_identify(src/sllidar_ros2) by extensions ['colcon_meta']
[0.650s] Level 1:colcon.colcon_core.package_identification:_identify(src/sllidar_ros2) by extension 'colcon_meta'
[0.651s] Level 1:colcon.colcon_core.package_identification:_identify(src/sllidar_ros2) by extensions ['ros']
[0.651s] Level 1:colcon.colcon_core.package_identification:_identify(src/sllidar_ros2) by extension 'ros'
[0.651s] Level 1:colcon.colcon_core.package_identification:_identify(src/sllidar_ros2) by extensions ['cmake', 'python']
[0.651s] Level 1:colcon.colcon_core.package_identification:_identify(src/sllidar_ros2) by extension 'cmake'
[0.651s] Level 1:colcon.colcon_core.package_identification:_identify(src/sllidar_ros2) by extension 'python'
[0.651s] Level 1:colcon.colcon_core.package_identification:_identify(src/sllidar_ros2) by extensions ['python_setup_py']
[0.651s] Level 1:colcon.colcon_core.package_identification:_identify(src/sllidar_ros2) by extension 'python_setup_py'
[0.651s] Level 1:colcon.colcon_core.package_identification:_identify(src/theimc_bringup) by extensions ['ignore', 'ignore_ament_install']
[0.652s] Level 1:colcon.colcon_core.package_identification:_identify(src/theimc_bringup) by extension 'ignore'
[0.652s] Level 1:colcon.colcon_core.package_identification:_identify(src/theimc_bringup) by extension 'ignore_ament_install'
[0.652s] Level 1:colcon.colcon_core.package_identification:_identify(src/theimc_bringup) by extensions ['colcon_pkg']
[0.652s] Level 1:colcon.colcon_core.package_identification:_identify(src/theimc_bringup) by extension 'colcon_pkg'
[0.652s] Level 1:colcon.colcon_core.package_identification:_identify(src/theimc_bringup) by extensions ['colcon_meta']
[0.652s] Level 1:colcon.colcon_core.package_identification:_identify(src/theimc_bringup) by extension 'colcon_meta'
[0.652s] Level 1:colcon.colcon_core.package_identification:_identify(src/theimc_bringup) by extensions ['ros']
[0.652s] Level 1:colcon.colcon_core.package_identification:_identify(src/theimc_bringup) by extension 'ros'
[0.654s] DEBUG:colcon.colcon_core.package_identification:Package 'src/theimc_bringup' with type 'ros.ament_python' and name 'theimc_bringup'
[0.654s] Level 1:colcon.colcon_core.package_identification:_identify(src/theimc_bt_nodes) by extensions ['ignore', 'ignore_ament_install']
[0.654s] Level 1:colcon.colcon_core.package_identification:_identify(src/theimc_bt_nodes) by extension 'ignore'
[0.655s] Level 1:colcon.colcon_core.package_identification:_identify(src/theimc_bt_nodes) by extension 'ignore_ament_install'
[0.655s] Level 1:colcon.colcon_core.package_identification:_identify(src/theimc_bt_nodes) by extensions ['colcon_pkg']
[0.655s] Level 1:colcon.colcon_core.package_identification:_identify(src/theimc_bt_nodes) by extension 'colcon_pkg'
[0.655s] Level 1:colcon.colcon_core.package_identification:_identify(src/theimc_bt_nodes) by extensions ['colcon_meta']
[0.655s] Level 1:colcon.colcon_core.package_identification:_identify(src/theimc_bt_nodes) by extension 'colcon_meta'
[0.655s] Level 1:colcon.colcon_core.package_identification:_identify(src/theimc_bt_nodes) by extensions ['ros']
[0.655s] Level 1:colcon.colcon_core.package_identification:_identify(src/theimc_bt_nodes) by extension 'ros'
[0.657s] DEBUG:colcon.colcon_core.package_identification:Package 'src/theimc_bt_nodes' with type 'ros.ament_cmake' and name 'theimc_bt_nodes'
[0.658s] Level 1:colcon.colcon_core.package_identification:_identify(src/theimc_description) by extensions ['ignore', 'ignore_ament_install']
[0.658s] Level 1:colcon.colcon_core.package_identification:_identify(src/theimc_description) by extension 'ignore'
[0.658s] Level 1:colcon.colcon_core.package_identification:_identify(src/theimc_description) by extension 'ignore_ament_install'
[0.658s] Level 1:colcon.colcon_core.package_identification:_identify(src/theimc_description) by extensions ['colcon_pkg']
[0.658s] Level 1:colcon.colcon_core.package_identification:_identify(src/theimc_description) by extension 'colcon_pkg'
[0.658s] Level 1:colcon.colcon_core.package_identification:_identify(src/theimc_description) by extensions ['colcon_meta']
[0.658s] Level 1:colcon.colcon_core.package_identification:_identify(src/theimc_description) by extension 'colcon_meta'
[0.659s] Level 1:colcon.colcon_core.package_identification:_identify(src/theimc_description) by extensions ['ros']
[0.659s] Level 1:colcon.colcon_core.package_identification:_identify(src/theimc_description) by extension 'ros'
[0.660s] DEBUG:colcon.colcon_core.package_identification:Package 'src/theimc_description' with type 'ros.ament_cmake' and name 'theimc_description'
[0.660s] Level 1:colcon.colcon_core.package_identification:_identify(src/theimc_navigation2) by extensions ['ignore', 'ignore_ament_install']
[0.660s] Level 1:colcon.colcon_core.package_identification:_identify(src/theimc_navigation2) by extension 'ignore'
[0.660s] Level 1:colcon.colcon_core.package_identification:_identify(src/theimc_navigation2) by extension 'ignore_ament_install'
[0.660s] Level 1:colcon.colcon_core.package_identification:_identify(src/theimc_navigation2) by extensions ['colcon_pkg']
[0.660s] Level 1:colcon.colcon_core.package_identification:_identify(src/theimc_navigation2) by extension 'colcon_pkg'
[0.661s] Level 1:colcon.colcon_core.package_identification:_identify(src/theimc_navigation2) by extensions ['colcon_meta']
[0.661s] Level 1:colcon.colcon_core.package_identification:_identify(src/theimc_navigation2) by extension 'colcon_meta'
[0.661s] Level 1:colcon.colcon_core.package_identification:_identify(src/theimc_navigation2) by extensions ['ros']
[0.661s] Level 1:colcon.colcon_core.package_identification:_identify(src/theimc_navigation2) by extension 'ros'
[0.663s] DEBUG:colcon.colcon_core.package_identification:Package 'src/theimc_navigation2' with type 'ros.ament_cmake' and name 'theimc_navigation2'
[0.664s] Level 1:colcon.colcon_core.package_identification:_identify(src/theimc_teleop) by extensions ['ignore', 'ignore_ament_install']
[0.664s] Level 1:colcon.colcon_core.package_identification:_identify(src/theimc_teleop) by extension 'ignore'
[0.664s] Level 1:colcon.colcon_core.package_identification:_identify(src/theimc_teleop) by extension 'ignore_ament_install'
[0.664s] Level 1:colcon.colcon_core.package_identification:_identify(src/theimc_teleop) by extensions ['colcon_pkg']
[0.664s] Level 1:colcon.colcon_core.package_identification:_identify(src/theimc_teleop) by extension 'colcon_pkg'
[0.664s] Level 1:colcon.colcon_core.package_identification:_identify(src/theimc_teleop) by extensions ['colcon_meta']
[0.664s] Level 1:colcon.colcon_core.package_identification:_identify(src/theimc_teleop) by extension 'colcon_meta'
[0.664s] Level 1:colcon.colcon_core.package_identification:_identify(src/theimc_teleop) by extensions ['ros']
[0.665s] Level 1:colcon.colcon_core.package_identification:_identify(src/theimc_teleop) by extension 'ros'
[0.666s] DEBUG:colcon.colcon_core.package_identification:Package 'src/theimc_teleop' with type 'ros.ament_python' and name 'theimc_teleop'
[0.666s] Level 1:colcon.colcon_core.package_discovery:discover_packages(recursive) using defaults
[0.666s] Level 1:colcon.colcon_core.package_discovery:discover_packages(ignore) discover
[0.666s] Level 1:colcon.colcon_core.package_discovery:discover_packages(ignore) using defaults
[0.666s] Level 1:colcon.colcon_core.package_discovery:discover_packages(path) discover
[0.666s] Level 1:colcon.colcon_core.package_discovery:discover_packages(path) using defaults
[0.743s] Level 1:colcon.colcon_core.package_discovery:discover_packages(prefix_path) check parameters
[0.743s] Level 1:colcon.colcon_core.package_discovery:discover_packages(prefix_path) discover
[0.748s] DEBUG:colcon.colcon_installed_package_information.package_discovery:Found 11 installed packages in /home/jeff/theimc_robot/install
[0.751s] DEBUG:colcon.colcon_installed_package_information.package_discovery:Found 354 installed packages in /opt/ros/humble
[0.754s] Level 1:colcon.colcon_core.package_discovery:discover_packages(prefix_path) using defaults
[0.852s] Level 5:colcon.colcon_core.verb:set package 'camera_perception_pkg' build argument 'cmake_args' from command line to 'None'
[0.853s] Level 5:colcon.colcon_core.verb:set package 'camera_perception_pkg' build argument 'cmake_target' from command line to 'None'
[0.853s] Level 5:colcon.colcon_core.verb:set package 'camera_perception_pkg' build argument 'cmake_target_skip_unavailable' from command line to 'False'
[0.853s] Level 5:colcon.colcon_core.verb:set package 'camera_perception_pkg' build argument 'cmake_clean_cache' from command line to 'False'
[0.853s] Level 5:colcon.colcon_core.verb:set package 'camera_perception_pkg' build argument 'cmake_clean_first' from command line to 'False'
[0.853s] Level 5:colcon.colcon_core.verb:set package 'camera_perception_pkg' build argument 'cmake_force_configure' from command line to 'False'
[0.853s] Level 5:colcon.colcon_core.verb:set package 'camera_perception_pkg' build argument 'ament_cmake_args' from command line to 'None'
[0.853s] Level 5:colcon.colcon_core.verb:set package 'camera_perception_pkg' build argument 'catkin_cmake_args' from command line to 'None'
[0.853s] Level 5:colcon.colcon_core.verb:set package 'camera_perception_pkg' build argument 'catkin_skip_building_tests' from command line to 'False'
[0.853s] DEBUG:colcon.colcon_core.verb:Building package 'camera_perception_pkg' with the following arguments: {'ament_cmake_args': None, 'build_base': '/home/jeff/theimc_robot/build/camera_perception_pkg', 'catkin_cmake_args': None, 'catkin_skip_building_tests': False, 'cmake_args': None, 'cmake_clean_cache': False, 'cmake_clean_first': False, 'cmake_force_configure': False, 'cmake_target': None, 'cmake_target_skip_unavailable': False, 'install_base': '/home/jeff/theimc_robot/install/camera_perception_pkg', 'merge_install': False, 'path': '/home/jeff/theimc_robot/src/camera_perception_pkg', 'symlink_install': True, 'test_result_base': None}
[0.854s] Level 5:colcon.colcon_core.verb:set package 'debug_pkg' build argument 'cmake_args' from command line to 'None'
[0.854s] Level 5:colcon.colcon_core.verb:set package 'debug_pkg' build argument 'cmake_target' from command line to 'None'
[0.854s] Level 5:colcon.colcon_core.verb:set package 'debug_pkg' build argument 'cmake_target_skip_unavailable' from command line to 'False'
[0.854s] Level 5:colcon.colcon_core.verb:set package 'debug_pkg' build argument 'cmake_clean_cache' from command line to 'False'
[0.854s] Level 5:colcon.colcon_core.verb:set package 'debug_pkg' build argument 'cmake_clean_first' from command line to 'False'
[0.854s] Level 5:colcon.colcon_core.verb:set package 'debug_pkg' build argument 'cmake_force_configure' from command line to 'False'
[0.854s] Level 5:colcon.colcon_core.verb:set package 'debug_pkg' build argument 'ament_cmake_args' from command line to 'None'
[0.854s] Level 5:colcon.colcon_core.verb:set package 'debug_pkg' build argument 'catkin_cmake_args' from command line to 'None'
[0.854s] Level 5:colcon.colcon_core.verb:set package 'debug_pkg' build argument 'catkin_skip_building_tests' from command line to 'False'
[0.854s] DEBUG:colcon.colcon_core.verb:Building package 'debug_pkg' with the following arguments: {'ament_cmake_args': None, 'build_base': '/home/jeff/theimc_robot/build/debug_pkg', 'catkin_cmake_args': None, 'catkin_skip_building_tests': False, 'cmake_args': None, 'cmake_clean_cache': False, 'cmake_clean_first': False, 'cmake_force_configure': False, 'cmake_target': None, 'cmake_target_skip_unavailable': False, 'install_base': '/home/jeff/theimc_robot/install/debug_pkg', 'merge_install': False, 'path': '/home/jeff/theimc_robot/src/debug_pkg', 'symlink_install': True, 'test_result_base': None}
[0.855s] Level 5:colcon.colcon_core.verb:set package 'interfaces_pkg' build argument 'cmake_args' from command line to 'None'
[0.855s] Level 5:colcon.colcon_core.verb:set package 'interfaces_pkg' build argument 'cmake_target' from command line to 'None'
[0.855s] Level 5:colcon.colcon_core.verb:set package 'interfaces_pkg' build argument 'cmake_target_skip_unavailable' from command line to 'False'
[0.855s] Level 5:colcon.colcon_core.verb:set package 'interfaces_pkg' build argument 'cmake_clean_cache' from command line to 'False'
[0.855s] Level 5:colcon.colcon_core.verb:set package 'interfaces_pkg' build argument 'cmake_clean_first' from command line to 'False'
[0.855s] Level 5:colcon.colcon_core.verb:set package 'interfaces_pkg' build argument 'cmake_force_configure' from command line to 'False'
[0.855s] Level 5:colcon.colcon_core.verb:set package 'interfaces_pkg' build argument 'ament_cmake_args' from command line to 'None'
[0.856s] Level 5:colcon.colcon_core.verb:set package 'interfaces_pkg' build argument 'catkin_cmake_args' from command line to 'None'
[0.856s] Level 5:colcon.colcon_core.verb:set package 'interfaces_pkg' build argument 'catkin_skip_building_tests' from command line to 'False'
[0.856s] DEBUG:colcon.colcon_core.verb:Building package 'interfaces_pkg' with the following arguments: {'ament_cmake_args': None, 'build_base': '/home/jeff/theimc_robot/build/interfaces_pkg', 'catkin_cmake_args': None, 'catkin_skip_building_tests': False, 'cmake_args': None, 'cmake_clean_cache': False, 'cmake_clean_first': False, 'cmake_force_configure': False, 'cmake_target': None, 'cmake_target_skip_unavailable': False, 'install_base': '/home/jeff/theimc_robot/install/interfaces_pkg', 'merge_install': False, 'path': '/home/jeff/theimc_robot/src/interfaces_pkg', 'symlink_install': True, 'test_result_base': None}
[0.856s] Level 5:colcon.colcon_core.verb:set package 'localizer_server' build argument 'cmake_args' from command line to 'None'
[0.856s] Level 5:colcon.colcon_core.verb:set package 'localizer_server' build argument 'cmake_target' from command line to 'None'
[0.857s] Level 5:colcon.colcon_core.verb:set package 'localizer_server' build argument 'cmake_target_skip_unavailable' from command line to 'False'
[0.857s] Level 5:colcon.colcon_core.verb:set package 'localizer_server' build argument 'cmake_clean_cache' from command line to 'False'
[0.857s] Level 5:colcon.colcon_core.verb:set package 'localizer_server' build argument 'cmake_clean_first' from command line to 'False'
[0.857s] Level 5:colcon.colcon_core.verb:set package 'localizer_server' build argument 'cmake_force_configure' from command line to 'False'
[0.857s] Level 5:colcon.colcon_core.verb:set package 'localizer_server' build argument 'ament_cmake_args' from command line to 'None'
[0.857s] Level 5:colcon.colcon_core.verb:set package 'localizer_server' build argument 'catkin_cmake_args' from command line to 'None'
[0.857s] Level 5:colcon.colcon_core.verb:set package 'localizer_server' build argument 'catkin_skip_building_tests' from command line to 'False'
[0.857s] DEBUG:colcon.colcon_core.verb:Building package 'localizer_server' with the following arguments: {'ament_cmake_args': None, 'build_base': '/home/jeff/theimc_robot/build/localizer_server', 'catkin_cmake_args': None, 'catkin_skip_building_tests': False, 'cmake_args': None, 'cmake_clean_cache': False, 'cmake_clean_first': False, 'cmake_force_configure': False, 'cmake_target': None, 'cmake_target_skip_unavailable': False, 'install_base': '/home/jeff/theimc_robot/install/localizer_server', 'merge_install': False, 'path': '/home/jeff/theimc_robot/src/localizer_server', 'symlink_install': True, 'test_result_base': None}
[0.858s] Level 5:colcon.colcon_core.verb:set package 'theimc_bringup' build argument 'cmake_args' from command line to 'None'
[0.858s] Level 5:colcon.colcon_core.verb:set package 'theimc_bringup' build argument 'cmake_target' from command line to 'None'
[0.858s] Level 5:colcon.colcon_core.verb:set package 'theimc_bringup' build argument 'cmake_target_skip_unavailable' from command line to 'False'
[0.858s] Level 5:colcon.colcon_core.verb:set package 'theimc_bringup' build argument 'cmake_clean_cache' from command line to 'False'
[0.858s] Level 5:colcon.colcon_core.verb:set package 'theimc_bringup' build argument 'cmake_clean_first' from command line to 'False'
[0.858s] Level 5:colcon.colcon_core.verb:set package 'theimc_bringup' build argument 'cmake_force_configure' from command line to 'False'
[0.858s] Level 5:colcon.colcon_core.verb:set package 'theimc_bringup' build argument 'ament_cmake_args' from command line to 'None'
[0.858s] Level 5:colcon.colcon_core.verb:set package 'theimc_bringup' build argument 'catkin_cmake_args' from command line to 'None'
[0.858s] Level 5:colcon.colcon_core.verb:set package 'theimc_bringup' build argument 'catkin_skip_building_tests' from command line to 'False'
[0.858s] DEBUG:colcon.colcon_core.verb:Building package 'theimc_bringup' with the following arguments: {'ament_cmake_args': None, 'build_base': '/home/jeff/theimc_robot/build/theimc_bringup', 'catkin_cmake_args': None, 'catkin_skip_building_tests': False, 'cmake_args': None, 'cmake_clean_cache': False, 'cmake_clean_first': False, 'cmake_force_configure': False, 'cmake_target': None, 'cmake_target_skip_unavailable': False, 'install_base': '/home/jeff/theimc_robot/install/theimc_bringup', 'merge_install': False, 'path': '/home/jeff/theimc_robot/src/theimc_bringup', 'symlink_install': True, 'test_result_base': None}
[0.859s] Level 5:colcon.colcon_core.verb:set package 'theimc_description' build argument 'cmake_args' from command line to 'None'
[0.859s] Level 5:colcon.colcon_core.verb:set package 'theimc_description' build argument 'cmake_target' from command line to 'None'
[0.859s] Level 5:colcon.colcon_core.verb:set package 'theimc_description' build argument 'cmake_target_skip_unavailable' from command line to 'False'
[0.859s] Level 5:colcon.colcon_core.verb:set package 'theimc_description' build argument 'cmake_clean_cache' from command line to 'False'
[0.859s] Level 5:colcon.colcon_core.verb:set package 'theimc_description' build argument 'cmake_clean_first' from command line to 'False'
[0.859s] Level 5:colcon.colcon_core.verb:set package 'theimc_description' build argument 'cmake_force_configure' from command line to 'False'
[0.859s] Level 5:colcon.colcon_core.verb:set package 'theimc_description' build argument 'ament_cmake_args' from command line to 'None'
[0.859s] Level 5:colcon.colcon_core.verb:set package 'theimc_description' build argument 'catkin_cmake_args' from command line to 'None'
[0.859s] Level 5:colcon.colcon_core.verb:set package 'theimc_description' build argument 'catkin_skip_building_tests' from command line to 'False'
[0.859s] DEBUG:colcon.colcon_core.verb:Building package 'theimc_description' with the following arguments: {'ament_cmake_args': None, 'build_base': '/home/jeff/theimc_robot/build/theimc_description', 'catkin_cmake_args': None, 'catkin_skip_building_tests': False, 'cmake_args': None, 'cmake_clean_cache': False, 'cmake_clean_first': False, 'cmake_force_configure': False, 'cmake_target': None, 'cmake_target_skip_unavailable': False, 'install_base': '/home/jeff/theimc_robot/install/theimc_description', 'merge_install': False, 'path': '/home/jeff/theimc_robot/src/theimc_description', 'symlink_install': True, 'test_result_base': None}
[0.860s] Level 5:colcon.colcon_core.verb:set package 'theimc_navigation2' build argument 'cmake_args' from command line to 'None'
[0.860s] Level 5:colcon.colcon_core.verb:set package 'theimc_navigation2' build argument 'cmake_target' from command line to 'None'
[0.860s] Level 5:colcon.colcon_core.verb:set package 'theimc_navigation2' build argument 'cmake_target_skip_unavailable' from command line to 'False'
[0.860s] Level 5:colcon.colcon_core.verb:set package 'theimc_navigation2' build argument 'cmake_clean_cache' from command line to 'False'
[0.860s] Level 5:colcon.colcon_core.verb:set package 'theimc_navigation2' build argument 'cmake_clean_first' from command line to 'False'
[0.860s] Level 5:colcon.colcon_core.verb:set package 'theimc_navigation2' build argument 'cmake_force_configure' from command line to 'False'
[0.860s] Level 5:colcon.colcon_core.verb:set package 'theimc_navigation2' build argument 'ament_cmake_args' from command line to 'None'
[0.860s] Level 5:colcon.colcon_core.verb:set package 'theimc_navigation2' build argument 'catkin_cmake_args' from command line to 'None'
[0.860s] Level 5:colcon.colcon_core.verb:set package 'theimc_navigation2' build argument 'catkin_skip_building_tests' from command line to 'False'
[0.860s] DEBUG:colcon.colcon_core.verb:Building package 'theimc_navigation2' with the following arguments: {'ament_cmake_args': None, 'build_base': '/home/jeff/theimc_robot/build/theimc_navigation2', 'catkin_cmake_args': None, 'catkin_skip_building_tests': False, 'cmake_args': None, 'cmake_clean_cache': False, 'cmake_clean_first': False, 'cmake_force_configure': False, 'cmake_target': None, 'cmake_target_skip_unavailable': False, 'install_base': '/home/jeff/theimc_robot/install/theimc_navigation2', 'merge_install': False, 'path': '/home/jeff/theimc_robot/src/theimc_navigation2', 'symlink_install': True, 'test_result_base': None}
[0.861s] Level 5:colcon.colcon_core.verb:set package 'theimc_teleop' build argument 'cmake_args' from command line to 'None'
[0.861s] Level 5:colcon.colcon_core.verb:set package 'theimc_teleop' build argument 'cmake_target' from command line to 'None'
[0.861s] Level 5:colcon.colcon_core.verb:set package 'theimc_teleop' build argument 'cmake_target_skip_unavailable' from command line to 'False'
[0.861s] Level 5:colcon.colcon_core.verb:set package 'theimc_teleop' build argument 'cmake_clean_cache' from command line to 'False'
[0.861s] Level 5:colcon.colcon_core.verb:set package 'theimc_teleop' build argument 'cmake_clean_first' from command line to 'False'
[0.861s] Level 5:colcon.colcon_core.verb:set package 'theimc_teleop' build argument 'cmake_force_configure' from command line to 'False'
[0.861s] Level 5:colcon.colcon_core.verb:set package 'theimc_teleop' build argument 'ament_cmake_args' from command line to 'None'
[0.861s] Level 5:colcon.colcon_core.verb:set package 'theimc_teleop' build argument 'catkin_cmake_args' from command line to 'None'
[0.861s] Level 5:colcon.colcon_core.verb:set package 'theimc_teleop' build argument 'catkin_skip_building_tests' from command line to 'False'
[0.862s] DEBUG:colcon.colcon_core.verb:Building package 'theimc_teleop' with the following arguments: {'ament_cmake_args': None, 'build_base': '/home/jeff/theimc_robot/build/theimc_teleop', 'catkin_cmake_args': None, 'catkin_skip_building_tests': False, 'cmake_args': None, 'cmake_clean_cache': False, 'cmake_clean_first': False, 'cmake_force_configure': False, 'cmake_target': None, 'cmake_target_skip_unavailable': False, 'install_base': '/home/jeff/theimc_robot/install/theimc_teleop', 'merge_install': False, 'path': '/home/jeff/theimc_robot/src/theimc_teleop', 'symlink_install': True, 'test_result_base': None}
[0.862s] Level 5:colcon.colcon_core.verb:set package 'decision_making_pkg' build argument 'cmake_args' from command line to 'None'
[0.862s] Level 5:colcon.colcon_core.verb:set package 'decision_making_pkg' build argument 'cmake_target' from command line to 'None'
[0.862s] Level 5:colcon.colcon_core.verb:set package 'decision_making_pkg' build argument 'cmake_target_skip_unavailable' from command line to 'False'
[0.862s] Level 5:colcon.colcon_core.verb:set package 'decision_making_pkg' build argument 'cmake_clean_cache' from command line to 'False'
[0.862s] Level 5:colcon.colcon_core.verb:set package 'decision_making_pkg' build argument 'cmake_clean_first' from command line to 'False'
[0.862s] Level 5:colcon.colcon_core.verb:set package 'decision_making_pkg' build argument 'cmake_force_configure' from command line to 'False'
[0.862s] Level 5:colcon.colcon_core.verb:set package 'decision_making_pkg' build argument 'ament_cmake_args' from command line to 'None'
[0.863s] Level 5:colcon.colcon_core.verb:set package 'decision_making_pkg' build argument 'catkin_cmake_args' from command line to 'None'
[0.863s] Level 5:colcon.colcon_core.verb:set package 'decision_making_pkg' build argument 'catkin_skip_building_tests' from command line to 'False'
[0.863s] DEBUG:colcon.colcon_core.verb:Building package 'decision_making_pkg' with the following arguments: {'ament_cmake_args': None, 'build_base': '/home/jeff/theimc_robot/build/decision_making_pkg', 'catkin_cmake_args': None, 'catkin_skip_building_tests': False, 'cmake_args': None, 'cmake_clean_cache': False, 'cmake_clean_first': False, 'cmake_force_configure': False, 'cmake_target': None, 'cmake_target_skip_unavailable': False, 'install_base': '/home/jeff/theimc_robot/install/decision_making_pkg', 'merge_install': False, 'path': '/home/jeff/theimc_robot/src/decision_making_pkg', 'symlink_install': True, 'test_result_base': None}
[0.863s] Level 5:colcon.colcon_core.verb:set package 'theimc_bt_nodes' build argument 'cmake_args' from command line to 'None'
[0.863s] Level 5:colcon.colcon_core.verb:set package 'theimc_bt_nodes' build argument 'cmake_target' from command line to 'None'
[0.863s] Level 5:colcon.colcon_core.verb:set package 'theimc_bt_nodes' build argument 'cmake_target_skip_unavailable' from command line to 'False'
[0.863s] Level 5:colcon.colcon_core.verb:set package 'theimc_bt_nodes' build argument 'cmake_clean_cache' from command line to 'False'
[0.864s] Level 5:colcon.colcon_core.verb:set package 'theimc_bt_nodes' build argument 'cmake_clean_first' from command line to 'False'
[0.864s] Level 5:colcon.colcon_core.verb:set package 'theimc_bt_nodes' build argument 'cmake_force_configure' from command line to 'False'
[0.864s] Level 5:colcon.colcon_core.verb:set package 'theimc_bt_nodes' build argument 'ament_cmake_args' from command line to 'None'
[0.864s] Level 5:colcon.colcon_core.verb:set package 'theimc_bt_nodes' build argument 'catkin_cmake_args' from command line to 'None'
[0.864s] Level 5:colcon.colcon_core.verb:set package 'theimc_bt_nodes' build argument 'catkin_skip_building_tests' from command line to 'False'
[0.864s] DEBUG:colcon.colcon_core.verb:Building package 'theimc_bt_nodes' with the following arguments: {'ament_cmake_args': None, 'build_base': '/home/jeff/theimc_robot/build/theimc_bt_nodes', 'catkin_cmake_args': None, 'catkin_skip_building_tests': False, 'cmake_args': None, 'cmake_clean_cache': False, 'cmake_clean_first': False, 'cmake_force_configure': False, 'cmake_target': None, 'cmake_target_skip_unavailable': False, 'install_base': '/home/jeff/theimc_robot/install/theimc_bt_nodes', 'merge_install': False, 'path': '/home/jeff/theimc_robot/src/theimc_bt_nodes', 'symlink_install': True, 'test_result_base': None}
[0.864s] INFO:colcon.colcon_core.executor:Executing jobs using 'parallel' executor
[0.866s] DEBUG:colcon.colcon_parallel_executor.executor.parallel:run_until_complete
[0.867s] INFO:colcon.colcon_ros.task.ament_cmake.build:Building ROS package in '/home/jeff/theimc_robot/src/interfaces_pkg' with build type 'ament_cmake'
[0.867s] INFO:colcon.colcon_cmake.task.cmake.build:Building CMake package in '/home/jeff/theimc_robot/src/interfaces_pkg'
[0.874s] INFO:colcon.colcon_core.plugin_system:Skipping extension 'colcon_core.shell.bat': Not used on non-Windows systems
[0.874s] INFO:colcon.colcon_core.shell:Skip shell extension 'powershell' for command environment: Not usable outside of PowerShell
[0.874s] DEBUG:colcon.colcon_core.shell:Skip shell extension 'dsv' for command environment
[0.883s] INFO:colcon.colcon_ros.task.ament_cmake.build:Building ROS package in '/home/jeff/theimc_robot/src/theimc_navigation2' with build type 'ament_cmake'
[0.884s] INFO:colcon.colcon_cmake.task.cmake.build:Building CMake package in '/home/jeff/theimc_robot/src/theimc_navigation2'
[0.884s] INFO:colcon.colcon_core.shell:Skip shell extension 'powershell' for command environment: Not usable outside of PowerShell
[0.885s] DEBUG:colcon.colcon_core.shell:Skip shell extension 'dsv' for command environment
[0.892s] INFO:colcon.colcon_ros.task.ament_python.build:Building ROS package in '/home/jeff/theimc_robot/src/camera_perception_pkg' with build type 'ament_python'
[0.893s] Level 1:colcon.colcon_core.shell:create_environment_hook('camera_perception_pkg', 'ament_prefix_path')
[0.893s] INFO:colcon.colcon_core.shell:Creating environment hook '/home/jeff/theimc_robot/install/camera_perception_pkg/share/camera_perception_pkg/hook/ament_prefix_path.ps1'
[0.895s] INFO:colcon.colcon_core.shell:Creating environment descriptor '/home/jeff/theimc_robot/install/camera_perception_pkg/share/camera_perception_pkg/hook/ament_prefix_path.dsv'
[0.896s] INFO:colcon.colcon_core.shell:Creating environment hook '/home/jeff/theimc_robot/install/camera_perception_pkg/share/camera_perception_pkg/hook/ament_prefix_path.sh'
[0.898s] INFO:colcon.colcon_core.shell:Skip shell extension 'powershell' for command environment: Not usable outside of PowerShell
[0.898s] DEBUG:colcon.colcon_core.shell:Skip shell extension 'dsv' for command environment
[0.906s] INFO:colcon.colcon_ros.task.ament_python.build:Building ROS package in '/home/jeff/theimc_robot/src/debug_pkg' with build type 'ament_python'
[0.906s] Level 1:colcon.colcon_core.shell:create_environment_hook('debug_pkg', 'ament_prefix_path')
[0.907s] INFO:colcon.colcon_core.shell:Creating environment hook '/home/jeff/theimc_robot/install/debug_pkg/share/debug_pkg/hook/ament_prefix_path.ps1'
[0.908s] INFO:colcon.colcon_core.shell:Creating environment descriptor '/home/jeff/theimc_robot/install/debug_pkg/share/debug_pkg/hook/ament_prefix_path.dsv'
[0.909s] INFO:colcon.colcon_core.shell:Creating environment hook '/home/jeff/theimc_robot/install/debug_pkg/share/debug_pkg/hook/ament_prefix_path.sh'
[0.910s] INFO:colcon.colcon_core.shell:Skip shell extension 'powershell' for command environment: Not usable outside of PowerShell
[0.910s] DEBUG:colcon.colcon_core.shell:Skip shell extension 'dsv' for command environment
[0.918s] INFO:colcon.colcon_ros.task.ament_python.build:Building ROS package in '/home/jeff/theimc_robot/src/localizer_server' with build type 'ament_python'
[0.918s] Level 1:colcon.colcon_core.shell:create_environment_hook('localizer_server', 'ament_prefix_path')
[0.919s] INFO:colcon.colcon_core.shell:Creating environment hook '/home/jeff/theimc_robot/install/localizer_server/share/localizer_server/hook/ament_prefix_path.ps1'
[0.920s] INFO:colcon.colcon_core.shell:Creating environment descriptor '/home/jeff/theimc_robot/install/localizer_server/share/localizer_server/hook/ament_prefix_path.dsv'
[0.921s] INFO:colcon.colcon_core.shell:Creating environment hook '/home/jeff/theimc_robot/install/localizer_server/share/localizer_server/hook/ament_prefix_path.sh'
[0.922s] INFO:colcon.colcon_core.shell:Skip shell extension 'powershell' for command environment: Not usable outside of PowerShell
[0.922s] DEBUG:colcon.colcon_core.shell:Skip shell extension 'dsv' for command environment
[0.930s] INFO:colcon.colcon_ros.task.ament_python.build:Building ROS package in '/home/jeff/theimc_robot/src/theimc_bringup' with build type 'ament_python'
[0.930s] Level 1:colcon.colcon_core.shell:create_environment_hook('theimc_bringup', 'ament_prefix_path')
[0.931s] INFO:colcon.colcon_core.shell:Creating environment hook '/home/jeff/theimc_robot/install/theimc_bringup/share/theimc_bringup/hook/ament_prefix_path.ps1'
[0.932s] INFO:colcon.colcon_core.shell:Creating environment descriptor '/home/jeff/theimc_robot/install/theimc_bringup/share/theimc_bringup/hook/ament_prefix_path.dsv'
[0.933s] INFO:colcon.colcon_core.shell:Creating environment hook '/home/jeff/theimc_robot/install/theimc_bringup/share/theimc_bringup/hook/ament_prefix_path.sh'
[0.934s] INFO:colcon.colcon_core.shell:Skip shell extension 'powershell' for command environment: Not usable outside of PowerShell
[0.934s] DEBUG:colcon.colcon_core.shell:Skip shell extension 'dsv' for command environment
[0.950s] DEBUG:colcon.colcon_core.event_handler.log_command:Invoking command in '/home/jeff/theimc_robot/build/interfaces_pkg': CMAKE_PREFIX_PATH=${CMAKE_PREFIX_PATH}:/home/jeff/theimc_robot/install/theimc_teleop:/home/jeff/theimc_robot/install/theimc_bringup:/home/jeff/theimc_robot/install/localizer_server:/home/jeff/theimc_robot/install/decision_making_pkg:/home/jeff/theimc_robot/install/debug_pkg:/home/jeff/theimc_robot/install/camera_perception_pkg:/opt/ros/humble /usr/bin/cmake --build /home/jeff/theimc_robot/build/interfaces_pkg -- -j6 -l6
[0.958s] DEBUG:colcon.colcon_core.event_handler.log_command:Invoking command in '/home/jeff/theimc_robot/build/theimc_navigation2': CMAKE_PREFIX_PATH=${CMAKE_PREFIX_PATH}:/home/jeff/theimc_robot/install/theimc_teleop:/home/jeff/theimc_robot/install/theimc_bringup:/home/jeff/theimc_robot/install/localizer_server:/home/jeff/theimc_robot/install/decision_making_pkg:/home/jeff/theimc_robot/install/debug_pkg:/home/jeff/theimc_robot/install/camera_perception_pkg:/opt/ros/humble /usr/bin/cmake --build /home/jeff/theimc_robot/build/theimc_navigation2 -- -j6 -l6
[1.533s] INFO:colcon.colcon_core.task.python.build:Building Python package in '/home/jeff/theimc_robot/src/camera_perception_pkg'
[1.533s] INFO:colcon.colcon_core.shell:Skip shell extension 'powershell' for command environment: Not usable outside of PowerShell
[1.534s] DEBUG:colcon.colcon_core.shell:Skip shell extension 'dsv' for command environment
[2.137s] INFO:colcon.colcon_core.task.python.build:Building Python package in '/home/jeff/theimc_robot/src/debug_pkg'
[2.138s] INFO:colcon.colcon_core.shell:Skip shell extension 'powershell' for command environment: Not usable outside of PowerShell
[2.138s] DEBUG:colcon.colcon_core.shell:Skip shell extension 'dsv' for command environment
[2.741s] INFO:colcon.colcon_core.task.python.build:Building Python package in '/home/jeff/theimc_robot/src/localizer_server'
[2.742s] INFO:colcon.colcon_core.shell:Skip shell extension 'powershell' for command environment: Not usable outside of PowerShell
[2.742s] DEBUG:colcon.colcon_core.shell:Skip shell extension 'dsv' for command environment
[3.353s] INFO:colcon.colcon_core.task.python.build:Building Python package in '/home/jeff/theimc_robot/src/theimc_bringup'
[3.354s] INFO:colcon.colcon_core.shell:Skip shell extension 'powershell' for command environment: Not usable outside of PowerShell
[3.354s] DEBUG:colcon.colcon_core.shell:Skip shell extension 'dsv' for command environment
[4.283s] DEBUG:colcon.colcon_core.task.python.build:Available setuptools commands: build_ext, build_py, build, alias, install_lib, sdist, saveopts, bdist_rpm, install_scripts, clean, dist_info, upload, test, install_egg_info, bdist_dumb, register, build_clib, develop, easy_install, check, symlink_data, bdist_egg, egg_info, rotate, bdist, build_scripts, install_headers, install, install_data, setopt, upload_docs
[4.340s] DEBUG:colcon.colcon_core.task.python.build:Available setuptools commands: build_ext, build_py, build, alias, install_lib, sdist, saveopts, bdist_rpm, install_scripts, clean, dist_info, upload, test, install_egg_info, bdist_dumb, register, build_clib, develop, easy_install, check, symlink_data, bdist_egg, egg_info, rotate, bdist, build_scripts, install_headers, install, install_data, setopt, upload_docs
[4.356s] DEBUG:colcon.colcon_core.task.python.build:Available setuptools commands: build_ext, build_py, build, alias, install_lib, sdist, saveopts, bdist_rpm, install_scripts, clean, dist_info, upload, test, install_egg_info, bdist_dumb, register, build_clib, develop, easy_install, check, symlink_data, bdist_egg, egg_info, rotate, bdist, build_scripts, install_headers, install, install_data, setopt, upload_docs
[4.377s] DEBUG:colcon.colcon_core.task.python.build:Available setuptools commands: build_ext, build_py, build, alias, install_lib, sdist, saveopts, bdist_rpm, install_scripts, clean, dist_info, upload, test, install_egg_info, bdist_dumb, register, build_clib, develop, easy_install, check, symlink_data, bdist_egg, egg_info, rotate, bdist, build_scripts, install_headers, install, install_data, setopt, upload_docs
[5.140s] DEBUG:colcon.colcon_core.task.python.build:Available setuptools 'develop' options: --force-installation-into-system-dir, --install-dir, --help, --index-url, --verbose, --find-links, --build-directory, --no-find-links, --version, --egg-path, --local-snapshots-ok, --editable, --dry-run, --zip-ok, --optimize, --no-user-cfg, --user, --script-dir, --no-deps, --exclude-scripts, --always-copy, --record, --allow-hosts, --install-layout, --site-dirs, --quiet, --multi-version, --upgrade, --prefix, --always-unzip, --uninstall
[5.144s] DEBUG:colcon.colcon_core.event_handler.log_command:Invoking command in '/home/jeff/theimc_robot/build/theimc_bringup': PYTHONPATH=/home/jeff/theimc_robot/build/theimc_bringup/prefix_override:/usr/lib/python3/dist-packages/colcon_core/task/python/colcon_distutils_commands:/home/jeff/theimc_robot/install/theimc_bringup/lib/python3.10/site-packages:${PYTHONPATH} /usr/bin/python3 -W ignore:setup.py install is deprecated -W ignore:easy_install command is deprecated setup.py develop --editable --build-directory /home/jeff/theimc_robot/build/theimc_bringup/build --no-deps symlink_data
[5.227s] DEBUG:colcon.colcon_core.task.python.build:Available setuptools 'develop' options: --force-installation-into-system-dir, --install-dir, --help, --index-url, --verbose, --find-links, --build-directory, --no-find-links, --version, --egg-path, --local-snapshots-ok, --editable, --dry-run, --zip-ok, --optimize, --no-user-cfg, --user, --script-dir, --no-deps, --exclude-scripts, --always-copy, --record, --allow-hosts, --install-layout, --site-dirs, --quiet, --multi-version, --upgrade, --prefix, --always-unzip, --uninstall
[5.246s] DEBUG:colcon.colcon_core.event_handler.log_command:Invoking command in '/home/jeff/theimc_robot/build/camera_perception_pkg': PYTHONPATH=/home/jeff/theimc_robot/build/camera_perception_pkg/prefix_override:/usr/lib/python3/dist-packages/colcon_core/task/python/colcon_distutils_commands:/home/jeff/theimc_robot/install/camera_perception_pkg/lib/python3.10/site-packages:${PYTHONPATH} /usr/bin/python3 -W ignore:setup.py install is deprecated -W ignore:easy_install command is deprecated setup.py develop --editable --build-directory /home/jeff/theimc_robot/build/camera_perception_pkg/build --no-deps symlink_data
[5.454s] DEBUG:colcon.colcon_core.task.python.build:Available setuptools 'develop' options: --force-installation-into-system-dir, --install-dir, --help, --index-url, --verbose, --find-links, --build-directory, --no-find-links, --version, --egg-path, --local-snapshots-ok, --editable, --dry-run, --zip-ok, --optimize, --no-user-cfg, --user, --script-dir, --no-deps, --exclude-scripts, --always-copy, --record, --allow-hosts, --install-layout, --site-dirs, --quiet, --multi-version, --upgrade, --prefix, --always-unzip, --uninstall
[5.469s] DEBUG:colcon.colcon_core.event_handler.log_command:Invoking command in '/home/jeff/theimc_robot/build/localizer_server': PYTHONPATH=/home/jeff/theimc_robot/build/localizer_server/prefix_override:/usr/lib/python3/dist-packages/colcon_core/task/python/colcon_distutils_commands:/home/jeff/theimc_robot/install/localizer_server/lib/python3.10/site-packages:${PYTHONPATH} /usr/bin/python3 -W ignore:setup.py install is deprecated -W ignore:easy_install command is deprecated setup.py develop --editable --build-directory /home/jeff/theimc_robot/build/localizer_server/build --no-deps symlink_data
[5.665s] DEBUG:colcon.colcon_core.task.python.build:Available setuptools 'develop' options: --force-installation-into-system-dir, --install-dir, --help, --index-url, --verbose, --find-links, --build-directory, --no-find-links, --version, --egg-path, --local-snapshots-ok, --editable, --dry-run, --zip-ok, --optimize, --no-user-cfg, --user, --script-dir, --no-deps, --exclude-scripts, --always-copy, --record, --allow-hosts, --install-layout, --site-dirs, --quiet, --multi-version, --upgrade, --prefix, --always-unzip, --uninstall
[5.673s] DEBUG:colcon.colcon_core.event_handler.log_command:Invoking command in '/home/jeff/theimc_robot/build/debug_pkg': PYTHONPATH=/home/jeff/theimc_robot/build/debug_pkg/prefix_override:/usr/lib/python3/dist-packages/colcon_core/task/python/colcon_distutils_commands:/home/jeff/theimc_robot/install/debug_pkg/lib/python3.10/site-packages:${PYTHONPATH} /usr/bin/python3 -W ignore:setup.py install is deprecated -W ignore:easy_install command is deprecated setup.py develop --editable --build-directory /home/jeff/theimc_robot/build/debug_pkg/build --no-deps symlink_data
[7.438s] Level 1:colcon.colcon_core.shell:create_environment_hook('theimc_bringup', 'pythonpath_develop')
[7.439s] INFO:colcon.colcon_core.shell:Creating environment hook '/home/jeff/theimc_robot/build/theimc_bringup/share/theimc_bringup/hook/pythonpath_develop.ps1'
[7.441s] INFO:colcon.colcon_core.shell:Creating environment descriptor '/home/jeff/theimc_robot/build/theimc_bringup/share/theimc_bringup/hook/pythonpath_develop.dsv'
[7.442s] INFO:colcon.colcon_core.shell:Creating environment hook '/home/jeff/theimc_robot/build/theimc_bringup/share/theimc_bringup/hook/pythonpath_develop.sh'
[7.443s] DEBUG:colcon.colcon_core.event_handler.log_command:Invoked command in '/home/jeff/theimc_robot/build/theimc_bringup' returned '0': PYTHONPATH=/home/jeff/theimc_robot/build/theimc_bringup/prefix_override:/usr/lib/python3/dist-packages/colcon_core/task/python/colcon_distutils_commands:/home/jeff/theimc_robot/install/theimc_bringup/lib/python3.10/site-packages:${PYTHONPATH} /usr/bin/python3 -W ignore:setup.py install is deprecated -W ignore:easy_install command is deprecated setup.py develop --editable --build-directory /home/jeff/theimc_robot/build/theimc_bringup/build --no-deps symlink_data
[7.451s] Level 1:colcon.colcon_core.environment:checking '/home/jeff/theimc_robot/install/theimc_bringup' for CMake module files
[7.469s] Level 1:colcon.colcon_core.environment:checking '/home/jeff/theimc_robot/install/theimc_bringup' for CMake config files
[7.472s] Level 1:colcon.colcon_core.environment:checking '/home/jeff/theimc_robot/install/theimc_bringup/lib'
[7.472s] Level 1:colcon.colcon_core.environment:checking '/home/jeff/theimc_robot/install/theimc_bringup/bin'
[7.472s] Level 1:colcon.colcon_core.environment:checking '/home/jeff/theimc_robot/install/theimc_bringup/lib/pkgconfig/theimc_bringup.pc'
[7.473s] Level 1:colcon.colcon_core.environment:checking '/home/jeff/theimc_robot/install/theimc_bringup/lib/python3.10/site-packages'
[7.473s] Level 1:colcon.colcon_core.shell:create_environment_hook('theimc_bringup', 'pythonpath')
[7.474s] INFO:colcon.colcon_core.shell:Creating environment hook '/home/jeff/theimc_robot/install/theimc_bringup/share/theimc_bringup/hook/pythonpath.ps1'
[7.475s] INFO:colcon.colcon_core.shell:Creating environment descriptor '/home/jeff/theimc_robot/install/theimc_bringup/share/theimc_bringup/hook/pythonpath.dsv'
[7.497s] INFO:colcon.colcon_core.shell:Creating environment hook '/home/jeff/theimc_robot/install/theimc_bringup/share/theimc_bringup/hook/pythonpath.sh'
[7.499s] Level 1:colcon.colcon_core.environment:checking '/home/jeff/theimc_robot/install/theimc_bringup/bin'
[7.499s] Level 1:colcon.colcon_core.environment:create_environment_scripts_only(theimc_bringup)
[7.500s] INFO:colcon.colcon_core.shell:Creating package script '/home/jeff/theimc_robot/install/theimc_bringup/share/theimc_bringup/package.ps1'
[7.504s] INFO:colcon.colcon_core.shell:Creating package descriptor '/home/jeff/theimc_robot/install/theimc_bringup/share/theimc_bringup/package.dsv'
[7.527s] INFO:colcon.colcon_core.shell:Creating package script '/home/jeff/theimc_robot/install/theimc_bringup/share/theimc_bringup/package.sh'
[7.535s] INFO:colcon.colcon_core.shell:Creating package script '/home/jeff/theimc_robot/install/theimc_bringup/share/theimc_bringup/package.bash'
[7.539s] INFO:colcon.colcon_core.shell:Creating package script '/home/jeff/theimc_robot/install/theimc_bringup/share/theimc_bringup/package.zsh'
[7.549s] Level 1:colcon.colcon_core.environment:create_file_with_runtime_dependencies(/home/jeff/theimc_robot/install/theimc_bringup/share/colcon-core/packages/theimc_bringup)
[7.557s] INFO:colcon.colcon_ros.task.ament_cmake.build:Building ROS package in '/home/jeff/theimc_robot/src/theimc_description' with build type 'ament_cmake'
[7.557s] INFO:colcon.colcon_cmake.task.cmake.build:Building CMake package in '/home/jeff/theimc_robot/src/theimc_description'
[7.558s] INFO:colcon.colcon_core.shell:Skip shell extension 'powershell' for command environment: Not usable outside of PowerShell
[7.565s] DEBUG:colcon.colcon_core.shell:Skip shell extension 'dsv' for command environment
[7.611s] Level 1:colcon.colcon_core.shell:create_environment_hook('camera_perception_pkg', 'pythonpath_develop')
[7.612s] INFO:colcon.colcon_core.shell:Creating environment hook '/home/jeff/theimc_robot/build/camera_perception_pkg/share/camera_perception_pkg/hook/pythonpath_develop.ps1'
[7.613s] DEBUG:colcon.colcon_core.event_handler.log_command:Invoked command in '/home/jeff/theimc_robot/build/camera_perception_pkg' returned '0': PYTHONPATH=/home/jeff/theimc_robot/build/camera_perception_pkg/prefix_override:/usr/lib/python3/dist-packages/colcon_core/task/python/colcon_distutils_commands:/home/jeff/theimc_robot/install/camera_perception_pkg/lib/python3.10/site-packages:${PYTHONPATH} /usr/bin/python3 -W ignore:setup.py install is deprecated -W ignore:easy_install command is deprecated setup.py develop --editable --build-directory /home/jeff/theimc_robot/build/camera_perception_pkg/build --no-deps symlink_data
[7.614s] INFO:colcon.colcon_core.shell:Creating environment descriptor '/home/jeff/theimc_robot/build/camera_perception_pkg/share/camera_perception_pkg/hook/pythonpath_develop.dsv'
[7.615s] INFO:colcon.colcon_core.shell:Creating environment hook '/home/jeff/theimc_robot/build/camera_perception_pkg/share/camera_perception_pkg/hook/pythonpath_develop.sh'
[7.617s] Level 1:colcon.colcon_core.environment:checking '/home/jeff/theimc_robot/install/camera_perception_pkg' for CMake module files
[7.618s] Level 1:colcon.colcon_core.environment:checking '/home/jeff/theimc_robot/install/camera_perception_pkg' for CMake config files
[7.619s] Level 1:colcon.colcon_core.environment:checking '/home/jeff/theimc_robot/install/camera_perception_pkg/lib'
[7.619s] Level 1:colcon.colcon_core.environment:checking '/home/jeff/theimc_robot/install/camera_perception_pkg/bin'
[7.619s] Level 1:colcon.colcon_core.environment:checking '/home/jeff/theimc_robot/install/camera_perception_pkg/lib/pkgconfig/camera_perception_pkg.pc'
[7.620s] Level 1:colcon.colcon_core.environment:checking '/home/jeff/theimc_robot/install/camera_perception_pkg/lib/python3.10/site-packages'
[7.620s] Level 1:colcon.colcon_core.shell:create_environment_hook('camera_perception_pkg', 'pythonpath')
[7.629s] INFO:colcon.colcon_core.shell:Creating environment hook '/home/jeff/theimc_robot/install/camera_perception_pkg/share/camera_perception_pkg/hook/pythonpath.ps1'
[7.631s] INFO:colcon.colcon_core.shell:Creating environment descriptor '/home/jeff/theimc_robot/install/camera_perception_pkg/share/camera_perception_pkg/hook/pythonpath.dsv'
[7.632s] INFO:colcon.colcon_core.shell:Creating environment hook '/home/jeff/theimc_robot/install/camera_perception_pkg/share/camera_perception_pkg/hook/pythonpath.sh'
[7.634s] Level 1:colcon.colcon_core.environment:checking '/home/jeff/theimc_robot/install/camera_perception_pkg/bin'
[7.634s] Level 1:colcon.colcon_core.environment:create_environment_scripts_only(camera_perception_pkg)
[7.635s] INFO:colcon.colcon_core.shell:Creating package script '/home/jeff/theimc_robot/install/camera_perception_pkg/share/camera_perception_pkg/package.ps1'
[7.642s] INFO:colcon.colcon_core.shell:Creating package descriptor '/home/jeff/theimc_robot/install/camera_perception_pkg/share/camera_perception_pkg/package.dsv'
[7.643s] INFO:colcon.colcon_core.shell:Creating package script '/home/jeff/theimc_robot/install/camera_perception_pkg/share/camera_perception_pkg/package.sh'
[7.644s] INFO:colcon.colcon_core.shell:Creating package script '/home/jeff/theimc_robot/install/camera_perception_pkg/share/camera_perception_pkg/package.bash'
[7.645s] INFO:colcon.colcon_core.shell:Creating package script '/home/jeff/theimc_robot/install/camera_perception_pkg/share/camera_perception_pkg/package.zsh'
[7.646s] Level 1:colcon.colcon_core.environment:create_file_with_runtime_dependencies(/home/jeff/theimc_robot/install/camera_perception_pkg/share/colcon-core/packages/camera_perception_pkg)
[7.665s] INFO:colcon.colcon_ros.task.ament_python.build:Building ROS package in '/home/jeff/theimc_robot/src/theimc_teleop' with build type 'ament_python'
[7.673s] Level 1:colcon.colcon_core.shell:create_environment_hook('theimc_teleop', 'ament_prefix_path')
[7.674s] INFO:colcon.colcon_core.shell:Creating environment hook '/home/jeff/theimc_robot/install/theimc_teleop/share/theimc_teleop/hook/ament_prefix_path.ps1'
[7.675s] INFO:colcon.colcon_core.shell:Creating environment descriptor '/home/jeff/theimc_robot/install/theimc_teleop/share/theimc_teleop/hook/ament_prefix_path.dsv'
[7.676s] INFO:colcon.colcon_core.shell:Creating environment hook '/home/jeff/theimc_robot/install/theimc_teleop/share/theimc_teleop/hook/ament_prefix_path.sh'
[7.677s] INFO:colcon.colcon_core.shell:Skip shell extension 'powershell' for command environment: Not usable outside of PowerShell
[7.678s] DEBUG:colcon.colcon_core.shell:Skip shell extension 'dsv' for command environment
[7.723s] DEBUG:colcon.colcon_core.event_handler.log_command:Invoking command in '/home/jeff/theimc_robot/build/theimc_description': CMAKE_PREFIX_PATH=${CMAKE_PREFIX_PATH}:/home/jeff/theimc_robot/install/theimc_teleop:/home/jeff/theimc_robot/install/theimc_bringup:/home/jeff/theimc_robot/install/localizer_server:/home/jeff/theimc_robot/install/decision_making_pkg:/home/jeff/theimc_robot/install/debug_pkg:/home/jeff/theimc_robot/install/camera_perception_pkg:/opt/ros/humble /usr/bin/cmake --build /home/jeff/theimc_robot/build/theimc_description -- -j6 -l6
[9.187s] INFO:colcon.colcon_core.task.python.build:Building Python package in '/home/jeff/theimc_robot/src/theimc_teleop'
[9.188s] INFO:colcon.colcon_core.shell:Skip shell extension 'powershell' for command environment: Not usable outside of PowerShell
[9.188s] DEBUG:colcon.colcon_core.shell:Skip shell extension 'dsv' for command environment
[9.266s] Level 1:colcon.colcon_core.shell:create_environment_hook('debug_pkg', 'pythonpath_develop')
[9.267s] INFO:colcon.colcon_core.shell:Creating environment hook '/home/jeff/theimc_robot/build/debug_pkg/share/debug_pkg/hook/pythonpath_develop.ps1'
[9.267s] DEBUG:colcon.colcon_core.event_handler.log_command:Invoked command in '/home/jeff/theimc_robot/build/debug_pkg' returned '0': PYTHONPATH=/home/jeff/theimc_robot/build/debug_pkg/prefix_override:/usr/lib/python3/dist-packages/colcon_core/task/python/colcon_distutils_commands:/home/jeff/theimc_robot/install/debug_pkg/lib/python3.10/site-packages:${PYTHONPATH} /usr/bin/python3 -W ignore:setup.py install is deprecated -W ignore:easy_install command is deprecated setup.py develop --editable --build-directory /home/jeff/theimc_robot/build/debug_pkg/build --no-deps symlink_data
[9.269s] INFO:colcon.colcon_core.shell:Creating environment descriptor '/home/jeff/theimc_robot/build/debug_pkg/share/debug_pkg/hook/pythonpath_develop.dsv'
[9.271s] INFO:colcon.colcon_core.shell:Creating environment hook '/home/jeff/theimc_robot/build/debug_pkg/share/debug_pkg/hook/pythonpath_develop.sh'
[9.273s] Level 1:colcon.colcon_core.environment:checking '/home/jeff/theimc_robot/install/debug_pkg' for CMake module files
[9.274s] Level 1:colcon.colcon_core.environment:checking '/home/jeff/theimc_robot/install/debug_pkg' for CMake config files
[9.275s] Level 1:colcon.colcon_core.environment:checking '/home/jeff/theimc_robot/install/debug_pkg/lib'
[9.275s] Level 1:colcon.colcon_core.environment:checking '/home/jeff/theimc_robot/install/debug_pkg/bin'
[9.275s] Level 1:colcon.colcon_core.environment:checking '/home/jeff/theimc_robot/install/debug_pkg/lib/pkgconfig/debug_pkg.pc'
[9.276s] Level 1:colcon.colcon_core.environment:checking '/home/jeff/theimc_robot/install/debug_pkg/lib/python3.10/site-packages'
[9.276s] Level 1:colcon.colcon_core.shell:create_environment_hook('debug_pkg', 'pythonpath')
[9.281s] INFO:colcon.colcon_core.shell:Creating environment hook '/home/jeff/theimc_robot/install/debug_pkg/share/debug_pkg/hook/pythonpath.ps1'
[9.283s] INFO:colcon.colcon_core.shell:Creating environment descriptor '/home/jeff/theimc_robot/install/debug_pkg/share/debug_pkg/hook/pythonpath.dsv'
[9.285s] INFO:colcon.colcon_core.shell:Creating environment hook '/home/jeff/theimc_robot/install/debug_pkg/share/debug_pkg/hook/pythonpath.sh'
[9.289s] Level 1:colcon.colcon_core.environment:checking '/home/jeff/theimc_robot/install/debug_pkg/bin'
[9.290s] Level 1:colcon.colcon_core.environment:create_environment_scripts_only(debug_pkg)
[9.290s] INFO:colcon.colcon_core.shell:Creating package script '/home/jeff/theimc_robot/install/debug_pkg/share/debug_pkg/package.ps1'
[9.292s] INFO:colcon.colcon_core.shell:Creating package descriptor '/home/jeff/theimc_robot/install/debug_pkg/share/debug_pkg/package.dsv'
[9.300s] INFO:colcon.colcon_core.shell:Creating package script '/home/jeff/theimc_robot/install/debug_pkg/share/debug_pkg/package.sh'
[9.305s] INFO:colcon.colcon_core.shell:Creating package script '/home/jeff/theimc_robot/install/debug_pkg/share/debug_pkg/package.bash'
[9.306s] INFO:colcon.colcon_core.shell:Creating package script '/home/jeff/theimc_robot/install/debug_pkg/share/debug_pkg/package.zsh'
[9.308s] Level 1:colcon.colcon_core.environment:create_file_with_runtime_dependencies(/home/jeff/theimc_robot/install/debug_pkg/share/colcon-core/packages/debug_pkg)
[9.317s] Level 1:colcon.colcon_core.shell:create_environment_hook('localizer_server', 'pythonpath_develop')
[9.319s] DEBUG:colcon.colcon_core.event_handler.log_command:Invoked command in '/home/jeff/theimc_robot/build/localizer_server' returned '0': PYTHONPATH=/home/jeff/theimc_robot/build/localizer_server/prefix_override:/usr/lib/python3/dist-packages/colcon_core/task/python/colcon_distutils_commands:/home/jeff/theimc_robot/install/localizer_server/lib/python3.10/site-packages:${PYTHONPATH} /usr/bin/python3 -W ignore:setup.py install is deprecated -W ignore:easy_install command is deprecated setup.py develop --editable --build-directory /home/jeff/theimc_robot/build/localizer_server/build --no-deps symlink_data
[9.320s] INFO:colcon.colcon_core.shell:Creating environment hook '/home/jeff/theimc_robot/build/localizer_server/share/localizer_server/hook/pythonpath_develop.ps1'
[9.322s] INFO:colcon.colcon_core.shell:Creating environment descriptor '/home/jeff/theimc_robot/build/localizer_server/share/localizer_server/hook/pythonpath_develop.dsv'
[9.323s] INFO:colcon.colcon_core.shell:Creating environment hook '/home/jeff/theimc_robot/build/localizer_server/share/localizer_server/hook/pythonpath_develop.sh'
[9.326s] Level 1:colcon.colcon_core.environment:checking '/home/jeff/theimc_robot/install/localizer_server' for CMake module files
[9.328s] Level 1:colcon.colcon_core.environment:checking '/home/jeff/theimc_robot/install/localizer_server' for CMake config files
[9.334s] Level 1:colcon.colcon_core.environment:checking '/home/jeff/theimc_robot/install/localizer_server/lib'
[9.335s] Level 1:colcon.colcon_core.environment:checking '/home/jeff/theimc_robot/install/localizer_server/bin'
[9.336s] Level 1:colcon.colcon_core.environment:checking '/home/jeff/theimc_robot/install/localizer_server/lib/pkgconfig/localizer_server.pc'
[9.336s] Level 1:colcon.colcon_core.environment:checking '/home/jeff/theimc_robot/install/localizer_server/lib/python3.10/site-packages'
[9.336s] Level 1:colcon.colcon_core.shell:create_environment_hook('localizer_server', 'pythonpath')
[9.337s] INFO:colcon.colcon_core.shell:Creating environment hook '/home/jeff/theimc_robot/install/localizer_server/share/localizer_server/hook/pythonpath.ps1'
[9.342s] INFO:colcon.colcon_core.shell:Creating environment descriptor '/home/jeff/theimc_robot/install/localizer_server/share/localizer_server/hook/pythonpath.dsv'
[9.343s] INFO:colcon.colcon_core.shell:Creating environment hook '/home/jeff/theimc_robot/install/localizer_server/share/localizer_server/hook/pythonpath.sh'
[9.354s] Level 1:colcon.colcon_core.environment:checking '/home/jeff/theimc_robot/install/localizer_server/bin'
[9.354s] Level 1:colcon.colcon_core.environment:create_environment_scripts_only(localizer_server)
[9.355s] INFO:colcon.colcon_core.shell:Creating package script '/home/jeff/theimc_robot/install/localizer_server/share/localizer_server/package.ps1'
[9.365s] INFO:colcon.colcon_core.shell:Creating package descriptor '/home/jeff/theimc_robot/install/localizer_server/share/localizer_server/package.dsv'
[9.367s] INFO:colcon.colcon_core.shell:Creating package script '/home/jeff/theimc_robot/install/localizer_server/share/localizer_server/package.sh'
[9.369s] INFO:colcon.colcon_core.shell:Creating package script '/home/jeff/theimc_robot/install/localizer_server/share/localizer_server/package.bash'
[9.370s] INFO:colcon.colcon_core.shell:Creating package script '/home/jeff/theimc_robot/install/localizer_server/share/localizer_server/package.zsh'
[9.372s] Level 1:colcon.colcon_core.environment:create_file_with_runtime_dependencies(/home/jeff/theimc_robot/install/localizer_server/share/colcon-core/packages/localizer_server)
[9.381s] DEBUG:colcon.colcon_core.event_handler.log_command:Invoked command in '/home/jeff/theimc_robot/build/theimc_description' returned '0': CMAKE_PREFIX_PATH=${CMAKE_PREFIX_PATH}:/home/jeff/theimc_robot/install/theimc_teleop:/home/jeff/theimc_robot/install/theimc_bringup:/home/jeff/theimc_robot/install/localizer_server:/home/jeff/theimc_robot/install/decision_making_pkg:/home/jeff/theimc_robot/install/debug_pkg:/home/jeff/theimc_robot/install/camera_perception_pkg:/opt/ros/humble /usr/bin/cmake --build /home/jeff/theimc_robot/build/theimc_description -- -j6 -l6
[9.432s] DEBUG:colcon.colcon_core.event_handler.log_command:Invoking command in '/home/jeff/theimc_robot/build/theimc_description': CMAKE_PREFIX_PATH=${CMAKE_PREFIX_PATH}:/home/jeff/theimc_robot/install/theimc_teleop:/home/jeff/theimc_robot/install/theimc_bringup:/home/jeff/theimc_robot/install/localizer_server:/home/jeff/theimc_robot/install/decision_making_pkg:/home/jeff/theimc_robot/install/debug_pkg:/home/jeff/theimc_robot/install/camera_perception_pkg:/opt/ros/humble /usr/bin/cmake --install /home/jeff/theimc_robot/build/theimc_description
[9.554s] Level 1:colcon.colcon_core.environment:create_environment_scripts_only(theimc_description)
[9.554s] Level 1:colcon.colcon_core.environment:checking '/home/jeff/theimc_robot/install/theimc_description' for CMake module files
[9.556s] Level 1:colcon.colcon_core.environment:checking '/home/jeff/theimc_robot/install/theimc_description' for CMake config files
[9.556s] Level 1:colcon.colcon_core.shell:create_environment_hook('theimc_description', 'cmake_prefix_path')
[9.557s] INFO:colcon.colcon_core.shell:Creating environment hook '/home/jeff/theimc_robot/install/theimc_description/share/theimc_description/hook/cmake_prefix_path.ps1'
[9.558s] DEBUG:colcon.colcon_core.event_handler.log_command:Invoked command in '/home/jeff/theimc_robot/build/theimc_description' returned '0': CMAKE_PREFIX_PATH=${CMAKE_PREFIX_PATH}:/home/jeff/theimc_robot/install/theimc_teleop:/home/jeff/theimc_robot/install/theimc_bringup:/home/jeff/theimc_robot/install/localizer_server:/home/jeff/theimc_robot/install/decision_making_pkg:/home/jeff/theimc_robot/install/debug_pkg:/home/jeff/theimc_robot/install/camera_perception_pkg:/opt/ros/humble /usr/bin/cmake --install /home/jeff/theimc_robot/build/theimc_description
[9.560s] INFO:colcon.colcon_core.shell:Creating environment descriptor '/home/jeff/theimc_robot/install/theimc_description/share/theimc_description/hook/cmake_prefix_path.dsv'
[9.562s] INFO:colcon.colcon_core.shell:Creating environment hook '/home/jeff/theimc_robot/install/theimc_description/share/theimc_description/hook/cmake_prefix_path.sh'
[9.564s] Level 1:colcon.colcon_core.environment:checking '/home/jeff/theimc_robot/install/theimc_description/bin'
[9.564s] Level 1:colcon.colcon_core.environment:checking '/home/jeff/theimc_robot/install/theimc_description/lib/pkgconfig/theimc_description.pc'
[9.565s] Level 1:colcon.colcon_core.environment:checking '/home/jeff/theimc_robot/install/theimc_description/lib/python3.10/site-packages'
[9.577s] Level 1:colcon.colcon_core.environment:checking '/home/jeff/theimc_robot/install/theimc_description/bin'
[9.579s] INFO:colcon.colcon_core.shell:Creating package script '/home/jeff/theimc_robot/install/theimc_description/share/theimc_description/package.ps1'
[9.581s] INFO:colcon.colcon_core.shell:Creating package descriptor '/home/jeff/theimc_robot/install/theimc_description/share/theimc_description/package.dsv'
[9.583s] INFO:colcon.colcon_core.shell:Creating package script '/home/jeff/theimc_robot/install/theimc_description/share/theimc_description/package.sh'
[9.585s] INFO:colcon.colcon_core.shell:Creating package script '/home/jeff/theimc_robot/install/theimc_description/share/theimc_description/package.bash'
[9.586s] INFO:colcon.colcon_core.shell:Creating package script '/home/jeff/theimc_robot/install/theimc_description/share/theimc_description/package.zsh'
[9.588s] Level 1:colcon.colcon_core.environment:create_file_with_runtime_dependencies(/home/jeff/theimc_robot/install/theimc_description/share/colcon-core/packages/theimc_description)
[9.590s] Level 1:colcon.colcon_core.environment:create_environment_scripts_only(theimc_description)
[9.593s] Level 1:colcon.colcon_core.environment:checking '/home/jeff/theimc_robot/install/theimc_description' for CMake module files
[9.595s] Level 1:colcon.colcon_core.environment:checking '/home/jeff/theimc_robot/install/theimc_description' for CMake config files
[9.605s] Level 1:colcon.colcon_core.shell:create_environment_hook('theimc_description', 'cmake_prefix_path')
[9.606s] INFO:colcon.colcon_core.shell:Creating environment hook '/home/jeff/theimc_robot/install/theimc_description/share/theimc_description/hook/cmake_prefix_path.ps1'
[9.608s] INFO:colcon.colcon_core.shell:Creating environment descriptor '/home/jeff/theimc_robot/install/theimc_description/share/theimc_description/hook/cmake_prefix_path.dsv'
[9.610s] INFO:colcon.colcon_core.shell:Creating environment hook '/home/jeff/theimc_robot/install/theimc_description/share/theimc_description/hook/cmake_prefix_path.sh'
[9.612s] Level 1:colcon.colcon_core.environment:checking '/home/jeff/theimc_robot/install/theimc_description/bin'
[9.612s] Level 1:colcon.colcon_core.environment:checking '/home/jeff/theimc_robot/install/theimc_description/lib/pkgconfig/theimc_description.pc'
[9.613s] Level 1:colcon.colcon_core.environment:checking '/home/jeff/theimc_robot/install/theimc_description/lib/python3.10/site-packages'
[9.614s] Level 1:colcon.colcon_core.environment:checking '/home/jeff/theimc_robot/install/theimc_description/bin'
[9.615s] INFO:colcon.colcon_core.shell:Creating package script '/home/jeff/theimc_robot/install/theimc_description/share/theimc_description/package.ps1'
[9.628s] INFO:colcon.colcon_core.shell:Creating package descriptor '/home/jeff/theimc_robot/install/theimc_description/share/theimc_description/package.dsv'
[9.630s] INFO:colcon.colcon_core.shell:Creating package script '/home/jeff/theimc_robot/install/theimc_description/share/theimc_description/package.sh'
[9.632s] INFO:colcon.colcon_core.shell:Creating package script '/home/jeff/theimc_robot/install/theimc_description/share/theimc_description/package.bash'
[9.634s] INFO:colcon.colcon_core.shell:Creating package script '/home/jeff/theimc_robot/install/theimc_description/share/theimc_description/package.zsh'
[9.635s] Level 1:colcon.colcon_core.environment:create_file_with_runtime_dependencies(/home/jeff/theimc_robot/install/theimc_description/share/colcon-core/packages/theimc_description)
[11.006s] DEBUG:colcon.colcon_core.task.python.build:Available setuptools commands: build_ext, build_py, build, alias, install_lib, sdist, saveopts, bdist_rpm, install_scripts, clean, dist_info, upload, test, install_egg_info, bdist_dumb, register, build_clib, develop, easy_install, check, symlink_data, bdist_egg, egg_info, rotate, bdist, build_scripts, install_headers, install, install_data, setopt, upload_docs
[12.175s] DEBUG:colcon.colcon_core.task.python.build:Available setuptools 'develop' options: --force-installation-into-system-dir, --install-dir, --help, --index-url, --verbose, --find-links, --build-directory, --no-find-links, --version, --egg-path, --local-snapshots-ok, --editable, --dry-run, --zip-ok, --optimize, --no-user-cfg, --user, --script-dir, --no-deps, --exclude-scripts, --always-copy, --record, --allow-hosts, --install-layout, --site-dirs, --quiet, --multi-version, --upgrade, --prefix, --always-unzip, --uninstall
[12.179s] DEBUG:colcon.colcon_core.event_handler.log_command:Invoking command in '/home/jeff/theimc_robot/build/theimc_teleop': PYTHONPATH=/home/jeff/theimc_robot/build/theimc_teleop/prefix_override:/usr/lib/python3/dist-packages/colcon_core/task/python/colcon_distutils_commands:/home/jeff/theimc_robot/install/theimc_teleop/lib/python3.10/site-packages:${PYTHONPATH} /usr/bin/python3 -W ignore:setup.py install is deprecated -W ignore:easy_install command is deprecated setup.py develop --editable --build-directory /home/jeff/theimc_robot/build/theimc_teleop/build --no-deps symlink_data
[14.359s] Level 1:colcon.colcon_core.shell:create_environment_hook('theimc_teleop', 'pythonpath_develop')
[14.359s] INFO:colcon.colcon_core.shell:Creating environment hook '/home/jeff/theimc_robot/build/theimc_teleop/share/theimc_teleop/hook/pythonpath_develop.ps1'
[14.361s] INFO:colcon.colcon_core.shell:Creating environment descriptor '/home/jeff/theimc_robot/build/theimc_teleop/share/theimc_teleop/hook/pythonpath_develop.dsv'
[14.362s] INFO:colcon.colcon_core.shell:Creating environment hook '/home/jeff/theimc_robot/build/theimc_teleop/share/theimc_teleop/hook/pythonpath_develop.sh'
[14.364s] Level 1:colcon.colcon_core.environment:checking '/home/jeff/theimc_robot/install/theimc_teleop' for CMake module files
[14.365s] DEBUG:colcon.colcon_core.event_handler.log_command:Invoked command in '/home/jeff/theimc_robot/build/theimc_teleop' returned '0': PYTHONPATH=/home/jeff/theimc_robot/build/theimc_teleop/prefix_override:/usr/lib/python3/dist-packages/colcon_core/task/python/colcon_distutils_commands:/home/jeff/theimc_robot/install/theimc_teleop/lib/python3.10/site-packages:${PYTHONPATH} /usr/bin/python3 -W ignore:setup.py install is deprecated -W ignore:easy_install command is deprecated setup.py develop --editable --build-directory /home/jeff/theimc_robot/build/theimc_teleop/build --no-deps symlink_data
[14.366s] Level 1:colcon.colcon_core.environment:checking '/home/jeff/theimc_robot/install/theimc_teleop' for CMake config files
[14.367s] Level 1:colcon.colcon_core.environment:checking '/home/jeff/theimc_robot/install/theimc_teleop/lib'
[14.367s] Level 1:colcon.colcon_core.environment:checking '/home/jeff/theimc_robot/install/theimc_teleop/bin'
[14.368s] Level 1:colcon.colcon_core.environment:checking '/home/jeff/theimc_robot/install/theimc_teleop/lib/pkgconfig/theimc_teleop.pc'
[14.368s] Level 1:colcon.colcon_core.environment:checking '/home/jeff/theimc_robot/install/theimc_teleop/lib/python3.10/site-packages'
[14.368s] Level 1:colcon.colcon_core.shell:create_environment_hook('theimc_teleop', 'pythonpath')
[14.369s] INFO:colcon.colcon_core.shell:Creating environment hook '/home/jeff/theimc_robot/install/theimc_teleop/share/theimc_teleop/hook/pythonpath.ps1'
[14.370s] INFO:colcon.colcon_core.shell:Creating environment descriptor '/home/jeff/theimc_robot/install/theimc_teleop/share/theimc_teleop/hook/pythonpath.dsv'
[14.371s] INFO:colcon.colcon_core.shell:Creating environment hook '/home/jeff/theimc_robot/install/theimc_teleop/share/theimc_teleop/hook/pythonpath.sh'
[14.394s] Level 1:colcon.colcon_core.environment:checking '/home/jeff/theimc_robot/install/theimc_teleop/bin'
[14.401s] Level 1:colcon.colcon_core.environment:create_environment_scripts_only(theimc_teleop)
[14.402s] INFO:colcon.colcon_core.shell:Creating package script '/home/jeff/theimc_robot/install/theimc_teleop/share/theimc_teleop/package.ps1'
[14.404s] INFO:colcon.colcon_core.shell:Creating package descriptor '/home/jeff/theimc_robot/install/theimc_teleop/share/theimc_teleop/package.dsv'
[14.406s] INFO:colcon.colcon_core.shell:Creating package script '/home/jeff/theimc_robot/install/theimc_teleop/share/theimc_teleop/package.sh'
[14.407s] INFO:colcon.colcon_core.shell:Creating package script '/home/jeff/theimc_robot/install/theimc_teleop/share/theimc_teleop/package.bash'
[14.408s] INFO:colcon.colcon_core.shell:Creating package script '/home/jeff/theimc_robot/install/theimc_teleop/share/theimc_teleop/package.zsh'
[14.426s] Level 1:colcon.colcon_core.environment:create_file_with_runtime_dependencies(/home/jeff/theimc_robot/install/theimc_teleop/share/colcon-core/packages/theimc_teleop)
[28.921s] DEBUG:colcon.colcon_core.event_handler.log_command:Invoked command in '/home/jeff/theimc_robot/build/interfaces_pkg' returned '0': CMAKE_PREFIX_PATH=${CMAKE_PREFIX_PATH}:/home/jeff/theimc_robot/install/theimc_teleop:/home/jeff/theimc_robot/install/theimc_bringup:/home/jeff/theimc_robot/install/localizer_server:/home/jeff/theimc_robot/install/decision_making_pkg:/home/jeff/theimc_robot/install/debug_pkg:/home/jeff/theimc_robot/install/camera_perception_pkg:/opt/ros/humble /usr/bin/cmake --build /home/jeff/theimc_robot/build/interfaces_pkg -- -j6 -l6
[28.926s] DEBUG:colcon.colcon_core.event_handler.log_command:Invoking command in '/home/jeff/theimc_robot/build/interfaces_pkg': CMAKE_PREFIX_PATH=${CMAKE_PREFIX_PATH}:/home/jeff/theimc_robot/install/theimc_teleop:/home/jeff/theimc_robot/install/theimc_bringup:/home/jeff/theimc_robot/install/localizer_server:/home/jeff/theimc_robot/install/decision_making_pkg:/home/jeff/theimc_robot/install/debug_pkg:/home/jeff/theimc_robot/install/camera_perception_pkg:/opt/ros/humble /usr/bin/cmake --install /home/jeff/theimc_robot/build/interfaces_pkg
[29.371s] Level 1:colcon.colcon_core.environment:create_environment_scripts_only(interfaces_pkg)
[29.372s] Level 1:colcon.colcon_core.environment:checking '/home/jeff/theimc_robot/install/interfaces_pkg' for CMake module files
[29.375s] Level 1:colcon.colcon_core.environment:checking '/home/jeff/theimc_robot/install/interfaces_pkg' for CMake config files
[29.380s] Level 1:colcon.colcon_core.shell:create_environment_hook('interfaces_pkg', 'cmake_prefix_path')
[29.381s] INFO:colcon.colcon_core.shell:Creating environment hook '/home/jeff/theimc_robot/install/interfaces_pkg/share/interfaces_pkg/hook/cmake_prefix_path.ps1'
[29.382s] INFO:colcon.colcon_core.shell:Creating environment descriptor '/home/jeff/theimc_robot/install/interfaces_pkg/share/interfaces_pkg/hook/cmake_prefix_path.dsv'
[29.383s] INFO:colcon.colcon_core.shell:Creating environment hook '/home/jeff/theimc_robot/install/interfaces_pkg/share/interfaces_pkg/hook/cmake_prefix_path.sh'
[29.385s] DEBUG:colcon.colcon_core.event_handler.log_command:Invoked command in '/home/jeff/theimc_robot/build/interfaces_pkg' returned '0': CMAKE_PREFIX_PATH=${CMAKE_PREFIX_PATH}:/home/jeff/theimc_robot/install/theimc_teleop:/home/jeff/theimc_robot/install/theimc_bringup:/home/jeff/theimc_robot/install/localizer_server:/home/jeff/theimc_robot/install/decision_making_pkg:/home/jeff/theimc_robot/install/debug_pkg:/home/jeff/theimc_robot/install/camera_perception_pkg:/opt/ros/humble /usr/bin/cmake --install /home/jeff/theimc_robot/build/interfaces_pkg
[29.385s] Level 1:colcon.colcon_core.environment:checking '/home/jeff/theimc_robot/install/interfaces_pkg/lib'
[29.386s] Level 1:colcon.colcon_core.shell:create_environment_hook('interfaces_pkg', 'ld_library_path_lib')
[29.386s] INFO:colcon.colcon_core.shell:Creating environment hook '/home/jeff/theimc_robot/install/interfaces_pkg/share/interfaces_pkg/hook/ld_library_path_lib.ps1'
[29.387s] INFO:colcon.colcon_core.shell:Creating environment descriptor '/home/jeff/theimc_robot/install/interfaces_pkg/share/interfaces_pkg/hook/ld_library_path_lib.dsv'
[29.388s] INFO:colcon.colcon_core.shell:Creating environment hook '/home/jeff/theimc_robot/install/interfaces_pkg/share/interfaces_pkg/hook/ld_library_path_lib.sh'
[29.389s] Level 1:colcon.colcon_core.environment:checking '/home/jeff/theimc_robot/install/interfaces_pkg/bin'
[29.389s] Level 1:colcon.colcon_core.environment:checking '/home/jeff/theimc_robot/install/interfaces_pkg/lib/pkgconfig/interfaces_pkg.pc'
[29.390s] Level 1:colcon.colcon_core.environment:checking '/home/jeff/theimc_robot/install/interfaces_pkg/lib/python3.10/site-packages'
[29.390s] Level 1:colcon.colcon_core.environment:checking '/home/jeff/theimc_robot/install/interfaces_pkg/bin'
[29.391s] INFO:colcon.colcon_core.shell:Creating package script '/home/jeff/theimc_robot/install/interfaces_pkg/share/interfaces_pkg/package.ps1'
[29.393s] INFO:colcon.colcon_core.shell:Creating package descriptor '/home/jeff/theimc_robot/install/interfaces_pkg/share/interfaces_pkg/package.dsv'
[29.394s] INFO:colcon.colcon_core.shell:Creating package script '/home/jeff/theimc_robot/install/interfaces_pkg/share/interfaces_pkg/package.sh'
[29.395s] INFO:colcon.colcon_core.shell:Creating package script '/home/jeff/theimc_robot/install/interfaces_pkg/share/interfaces_pkg/package.bash'
[29.396s] INFO:colcon.colcon_core.shell:Creating package script '/home/jeff/theimc_robot/install/interfaces_pkg/share/interfaces_pkg/package.zsh'
[29.397s] Level 1:colcon.colcon_core.environment:create_file_with_runtime_dependencies(/home/jeff/theimc_robot/install/interfaces_pkg/share/colcon-core/packages/interfaces_pkg)
[29.398s] Level 1:colcon.colcon_core.environment:create_environment_scripts_only(interfaces_pkg)
[29.399s] Level 1:colcon.colcon_core.environment:checking '/home/jeff/theimc_robot/install/interfaces_pkg' for CMake module files
[29.400s] Level 1:colcon.colcon_core.environment:checking '/home/jeff/theimc_robot/install/interfaces_pkg' for CMake config files
[29.405s] Level 1:colcon.colcon_core.shell:create_environment_hook('interfaces_pkg', 'cmake_prefix_path')
[29.406s] INFO:colcon.colcon_core.shell:Creating environment hook '/home/jeff/theimc_robot/install/interfaces_pkg/share/interfaces_pkg/hook/cmake_prefix_path.ps1'
[29.407s] INFO:colcon.colcon_core.shell:Creating environment descriptor '/home/jeff/theimc_robot/install/interfaces_pkg/share/interfaces_pkg/hook/cmake_prefix_path.dsv'
[29.408s] INFO:colcon.colcon_core.shell:Creating environment hook '/home/jeff/theimc_robot/install/interfaces_pkg/share/interfaces_pkg/hook/cmake_prefix_path.sh'
[29.409s] Level 1:colcon.colcon_core.environment:checking '/home/jeff/theimc_robot/install/interfaces_pkg/lib'
[29.410s] Level 1:colcon.colcon_core.shell:create_environment_hook('interfaces_pkg', 'ld_library_path_lib')
[29.410s] INFO:colcon.colcon_core.shell:Creating environment hook '/home/jeff/theimc_robot/install/interfaces_pkg/share/interfaces_pkg/hook/ld_library_path_lib.ps1'
[29.411s] INFO:colcon.colcon_core.shell:Creating environment descriptor '/home/jeff/theimc_robot/install/interfaces_pkg/share/interfaces_pkg/hook/ld_library_path_lib.dsv'
[29.412s] INFO:colcon.colcon_core.shell:Creating environment hook '/home/jeff/theimc_robot/install/interfaces_pkg/share/interfaces_pkg/hook/ld_library_path_lib.sh'
[29.413s] Level 1:colcon.colcon_core.environment:checking '/home/jeff/theimc_robot/install/interfaces_pkg/bin'
[29.413s] Level 1:colcon.colcon_core.environment:checking '/home/jeff/theimc_robot/install/interfaces_pkg/lib/pkgconfig/interfaces_pkg.pc'
[29.414s] Level 1:colcon.colcon_core.environment:checking '/home/jeff/theimc_robot/install/interfaces_pkg/lib/python3.10/site-packages'
[29.414s] Level 1:colcon.colcon_core.environment:checking '/home/jeff/theimc_robot/install/interfaces_pkg/bin'
[29.415s] INFO:colcon.colcon_core.shell:Creating package script '/home/jeff/theimc_robot/install/interfaces_pkg/share/interfaces_pkg/package.ps1'
[29.417s] INFO:colcon.colcon_core.shell:Creating package descriptor '/home/jeff/theimc_robot/install/interfaces_pkg/share/interfaces_pkg/package.dsv'
[29.418s] INFO:colcon.colcon_core.shell:Creating package script '/home/jeff/theimc_robot/install/interfaces_pkg/share/interfaces_pkg/package.sh'
[29.419s] INFO:colcon.colcon_core.shell:Creating package script '/home/jeff/theimc_robot/install/interfaces_pkg/share/interfaces_pkg/package.bash'
[29.420s] INFO:colcon.colcon_core.shell:Creating package script '/home/jeff/theimc_robot/install/interfaces_pkg/share/interfaces_pkg/package.zsh'
[29.421s] Level 1:colcon.colcon_core.environment:create_file_with_runtime_dependencies(/home/jeff/theimc_robot/install/interfaces_pkg/share/colcon-core/packages/interfaces_pkg)
[29.423s] INFO:colcon.colcon_ros.task.ament_python.build:Building ROS package in '/home/jeff/theimc_robot/src/decision_making_pkg' with build type 'ament_python'
[29.423s] Level 1:colcon.colcon_core.shell:create_environment_hook('decision_making_pkg', 'ament_prefix_path')
[29.425s] INFO:colcon.colcon_core.shell:Creating environment hook '/home/jeff/theimc_robot/install/decision_making_pkg/share/decision_making_pkg/hook/ament_prefix_path.ps1'
[29.426s] INFO:colcon.colcon_core.shell:Creating environment descriptor '/home/jeff/theimc_robot/install/decision_making_pkg/share/decision_making_pkg/hook/ament_prefix_path.dsv'
[29.429s] INFO:colcon.colcon_core.shell:Creating environment hook '/home/jeff/theimc_robot/install/decision_making_pkg/share/decision_making_pkg/hook/ament_prefix_path.sh'
[29.431s] INFO:colcon.colcon_core.shell:Skip shell extension 'powershell' for command environment: Not usable outside of PowerShell
[29.431s] DEBUG:colcon.colcon_core.shell:Skip shell extension 'dsv' for command environment
[30.059s] INFO:colcon.colcon_core.task.python.build:Building Python package in '/home/jeff/theimc_robot/src/decision_making_pkg'
[30.060s] INFO:colcon.colcon_core.shell:Skip shell extension 'powershell' for command environment: Not usable outside of PowerShell
[30.060s] DEBUG:colcon.colcon_core.shell:Skip shell extension 'dsv' for command environment
[30.815s] DEBUG:colcon.colcon_core.task.python.build:Available setuptools commands: build_ext, build_py, build, alias, install_lib, sdist, saveopts, bdist_rpm, install_scripts, clean, dist_info, upload, test, install_egg_info, bdist_dumb, register, build_clib, develop, easy_install, check, symlink_data, bdist_egg, egg_info, rotate, bdist, build_scripts, install_headers, install, install_data, setopt, upload_docs
[31.474s] DEBUG:colcon.colcon_core.task.python.build:Available setuptools 'develop' options: --force-installation-into-system-dir, --install-dir, --help, --index-url, --verbose, --find-links, --build-directory, --no-find-links, --version, --egg-path, --local-snapshots-ok, --editable, --dry-run, --zip-ok, --optimize, --no-user-cfg, --user, --script-dir, --no-deps, --exclude-scripts, --always-copy, --record, --allow-hosts, --install-layout, --site-dirs, --quiet, --multi-version, --upgrade, --prefix, --always-unzip, --uninstall
[31.479s] DEBUG:colcon.colcon_core.event_handler.log_command:Invoking command in '/home/jeff/theimc_robot/build/decision_making_pkg': CMAKE_PREFIX_PATH=/home/jeff/theimc_robot/install/interfaces_pkg:/home/jeff/theimc_robot/install/theimc_bt_nodes:/home/jeff/theimc_robot/install/theimc_navigation2:/home/jeff/theimc_robot/install/theimc_description:/home/jeff/theimc_robot/install/sllidar_ros2 LD_LIBRARY_PATH=/home/jeff/theimc_robot/install/interfaces_pkg/lib:/home/jeff/theimc_robot/install/theimc_bt_nodes/lib:/home/jeff/theimc_robot/install/theimc_navigation2/lib:/opt/ros/humble/opt/rviz_ogre_vendor/lib:/opt/ros/humble/lib/aarch64-linux-gnu:/opt/ros/humble/lib PYTHONPATH=/home/jeff/theimc_robot/build/decision_making_pkg/prefix_override:/usr/lib/python3/dist-packages/colcon_core/task/python/colcon_distutils_commands:/home/jeff/theimc_robot/install/decision_making_pkg/lib/python3.10/site-packages:${PYTHONPATH} /usr/bin/python3 -W ignore:setup.py install is deprecated -W ignore:easy_install command is deprecated setup.py develop --editable --build-directory /home/jeff/theimc_robot/build/decision_making_pkg/build --no-deps symlink_data
[32.535s] Level 1:colcon.colcon_core.shell:create_environment_hook('decision_making_pkg', 'pythonpath_develop')
[32.536s] INFO:colcon.colcon_core.shell:Creating environment hook '/home/jeff/theimc_robot/build/decision_making_pkg/share/decision_making_pkg/hook/pythonpath_develop.ps1'
[32.537s] DEBUG:colcon.colcon_core.event_handler.log_command:Invoked command in '/home/jeff/theimc_robot/build/decision_making_pkg' returned '0': CMAKE_PREFIX_PATH=/home/jeff/theimc_robot/install/interfaces_pkg:/home/jeff/theimc_robot/install/theimc_bt_nodes:/home/jeff/theimc_robot/install/theimc_navigation2:/home/jeff/theimc_robot/install/theimc_description:/home/jeff/theimc_robot/install/sllidar_ros2 LD_LIBRARY_PATH=/home/jeff/theimc_robot/install/interfaces_pkg/lib:/home/jeff/theimc_robot/install/theimc_bt_nodes/lib:/home/jeff/theimc_robot/install/theimc_navigation2/lib:/opt/ros/humble/opt/rviz_ogre_vendor/lib:/opt/ros/humble/lib/aarch64-linux-gnu:/opt/ros/humble/lib PYTHONPATH=/home/jeff/theimc_robot/build/decision_making_pkg/prefix_override:/usr/lib/python3/dist-packages/colcon_core/task/python/colcon_distutils_commands:/home/jeff/theimc_robot/install/decision_making_pkg/lib/python3.10/site-packages:${PYTHONPATH} /usr/bin/python3 -W ignore:setup.py install is deprecated -W ignore:easy_install command is deprecated setup.py develop --editable --build-directory /home/jeff/theimc_robot/build/decision_making_pkg/build --no-deps symlink_data
[32.538s] INFO:colcon.colcon_core.shell:Creating environment descriptor '/home/jeff/theimc_robot/build/decision_making_pkg/share/decision_making_pkg/hook/pythonpath_develop.dsv'
[32.539s] INFO:colcon.colcon_core.shell:Creating environment hook '/home/jeff/theimc_robot/build/decision_making_pkg/share/decision_making_pkg/hook/pythonpath_develop.sh'
[32.541s] Level 1:colcon.colcon_core.environment:checking '/home/jeff/theimc_robot/install/decision_making_pkg' for CMake module files
[32.542s] Level 1:colcon.colcon_core.environment:checking '/home/jeff/theimc_robot/install/decision_making_pkg' for CMake config files
[32.543s] Level 1:colcon.colcon_core.environment:checking '/home/jeff/theimc_robot/install/decision_making_pkg/lib'
[32.543s] Level 1:colcon.colcon_core.environment:checking '/home/jeff/theimc_robot/install/decision_making_pkg/bin'
[32.543s] Level 1:colcon.colcon_core.environment:checking '/home/jeff/theimc_robot/install/decision_making_pkg/lib/pkgconfig/decision_making_pkg.pc'
[32.544s] Level 1:colcon.colcon_core.environment:checking '/home/jeff/theimc_robot/install/decision_making_pkg/lib/python3.10/site-packages'
[32.544s] Level 1:colcon.colcon_core.shell:create_environment_hook('decision_making_pkg', 'pythonpath')
[32.544s] INFO:colcon.colcon_core.shell:Creating environment hook '/home/jeff/theimc_robot/install/decision_making_pkg/share/decision_making_pkg/hook/pythonpath.ps1'
[32.545s] INFO:colcon.colcon_core.shell:Creating environment descriptor '/home/jeff/theimc_robot/install/decision_making_pkg/share/decision_making_pkg/hook/pythonpath.dsv'
[32.546s] INFO:colcon.colcon_core.shell:Creating environment hook '/home/jeff/theimc_robot/install/decision_making_pkg/share/decision_making_pkg/hook/pythonpath.sh'
[32.548s] Level 1:colcon.colcon_core.environment:checking '/home/jeff/theimc_robot/install/decision_making_pkg/bin'
[32.548s] Level 1:colcon.colcon_core.environment:create_environment_scripts_only(decision_making_pkg)
[32.549s] INFO:colcon.colcon_core.shell:Creating package script '/home/jeff/theimc_robot/install/decision_making_pkg/share/decision_making_pkg/package.ps1'
[32.551s] INFO:colcon.colcon_core.shell:Creating package descriptor '/home/jeff/theimc_robot/install/decision_making_pkg/share/decision_making_pkg/package.dsv'
[32.552s] INFO:colcon.colcon_core.shell:Creating package script '/home/jeff/theimc_robot/install/decision_making_pkg/share/decision_making_pkg/package.sh'
[32.553s] INFO:colcon.colcon_core.shell:Creating package script '/home/jeff/theimc_robot/install/decision_making_pkg/share/decision_making_pkg/package.bash'
[32.554s] INFO:colcon.colcon_core.shell:Creating package script '/home/jeff/theimc_robot/install/decision_making_pkg/share/decision_making_pkg/package.zsh'
[32.555s] Level 1:colcon.colcon_core.environment:create_file_with_runtime_dependencies(/home/jeff/theimc_robot/install/decision_making_pkg/share/colcon-core/packages/decision_making_pkg)
[36.143s] DEBUG:colcon.colcon_core.event_handler.log_command:Invoked command in '/home/jeff/theimc_robot/build/theimc_navigation2' returned '0': CMAKE_PREFIX_PATH=${CMAKE_PREFIX_PATH}:/home/jeff/theimc_robot/install/theimc_teleop:/home/jeff/theimc_robot/install/theimc_bringup:/home/jeff/theimc_robot/install/localizer_server:/home/jeff/theimc_robot/install/decision_making_pkg:/home/jeff/theimc_robot/install/debug_pkg:/home/jeff/theimc_robot/install/camera_perception_pkg:/opt/ros/humble /usr/bin/cmake --build /home/jeff/theimc_robot/build/theimc_navigation2 -- -j6 -l6
[36.145s] DEBUG:colcon.colcon_core.event_handler.log_command:Invoking command in '/home/jeff/theimc_robot/build/theimc_navigation2': CMAKE_PREFIX_PATH=${CMAKE_PREFIX_PATH}:/home/jeff/theimc_robot/install/theimc_teleop:/home/jeff/theimc_robot/install/theimc_bringup:/home/jeff/theimc_robot/install/localizer_server:/home/jeff/theimc_robot/install/decision_making_pkg:/home/jeff/theimc_robot/install/debug_pkg:/home/jeff/theimc_robot/install/camera_perception_pkg:/opt/ros/humble /usr/bin/cmake --install /home/jeff/theimc_robot/build/theimc_navigation2
[36.199s] Level 1:colcon.colcon_core.environment:create_environment_scripts_only(theimc_navigation2)
[36.200s] Level 1:colcon.colcon_core.environment:checking '/home/jeff/theimc_robot/install/theimc_navigation2' for CMake module files
[36.201s] DEBUG:colcon.colcon_core.event_handler.log_command:Invoked command in '/home/jeff/theimc_robot/build/theimc_navigation2' returned '0': CMAKE_PREFIX_PATH=${CMAKE_PREFIX_PATH}:/home/jeff/theimc_robot/install/theimc_teleop:/home/jeff/theimc_robot/install/theimc_bringup:/home/jeff/theimc_robot/install/localizer_server:/home/jeff/theimc_robot/install/decision_making_pkg:/home/jeff/theimc_robot/install/debug_pkg:/home/jeff/theimc_robot/install/camera_perception_pkg:/opt/ros/humble /usr/bin/cmake --install /home/jeff/theimc_robot/build/theimc_navigation2
[36.202s] Level 1:colcon.colcon_core.environment:checking '/home/jeff/theimc_robot/install/theimc_navigation2' for CMake config files
[36.204s] Level 1:colcon.colcon_core.shell:create_environment_hook('theimc_navigation2', 'cmake_prefix_path')
[36.205s] INFO:colcon.colcon_core.shell:Creating environment hook '/home/jeff/theimc_robot/install/theimc_navigation2/share/theimc_navigation2/hook/cmake_prefix_path.ps1'
[36.207s] INFO:colcon.colcon_core.shell:Creating environment descriptor '/home/jeff/theimc_robot/install/theimc_navigation2/share/theimc_navigation2/hook/cmake_prefix_path.dsv'
[36.207s] INFO:colcon.colcon_core.shell:Creating environment hook '/home/jeff/theimc_robot/install/theimc_navigation2/share/theimc_navigation2/hook/cmake_prefix_path.sh'
[36.209s] Level 1:colcon.colcon_core.environment:checking '/home/jeff/theimc_robot/install/theimc_navigation2/lib'
[36.209s] Level 1:colcon.colcon_core.shell:create_environment_hook('theimc_navigation2', 'ld_library_path_lib')
[36.210s] INFO:colcon.colcon_core.shell:Creating environment hook '/home/jeff/theimc_robot/install/theimc_navigation2/share/theimc_navigation2/hook/ld_library_path_lib.ps1'
[36.211s] INFO:colcon.colcon_core.shell:Creating environment descriptor '/home/jeff/theimc_robot/install/theimc_navigation2/share/theimc_navigation2/hook/ld_library_path_lib.dsv'
[36.212s] INFO:colcon.colcon_core.shell:Creating environment hook '/home/jeff/theimc_robot/install/theimc_navigation2/share/theimc_navigation2/hook/ld_library_path_lib.sh'
[36.212s] Level 1:colcon.colcon_core.environment:checking '/home/jeff/theimc_robot/install/theimc_navigation2/bin'
[36.213s] Level 1:colcon.colcon_core.environment:checking '/home/jeff/theimc_robot/install/theimc_navigation2/lib/pkgconfig/theimc_navigation2.pc'
[36.213s] Level 1:colcon.colcon_core.environment:checking '/home/jeff/theimc_robot/install/theimc_navigation2/lib/python3.10/site-packages'
[36.214s] Level 1:colcon.colcon_core.environment:checking '/home/jeff/theimc_robot/install/theimc_navigation2/bin'
[36.216s] INFO:colcon.colcon_core.shell:Creating package script '/home/jeff/theimc_robot/install/theimc_navigation2/share/theimc_navigation2/package.ps1'
[36.218s] INFO:colcon.colcon_core.shell:Creating package descriptor '/home/jeff/theimc_robot/install/theimc_navigation2/share/theimc_navigation2/package.dsv'
[36.219s] INFO:colcon.colcon_core.shell:Creating package script '/home/jeff/theimc_robot/install/theimc_navigation2/share/theimc_navigation2/package.sh'
[36.220s] INFO:colcon.colcon_core.shell:Creating package script '/home/jeff/theimc_robot/install/theimc_navigation2/share/theimc_navigation2/package.bash'
[36.221s] INFO:colcon.colcon_core.shell:Creating package script '/home/jeff/theimc_robot/install/theimc_navigation2/share/theimc_navigation2/package.zsh'
[36.222s] Level 1:colcon.colcon_core.environment:create_file_with_runtime_dependencies(/home/jeff/theimc_robot/install/theimc_navigation2/share/colcon-core/packages/theimc_navigation2)
[36.224s] Level 1:colcon.colcon_core.environment:create_environment_scripts_only(theimc_navigation2)
[36.224s] Level 1:colcon.colcon_core.environment:checking '/home/jeff/theimc_robot/install/theimc_navigation2' for CMake module files
[36.225s] Level 1:colcon.colcon_core.environment:checking '/home/jeff/theimc_robot/install/theimc_navigation2' for CMake config files
[36.226s] Level 1:colcon.colcon_core.shell:create_environment_hook('theimc_navigation2', 'cmake_prefix_path')
[36.227s] INFO:colcon.colcon_core.shell:Creating environment hook '/home/jeff/theimc_robot/install/theimc_navigation2/share/theimc_navigation2/hook/cmake_prefix_path.ps1'
[36.229s] INFO:colcon.colcon_core.shell:Creating environment descriptor '/home/jeff/theimc_robot/install/theimc_navigation2/share/theimc_navigation2/hook/cmake_prefix_path.dsv'
[36.231s] INFO:colcon.colcon_core.shell:Creating environment hook '/home/jeff/theimc_robot/install/theimc_navigation2/share/theimc_navigation2/hook/cmake_prefix_path.sh'
[36.232s] Level 1:colcon.colcon_core.environment:checking '/home/jeff/theimc_robot/install/theimc_navigation2/lib'
[36.233s] Level 1:colcon.colcon_core.shell:create_environment_hook('theimc_navigation2', 'ld_library_path_lib')
[36.233s] INFO:colcon.colcon_core.shell:Creating environment hook '/home/jeff/theimc_robot/install/theimc_navigation2/share/theimc_navigation2/hook/ld_library_path_lib.ps1'
[36.234s] INFO:colcon.colcon_core.shell:Creating environment descriptor '/home/jeff/theimc_robot/install/theimc_navigation2/share/theimc_navigation2/hook/ld_library_path_lib.dsv'
[36.235s] INFO:colcon.colcon_core.shell:Creating environment hook '/home/jeff/theimc_robot/install/theimc_navigation2/share/theimc_navigation2/hook/ld_library_path_lib.sh'
[36.236s] Level 1:colcon.colcon_core.environment:checking '/home/jeff/theimc_robot/install/theimc_navigation2/bin'
[36.236s] Level 1:colcon.colcon_core.environment:checking '/home/jeff/theimc_robot/install/theimc_navigation2/lib/pkgconfig/theimc_navigation2.pc'
[36.237s] Level 1:colcon.colcon_core.environment:checking '/home/jeff/theimc_robot/install/theimc_navigation2/lib/python3.10/site-packages'
[36.238s] Level 1:colcon.colcon_core.environment:checking '/home/jeff/theimc_robot/install/theimc_navigation2/bin'
[36.239s] INFO:colcon.colcon_core.shell:Creating package script '/home/jeff/theimc_robot/install/theimc_navigation2/share/theimc_navigation2/package.ps1'
[36.242s] INFO:colcon.colcon_core.shell:Creating package descriptor '/home/jeff/theimc_robot/install/theimc_navigation2/share/theimc_navigation2/package.dsv'
[36.243s] INFO:colcon.colcon_core.shell:Creating package script '/home/jeff/theimc_robot/install/theimc_navigation2/share/theimc_navigation2/package.sh'
[36.244s] INFO:colcon.colcon_core.shell:Creating package script '/home/jeff/theimc_robot/install/theimc_navigation2/share/theimc_navigation2/package.bash'
[36.245s] INFO:colcon.colcon_core.shell:Creating package script '/home/jeff/theimc_robot/install/theimc_navigation2/share/theimc_navigation2/package.zsh'
[36.246s] Level 1:colcon.colcon_core.environment:create_file_with_runtime_dependencies(/home/jeff/theimc_robot/install/theimc_navigation2/share/colcon-core/packages/theimc_navigation2)
[36.247s] INFO:colcon.colcon_ros.task.ament_cmake.build:Building ROS package in '/home/jeff/theimc_robot/src/theimc_bt_nodes' with build type 'ament_cmake'
[36.247s] INFO:colcon.colcon_cmake.task.cmake.build:Building CMake package in '/home/jeff/theimc_robot/src/theimc_bt_nodes'
[36.248s] INFO:colcon.colcon_core.shell:Skip shell extension 'powershell' for command environment: Not usable outside of PowerShell
[36.248s] DEBUG:colcon.colcon_core.shell:Skip shell extension 'dsv' for command environment
[36.278s] DEBUG:colcon.colcon_core.event_handler.log_command:Invoking command in '/home/jeff/theimc_robot/build/theimc_bt_nodes': CMAKE_PREFIX_PATH=/home/jeff/theimc_robot/install/theimc_navigation2:/home/jeff/theimc_robot/install/interfaces_pkg:/home/jeff/theimc_robot/install/theimc_bt_nodes:/home/jeff/theimc_robot/install/theimc_description:/home/jeff/theimc_robot/install/sllidar_ros2:/home/jeff/theimc_robot/install/theimc_teleop:/home/jeff/theimc_robot/install/theimc_bringup:/home/jeff/theimc_robot/install/localizer_server:/home/jeff/theimc_robot/install/decision_making_pkg:/home/jeff/theimc_robot/install/debug_pkg:/home/jeff/theimc_robot/install/camera_perception_pkg:/opt/ros/humble LD_LIBRARY_PATH=/home/jeff/theimc_robot/install/theimc_navigation2/lib:/home/jeff/theimc_robot/install/interfaces_pkg/lib:/home/jeff/theimc_robot/install/theimc_bt_nodes/lib:/opt/ros/humble/opt/rviz_ogre_vendor/lib:/opt/ros/humble/lib/aarch64-linux-gnu:/opt/ros/humble/lib /usr/bin/cmake --build /home/jeff/theimc_robot/build/theimc_bt_nodes -- -j6 -l6
[98.046s] DEBUG:colcon.colcon_core.event_handler.log_command:Invoked command in '/home/jeff/theimc_robot/build/theimc_bt_nodes' returned '0': CMAKE_PREFIX_PATH=/home/jeff/theimc_robot/install/theimc_navigation2:/home/jeff/theimc_robot/install/interfaces_pkg:/home/jeff/theimc_robot/install/theimc_bt_nodes:/home/jeff/theimc_robot/install/theimc_description:/home/jeff/theimc_robot/install/sllidar_ros2:/home/jeff/theimc_robot/install/theimc_teleop:/home/jeff/theimc_robot/install/theimc_bringup:/home/jeff/theimc_robot/install/localizer_server:/home/jeff/theimc_robot/install/decision_making_pkg:/home/jeff/theimc_robot/install/debug_pkg:/home/jeff/theimc_robot/install/camera_perception_pkg:/opt/ros/humble LD_LIBRARY_PATH=/home/jeff/theimc_robot/install/theimc_navigation2/lib:/home/jeff/theimc_robot/install/interfaces_pkg/lib:/home/jeff/theimc_robot/install/theimc_bt_nodes/lib:/opt/ros/humble/opt/rviz_ogre_vendor/lib:/opt/ros/humble/lib/aarch64-linux-gnu:/opt/ros/humble/lib /usr/bin/cmake --build /home/jeff/theimc_robot/build/theimc_bt_nodes -- -j6 -l6
[98.051s] DEBUG:colcon.colcon_core.event_handler.log_command:Invoking command in '/home/jeff/theimc_robot/build/theimc_bt_nodes': CMAKE_PREFIX_PATH=/home/jeff/theimc_robot/install/theimc_navigation2:/home/jeff/theimc_robot/install/interfaces_pkg:/home/jeff/theimc_robot/install/theimc_bt_nodes:/home/jeff/theimc_robot/install/theimc_description:/home/jeff/theimc_robot/install/sllidar_ros2:/home/jeff/theimc_robot/install/theimc_teleop:/home/jeff/theimc_robot/install/theimc_bringup:/home/jeff/theimc_robot/install/localizer_server:/home/jeff/theimc_robot/install/decision_making_pkg:/home/jeff/theimc_robot/install/debug_pkg:/home/jeff/theimc_robot/install/camera_perception_pkg:/opt/ros/humble LD_LIBRARY_PATH=/home/jeff/theimc_robot/install/theimc_navigation2/lib:/home/jeff/theimc_robot/install/interfaces_pkg/lib:/home/jeff/theimc_robot/install/theimc_bt_nodes/lib:/opt/ros/humble/opt/rviz_ogre_vendor/lib:/opt/ros/humble/lib/aarch64-linux-gnu:/opt/ros/humble/lib /usr/bin/cmake --install /home/jeff/theimc_robot/build/theimc_bt_nodes
[98.133s] Level 1:colcon.colcon_core.environment:create_environment_scripts_only(theimc_bt_nodes)
[98.134s] Level 1:colcon.colcon_core.environment:checking '/home/jeff/theimc_robot/install/theimc_bt_nodes' for CMake module files
[98.135s] DEBUG:colcon.colcon_core.event_handler.log_command:Invoked command in '/home/jeff/theimc_robot/build/theimc_bt_nodes' returned '0': CMAKE_PREFIX_PATH=/home/jeff/theimc_robot/install/theimc_navigation2:/home/jeff/theimc_robot/install/interfaces_pkg:/home/jeff/theimc_robot/install/theimc_bt_nodes:/home/jeff/theimc_robot/install/theimc_description:/home/jeff/theimc_robot/install/sllidar_ros2:/home/jeff/theimc_robot/install/theimc_teleop:/home/jeff/theimc_robot/install/theimc_bringup:/home/jeff/theimc_robot/install/localizer_server:/home/jeff/theimc_robot/install/decision_making_pkg:/home/jeff/theimc_robot/install/debug_pkg:/home/jeff/theimc_robot/install/camera_perception_pkg:/opt/ros/humble LD_LIBRARY_PATH=/home/jeff/theimc_robot/install/theimc_navigation2/lib:/home/jeff/theimc_robot/install/interfaces_pkg/lib:/home/jeff/theimc_robot/install/theimc_bt_nodes/lib:/opt/ros/humble/opt/rviz_ogre_vendor/lib:/opt/ros/humble/lib/aarch64-linux-gnu:/opt/ros/humble/lib /usr/bin/cmake --install /home/jeff/theimc_robot/build/theimc_bt_nodes
[98.137s] Level 1:colcon.colcon_core.environment:checking '/home/jeff/theimc_robot/install/theimc_bt_nodes' for CMake config files
[98.139s] Level 1:colcon.colcon_core.shell:create_environment_hook('theimc_bt_nodes', 'cmake_prefix_path')
[98.140s] INFO:colcon.colcon_core.shell:Creating environment hook '/home/jeff/theimc_robot/install/theimc_bt_nodes/share/theimc_bt_nodes/hook/cmake_prefix_path.ps1'
[98.142s] INFO:colcon.colcon_core.shell:Creating environment descriptor '/home/jeff/theimc_robot/install/theimc_bt_nodes/share/theimc_bt_nodes/hook/cmake_prefix_path.dsv'
[98.142s] INFO:colcon.colcon_core.shell:Creating environment hook '/home/jeff/theimc_robot/install/theimc_bt_nodes/share/theimc_bt_nodes/hook/cmake_prefix_path.sh'
[98.144s] Level 1:colcon.colcon_core.environment:checking '/home/jeff/theimc_robot/install/theimc_bt_nodes/lib'
[98.145s] Level 1:colcon.colcon_core.shell:create_environment_hook('theimc_bt_nodes', 'ld_library_path_lib')
[98.145s] INFO:colcon.colcon_core.shell:Creating environment hook '/home/jeff/theimc_robot/install/theimc_bt_nodes/share/theimc_bt_nodes/hook/ld_library_path_lib.ps1'
[98.147s] INFO:colcon.colcon_core.shell:Creating environment descriptor '/home/jeff/theimc_robot/install/theimc_bt_nodes/share/theimc_bt_nodes/hook/ld_library_path_lib.dsv'
[98.148s] INFO:colcon.colcon_core.shell:Creating environment hook '/home/jeff/theimc_robot/install/theimc_bt_nodes/share/theimc_bt_nodes/hook/ld_library_path_lib.sh'
[98.148s] Level 1:colcon.colcon_core.environment:checking '/home/jeff/theimc_robot/install/theimc_bt_nodes/bin'
[98.149s] Level 1:colcon.colcon_core.environment:checking '/home/jeff/theimc_robot/install/theimc_bt_nodes/lib/pkgconfig/theimc_bt_nodes.pc'
[98.149s] Level 1:colcon.colcon_core.environment:checking '/home/jeff/theimc_robot/install/theimc_bt_nodes/lib/python3.10/site-packages'
[98.150s] Level 1:colcon.colcon_core.environment:checking '/home/jeff/theimc_robot/install/theimc_bt_nodes/bin'
[98.150s] INFO:colcon.colcon_core.shell:Creating package script '/home/jeff/theimc_robot/install/theimc_bt_nodes/share/theimc_bt_nodes/package.ps1'
[98.152s] INFO:colcon.colcon_core.shell:Creating package descriptor '/home/jeff/theimc_robot/install/theimc_bt_nodes/share/theimc_bt_nodes/package.dsv'
[98.153s] INFO:colcon.colcon_core.shell:Creating package script '/home/jeff/theimc_robot/install/theimc_bt_nodes/share/theimc_bt_nodes/package.sh'
[98.155s] INFO:colcon.colcon_core.shell:Creating package script '/home/jeff/theimc_robot/install/theimc_bt_nodes/share/theimc_bt_nodes/package.bash'
[98.156s] INFO:colcon.colcon_core.shell:Creating package script '/home/jeff/theimc_robot/install/theimc_bt_nodes/share/theimc_bt_nodes/package.zsh'
[98.157s] Level 1:colcon.colcon_core.environment:create_file_with_runtime_dependencies(/home/jeff/theimc_robot/install/theimc_bt_nodes/share/colcon-core/packages/theimc_bt_nodes)
[98.158s] Level 1:colcon.colcon_core.environment:create_environment_scripts_only(theimc_bt_nodes)
[98.159s] Level 1:colcon.colcon_core.environment:checking '/home/jeff/theimc_robot/install/theimc_bt_nodes' for CMake module files
[98.160s] Level 1:colcon.colcon_core.environment:checking '/home/jeff/theimc_robot/install/theimc_bt_nodes' for CMake config files
[98.161s] Level 1:colcon.colcon_core.shell:create_environment_hook('theimc_bt_nodes', 'cmake_prefix_path')
[98.162s] INFO:colcon.colcon_core.shell:Creating environment hook '/home/jeff/theimc_robot/install/theimc_bt_nodes/share/theimc_bt_nodes/hook/cmake_prefix_path.ps1'
[98.163s] INFO:colcon.colcon_core.shell:Creating environment descriptor '/home/jeff/theimc_robot/install/theimc_bt_nodes/share/theimc_bt_nodes/hook/cmake_prefix_path.dsv'
[98.164s] INFO:colcon.colcon_core.shell:Creating environment hook '/home/jeff/theimc_robot/install/theimc_bt_nodes/share/theimc_bt_nodes/hook/cmake_prefix_path.sh'
[98.166s] Level 1:colcon.colcon_core.environment:checking '/home/jeff/theimc_robot/install/theimc_bt_nodes/lib'
[98.166s] Level 1:colcon.colcon_core.shell:create_environment_hook('theimc_bt_nodes', 'ld_library_path_lib')
[98.167s] INFO:colcon.colcon_core.shell:Creating environment hook '/home/jeff/theimc_robot/install/theimc_bt_nodes/share/theimc_bt_nodes/hook/ld_library_path_lib.ps1'
[98.168s] INFO:colcon.colcon_core.shell:Creating environment descriptor '/home/jeff/theimc_robot/install/theimc_bt_nodes/share/theimc_bt_nodes/hook/ld_library_path_lib.dsv'
[98.170s] INFO:colcon.colcon_core.shell:Creating environment hook '/home/jeff/theimc_robot/install/theimc_bt_nodes/share/theimc_bt_nodes/hook/ld_library_path_lib.sh'
[98.171s] Level 1:colcon.colcon_core.environment:checking '/home/jeff/theimc_robot/install/theimc_bt_nodes/bin'
[98.171s] Level 1:colcon.colcon_core.environment:checking '/home/jeff/theimc_robot/install/theimc_bt_nodes/lib/pkgconfig/theimc_bt_nodes.pc'
[98.171s] Level 1:colcon.colcon_core.environment:checking '/home/jeff/theimc_robot/install/theimc_bt_nodes/lib/python3.10/site-packages'
[98.172s] Level 1:colcon.colcon_core.environment:checking '/home/jeff/theimc_robot/install/theimc_bt_nodes/bin'
[98.173s] INFO:colcon.colcon_core.shell:Creating package script '/home/jeff/theimc_robot/install/theimc_bt_nodes/share/theimc_bt_nodes/package.ps1'
[98.175s] INFO:colcon.colcon_core.shell:Creating package descriptor '/home/jeff/theimc_robot/install/theimc_bt_nodes/share/theimc_bt_nodes/package.dsv'
[98.176s] INFO:colcon.colcon_core.shell:Creating package script '/home/jeff/theimc_robot/install/theimc_bt_nodes/share/theimc_bt_nodes/package.sh'
[98.177s] INFO:colcon.colcon_core.shell:Creating package script '/home/jeff/theimc_robot/install/theimc_bt_nodes/share/theimc_bt_nodes/package.bash'
[98.178s] INFO:colcon.colcon_core.shell:Creating package script '/home/jeff/theimc_robot/install/theimc_bt_nodes/share/theimc_bt_nodes/package.zsh'
[98.179s] Level 1:colcon.colcon_core.environment:create_file_with_runtime_dependencies(/home/jeff/theimc_robot/install/theimc_bt_nodes/share/colcon-core/packages/theimc_bt_nodes)
[98.180s] DEBUG:colcon.colcon_parallel_executor.executor.parallel:closing loop
[98.180s] DEBUG:colcon.colcon_parallel_executor.executor.parallel:loop closed
[98.181s] DEBUG:colcon.colcon_parallel_executor.executor.parallel:run_until_complete finished with '0'
[98.181s] DEBUG:colcon.colcon_core.event_reactor:joining thread
[98.183s] DEBUG:colcon.colcon_core.event_reactor:joined thread
[98.183s] INFO:colcon.colcon_core.shell:Creating prefix script '/home/jeff/theimc_robot/install/local_setup.ps1'
[98.186s] INFO:colcon.colcon_core.shell:Creating prefix util module '/home/jeff/theimc_robot/install/_local_setup_util_ps1.py'
[98.190s] INFO:colcon.colcon_core.shell:Creating prefix chain script '/home/jeff/theimc_robot/install/setup.ps1'
[98.194s] INFO:colcon.colcon_core.shell:Creating prefix script '/home/jeff/theimc_robot/install/local_setup.sh'
[98.195s] INFO:colcon.colcon_core.shell:Creating prefix util module '/home/jeff/theimc_robot/install/_local_setup_util_sh.py'
[98.196s] INFO:colcon.colcon_core.shell:Creating prefix chain script '/home/jeff/theimc_robot/install/setup.sh'
[98.199s] INFO:colcon.colcon_core.shell:Creating prefix script '/home/jeff/theimc_robot/install/local_setup.bash'
[98.200s] INFO:colcon.colcon_core.shell:Creating prefix chain script '/home/jeff/theimc_robot/install/setup.bash'
[98.204s] INFO:colcon.colcon_core.shell:Creating prefix script '/home/jeff/theimc_robot/install/local_setup.zsh'
[98.205s] INFO:colcon.colcon_core.shell:Creating prefix chain script '/home/jeff/theimc_robot/install/setup.zsh'
